2000 3882 0
-2.4491398473706454 -0.039144082353769316 0
-2.4471288968345455 0.14610157462260032 0
-2.4277647326800453 0.30882683723819837 0
-2.4260472040754912 -0.2444393054846632 0
-2.397681387115514 0.4492343749470105 0
-2.3702106052471166 -0.4636517665947311 0
-2.3619377905030148 0.5691166708465937 0
-2.3240566875467072 0.6709967491440247 0
-2.2928574674830062 -0.022798570390330092 0
-2.2900010298882054 0.14462121872466197 0
-2.2862922904761285 0.7575687170942338 0
-2.2761211345939243 -0.6867027360392801 0
-2.273196726790152 -0.20799634157754648 0
-2.2715254326052836 0.292074549727533 0
-2.2499506113305965 0.8313901855306223 0
-2.243337847452189 0.4197482801074599 0
-2.224220177834607 -0.4055298849269453 0
-2.2156762820815077 0.8947462127316026 0
-2.2099466647620596 0.5292411680825096 0
-2.1836773094367525 0.9496145749482634 0
-2.1744959128020853 0.6227999371905378 0
-2.1538878677335607 0.9976835720749118 0
-2.1426951224800517 -0.9006490131029168 0
-2.141025511247836 -0.606449819722032 0
-2.139002982467826 0.7028218653936411 0
-2.136575087595367 -0.006453058426890881 0
-2.1328731629418654 0.14314086282672364 0
-2.126079945428738 1.040392718195941 0
-2.120346249504813 -0.17155337767042977 0
-2.115286132530522 0.2753222622168676 0
-2.104643164348978 0.7715812909046933 0
-2.0999364645630956 1.0789801039339602 0
-2.0889943077888633 0.3902621852679093 0
-2.0782297504220972 -0.3474080032591595 0
-2.0750967505722 1.114528513884431 0
-2.0720043869253404 0.8311086093282163 0
-2.0579555390211044 0.48936566531842557 0
-2.0511825680417286 1.1480070610478803 0
-2.041286778687217 0.8831593661414519 0
-2.027810423468025 1.18030752060604 0
-2.0249351380574634 0.5746031252370509 0
-2.022645755299032 -0.7992611071963044 0
-2.0124471495825573 0.9292300749135551 0
-2.0059298879017478 -0.5261969034047842 0
-2.004593780554417 1.2122756509325172 0
-1.9917136744595227 0.6480750136930484 0
-1.9852980091150805 0.9705944056628377 0
-1.9811372342016567 1.244738153506021 0
-1.9802927077077275 0.009892453536548315 0
-1.975745295995525 0.1416605069287853 0
-1.9747419710103862 -1.092286444685772 0
-1.9674957722194737 -0.13511041376331312 0
-1.9595723418522644 1.0083453314751347 0
-1.9593357173673593 0.7117723962787643 0
-1.9590468324557606 0.25856997470620224 0
-1.9570234398608028 1.2785258538258382 0
-1.9349638125937823 1.043436195605813 0
-1.9346507681255387 0.3607760904283587 0
-1.9322393230095876 -0.28928612159137373 0
-1.9317925773629674 1.3144933130635947 0
-1.9283324917691735 0.76747100592483 0
-1.9111497073147126 1.07671781963447 0
-1.905964413280149 0.4494901625543416 0
-1.9049132529813269 1.3535344107223712 0
-1.9025963881180126 -0.6978732012896919 0
-1.8988962479376812 0.8167041573346403 0
-1.887801680684667 1.108970924325345 0
-1.875742975596413 1.396592376695743 0
-1.8753743633128412 0.5264063132835641 0
-1.873354065103774 -0.9722370775047523 0
-1.8710064314315542 0.8607765777521986 0
-1.8708342645556595 -0.4459439870875364 0
-1.864587553606814 1.1409341171629972 0
-1.8445160728014234 0.9007960931297346 0
-1.84442436645122 0.5933281619924559 0
-1.8434757421170966 1.4446611054265772 0
-1.8411659822898823 1.1733280235317518 0
-1.8240103278200883 0.02623796549998751 0
-1.8192082191414332 0.9377105590163088 0
-1.8186174290491848 0.14018015103084694 0
-1.817174709398663 1.2068760763466362 0
-1.8146452949341347 -0.09866744985619647 0
-1.8140282703857409 0.6519635016528355 0
-1.8070740634911178 1.4987720703710992 0
-1.8028075323809991 0.24181768719553687 0
-1.7948308746153647 0.9723438773271951 0
-1.7922122029882512 1.2423221476711372 0
-1.786248895597078 -0.23116423992358798 0
-1.7846605966130062 0.7038334025214438 0
-1.7825470209369931 -0.5964852953830796 0
-1.7825367713343625 -1.2514341209307445 0
-1.7803072284622137 0.3312899955888081 0
-1.7719661591971616 -0.8521877103237326 0
-1.7711168465876965 1.0054285782210597 0
-1.7658117104498843 1.2804446105443392 0
-1.7651834947378893 1.5599574286909998 0
-1.7565057171881455 0.7502489485278288 0
-1.7539732875391938 0.4096146597902576 0
-1.747792937901309 1.0376343280446498 0
-1.7374060717252942 1.322065475163181 0
-1.7357386412095712 -0.3656910707702886 0
-1.729565713280551 0.7923230805908421 0
-1.725813588568219 0.4782095013300772 0
-1.7245813266592105 1.0695925833934767 0
-1.7160304772779686 1.6291746981301758 0
-1.7062811016473356 1.3680517805955594 0
-1.7037341364877663 0.8309977805966315 0
-1.7022838550171144 -1.1163384975846562 0
-1.701194730378108 1.101917893557483 0
-1.6971350584429175 0.5385813102918633 0
-1.678844096430602 0.8670757865574832 0
-1.6773259789365234 1.1352262988674342 0
-1.671515169652283 1.4193041880167612 0
-1.6705782532905493 -0.732138343142713 0
-1.6687208234041226 0.5921546070269066 0
-1.667727947932449 0.042583477463426736 0
-1.6624976537559735 -0.49509738947646725 0
-1.6617948176487956 -0.062224485949079755 0
-1.6614895621028447 0.13869979513290862 0
-1.6573109804158723 1.7071719127692462 0
-1.6546979366369472 0.9012515590485772 0
-1.6526318286135349 1.1701509822786798 0
-1.6465682323062376 0.2250653996848715 0
-1.6409887014568394 0.6401957991180576 0
-1.6402584681845682 -0.17304235825580216 0
-1.6319032554172104 1.4767244074114987 0
-1.6310839858606805 0.9341393368076496 0
-1.6267101679184415 1.2073548103663074 0
-1.6259636887988886 0.30180390074925745 0
-1.6220309386998664 -0.981242874238568 0
-1.6141151864386103 0.6837937397210173 0
-1.6077841951179512 0.966297731763955 0
-1.6019821617982384 0.36973915702617355 0
-1.600643017863483 -0.28543815445304066 0
-1.5990691678541755 1.2475385736306186 0
-1.5881249951295482 0.7238695834294856 0
-1.5860910310148024 1.7942660458286066 0
-1.5858661983894708 1.5411484604159087 0
-1.5845750997116075 0.9982510496239566 0
-1.5793936935446031 -1.3733590151279271 0
-1.5762528138235972 0.4300126893765903 0
-1.569190347383937 -0.6120889759616933 0
-1.5690864611775748 1.2914424557645416 0
-1.5629522001741094 0.7611994680635286 0
-1.561223478466334 1.0305077635832138 0
-1.5498457504346146 0.48383445859127056 0
-1.5424482865749538 -0.39370948356985486 0
-1.5417780223826183 -0.8461472508924799 0
-1.538479973719771 0.7964410140986575 0
-1.5374772484743837 1.0635765213882322 0
-1.5359562758134482 1.339836305662423 0
-1.531351795255219 1.6132270262753257 0
-1.523413376422504 0.5323457124009776 0
-1.5212718118768174 -1.2273685877154175 0
-1.5145649986585294 0.8301592407699594 0
-1.513051454238819 1.0979798168862223 0
-1.5114455680448096 0.05892898942686594 0
-1.5089443403634566 -0.025781522041963073 0
-1.5043616951565044 0.13721943923497026 0
-1.4987643785882978 1.8900065713250043 0
-1.498623016096531 1.3934913861319975 0
-1.497316806300672 0.5765581957146713 0
-1.4942680407720585 -0.11492047658801637 0
-1.4910511251336644 0.8628500953942393 0
-1.4903289322314761 0.20831311217420612 0
-1.487608625386999 1.1342650101882756 0
-1.4717246556890746 0.6173385309142058 0
-1.4716201491355636 0.2723178059097069 0
-1.4678024414773247 -0.4920396087806736 0
-1.4677754523345934 0.8949611354832601 0
-1.4657464897995691 1.6932286793527012 0
-1.4655473945173947 -0.2051852381357928 0
-1.4631499302090312 -1.0813781603029078 0
-1.4615251060653702 -0.7110516275463917 0
-1.4607322639830569 1.1730116720980566 0
-1.4557019195009726 1.4531222227016416 0
-1.4499910360572832 0.3298636542620895 0
-1.4466842769785448 0.655416086268129 0
-1.4445688727640045 0.9269095158544365 0
-1.4318918207078137 1.214833130933524 0
-1.426692039078975 0.38181587742310347 0
-1.4223989193939344 -0.29232157766324246 0
-1.422170263860452 0.6914011555304254 0
-1.42125222655456 0.959097633608945 0
-1.4053926100945655 1.5192821397814051 0
-1.4050280485412454 -0.9353877328903984 0
-1.4025564424263117 0.42908760689067793 0
-1.4003973819746136 1.260368423308085 0
-1.3981158510089398 0.7258062416398319 0
-1.3976285180122443 0.9919267439090302 0
-1.391149039753537 1.9927110516386266 0
-1.3858378731534768 1.7807410122728915 0
-1.3812721897481222 -0.5759560042003035 0
-1.378379583671491 -1.459201665247438 0
-1.3781059294408853 0.47253681777504863 0
-1.3744320606801117 0.7590669224913413 0
-1.3734710798641028 1.0258086514937648 0
-1.3664145355707125 -0.37199024159965394 0
-1.3653427767758521 1.3102583648524964 0
-1.3560938630781174 0.01066144186515361 0
-1.3551631881571704 0.07527450139030514 0
-1.3536449111445048 0.512920592311285 0
-1.3510182644066484 0.791560853980829 0
-1.3485070828555563 1.0611752100102436 0
-1.3482776133595489 -0.056798594920230566 0
-1.3472338282101641 0.1357390833370319 0
-1.3469061668734594 -0.7893973054778889 0
-1.3454019485843363 1.5921913128767957 0
-1.341936619764374 -1.3063511879620988 0
-1.3340896321567146 0.19156082466354074 0
-1.3304517711713064 -0.12493232181854494 0
-1.329334124939539 0.5508833221073942 0
-1.327766709551235 0.823624539202565 0
-1.3255376406124744 1.3650959849873745 0
-1.3223953601119383 1.0984847705654945 0
-1.3172766094722386 0.24283171107015628 0
-1.3054936558572572 -1.1535007106767599 0
-1.305243558827542 0.5869625891067725 0
-1.304562645816401 0.8555679820849162 0
-1.3023495522129147 -0.19093367175663004 0
-1.301019273430874 -0.44086038085421525 0
-1.2979999103163278 0.2899881514980055 0
-1.294697180238053 1.1382238061025063 0
-1.2887842852056735 -0.6434068780653792 0
-1.2879006535781519 1.8742579859253663 0
-1.2813883275467948 0.6216028429973222 0
-1.2812809746427853 0.8876875036346759 0
-1.279433424933912 1.4253372532874846 0
-1.2771312643343529 0.3336190654696166 0
-1.2729113677186557 1.6714754532207787 0
-1.2690506919501403 -1.000650233391421 0
-1.2650266296641002 -0.2519408744186343 0
-1.264838488135779 1.180900540953747 0
-1.2588462206707356 2.0989089010252275 0
-1.2577797875501044 0.920276966429828 0
-1.2577517282981086 0.6551714691810062 0
-1.255267134418009 0.37434075519008525 0
-1.2342991227016942 0.6879746042127235 0
-1.2338907054893866 0.9536374861013074 0
-1.2327984824592668 0.41272792314911966 0
-1.2326077280430234 -0.847799756106082 0
-1.2320625374551732 1.2270253435729952 0
-1.2306624035378875 -0.4974164506528696 0
-1.225057407369103 1.4911539464008903 0
-1.220766357113626 -0.30576475750812704 0
-1.2109854036796324 0.7202716125674187 0
-1.2099730159883377 0.44928298890789875 0
-1.2094055403241137 0.9880854098322118 0
-1.2032433857927782 0.04710440577227029 0
-1.2022871859470392 0.001323286747555226 0
-1.198880808269531 0.09162001335374435 0
-1.1961647641359066 -0.6949492788207429 0
-1.1953733617239766 1.2770697472731076 0
-1.1953561478252182 -0.04467940550129708 0
-1.190105961263824 0.1342587274390936 0
-1.1897080360528431 -1.514506944305938 0
-1.1877579667678773 0.75228794292187 0
-1.1869435941900033 0.4844281133005827 0
-1.1846522674027669 1.755804920212106 0
-1.1840584562408194 1.0239578690329323 0
-1.1823001850318953 -0.08954576585001764 0
-1.177850332081953 0.17480853715287537 0
-1.1733625240894041 -1.3582245644182986 0
-1.1725405218701015 -0.35142602324036 0
-1.1680158698697758 1.9706856371529256 0
-1.164556418868798 0.784226448315396 0
-1.1638028406765386 0.5185090919454158 0
-1.163638723757488 -0.13189150723761459 0
-1.1629330698089135 0.21334561623060566 0
-1.159984862283835 1.5622098941686664 0
-1.1597218002287897 -0.5420988015354039 0
-1.1575025397682919 1.0616144812714885 0
-1.1570170121259649 -1.201942184530659 0
-1.1534742397732587 1.331392366793564 0
-1.1460087845753726 0.25011264873392147 0
-1.1413097227310112 0.8162773736604069 0
-1.1406715001625258 -1.0456598046430199 0
-1.1406063912331377 0.5518045304642191 0
-1.140513440796378 -0.17066913416203883 0
-1.1292795942969445 1.1014326585994088 0
-1.127570489589731 0.2854222535161297 0
-1.1243259881990868 -0.8893774247553806 0
-1.123278836321673 -0.38924832425006484 0
-1.1179310570879646 0.848627188950626 0
-1.1173876055872776 0.5845366967221806 0
-1.1144186402023155 -0.20543559582785043 0
-1.1079804762356478 -0.7330950448677412 0
-1.1079778264097064 0.3195939034894926 0
-1.10471286615387 1.3901165799249848 0
-1.0987822981344944 1.143792322293494 0
-1.0980030384771848 2.2028332128213046 0
-1.0943103311146705 0.88146632070885 0
-1.0941661847232764 0.6168822859341057 0
-1.0916349642722087 -0.5768126649801019 0
-1.0874910354776484 0.3529190285231907 0
-1.0868358724145561 -0.2363978469647258 0
-1.0814038812273818 1.6373518544988461 0
-1.077185519068816 1.8424623732806236 0
-1.0752894523087695 -0.4205302850924625 0
-1.0709525429526163 0.6489823711540084 0
-1.0703039977926712 0.9149956096541798 0
-1.0663011208321707 0.3856453855045125 0
-1.0652090828354783 1.1890435095588405 0
-1.0622508178508756 -0.0118421400565949 0
-1.0622508178508756 0.011842140056594752 0
-1.0602605244791299 -0.0355735108159506 0
-1.0602605244791299 0.03557351081595078 0
-1.0589439403453305 -0.2642479052048231 0
-1.0562967585345295 -0.059445168415340824 0
-1.0562967585345295 0.05944516841534102 0
-1.0503929085074393 -0.08354736967938678 0
-1.0503929085074393 0.08354736967938697 0
-1.0477492239845194 0.680951346641175 0
-1.047058356849014 1.4529443351165536 0
-1.0457215523697008 0.9494309675003701 0
-1.0445530634404678 0.4179729044937712 0
-1.0425984283818917 0.10796552531718356 0
-1.0425984283818914 -0.1079655253171837 0
-1.0329780943174838 0.13277837154115524 0
-1.0329780943174836 -0.1327783715411554 0
-1.0314977384195452 -0.28990623848749564 0
-1.0300173825216068 -0.4470341054338359 0
-1.0285370266236682 -0.6041619723801761 0
-1.0275150546126053 1.2374474802996436 0
-1.0270566707257298 -0.7612898393265164 0
-1.0255763148277914 -0.9184177062728567 0
-1.0245501919211948 0.7128849145458758 0
-1.024095958929853 -1.075545573219197 0
-1.022749053175908 2.0648904865869486 0
-1.0226156030319145 -1.2326734401655373 0
-1.0223621225255357 0.4500555947840593 0
-1.0216110320071916 -0.15805624964220982 0
-1.0216110320071916 0.15805624964221 0
-1.021135247133976 -1.3898013071118775 0
-1.020307899298531 0.9850051564404707 0
-1.0196548912360377 -1.5469291740582178 0
-1.0085895301455887 -0.18385952139105483 0
-1.0085895301455885 0.18385952139105505 0
-1.0048587444965265 -0.31429554971697127 0
-1.001338470819237 0.7448672436861379 0
-0.9998244549194806 0.482006217931116 0
-0.9940176588344174 -0.21023714596983725 0
-0.9940176588344173 0.21023714596983745 0
-0.9937207004581097 1.0219647762450708 0
-0.9881064569858611 -0.4705348497917327 0
-0.9863551682678565 1.7142391094083218 0
-0.9843683249386368 1.2890792134490794 0
-0.9791034353060382 -0.33820306105437986 0
-0.9781554950519971 1.5188987887855858 0
-0.978082326625825 0.7769774114714241 0
-0.978009714845109 -0.23722544156264266 0
-0.9780097148451088 0.23722544156264286 0
-0.9770234828764464 0.5139019242633549 0
-0.9713541694751958 -0.6267741498664942 0
-0.9655020588138155 1.0605593010139929 0
-0.9606885184014036 0.2648470517889 0
-0.9606885184014035 -0.26484705178890017 0
-0.9547299567399542 0.8092951553163925 0
-0.9546018819645306 -0.7830134499412555 0
-0.9541421560703334 -0.3622282717107926 0
-0.9540332467448587 0.5457899676554877 0
-0.9496173404664877 -0.4925466007177049 0
-0.9474950678746311 1.9269477603525922 0
-0.9421835884960301 -0.29311013389726154 0
-0.9421835884960299 0.29311013389726176 0
-0.9378495944538654 -0.939252750016017 0
-0.9350448039469803 1.1010172718445734 0
-0.934131851414193 1.343678776064441 0
-0.9312024552612286 0.841905809476148 0
-0.9309196822256002 0.5776931297405982 0
-0.9298129028916222 -0.38678621630726473 0
-0.9226292256760037 -0.32200778210112596 0
-0.9226292256760035 0.32200778210112624 0
-0.9210973069432001 -1.0954920500907785 0
-0.9201312456269372 -0.6468901403810299 0
-0.9142666533062495 -0.5142193974517479 0
-0.9077404812011614 0.60961475036048 0
-0.907384648498582 0.874904065967808 0
-0.9065512603429742 2.2962553922624016 0
-0.9059416667008108 -0.4121363597972029 0
-0.9043450194325349 -1.2517313501655398 0
-0.9021625326909323 -0.35151769568695945 0
-0.9021625326909323 0.3515176956869597 0
-0.901555869451952 1.143502593805723 0
-0.895524817466897 1.58601584553602 0
-0.8906451507873867 -0.8012336800443549 0
-0.8875927319218696 -1.4079706502403013 0
-0.8845439649735916 0.6415433807763555 0
-0.88311325882877 0.908395831609453 0
-0.8823746938701013 -0.43841758087888005 0
-0.8816160909381354 -0.5363469910518868 0
-0.8809214043745326 -0.38160209762270253 0
-0.8809214043745325 0.38160209762270275 0
-0.8749071088766118 1.4004457230723257 0
-0.8743911505421655 -0.6662105231927032 0
-0.8722410825733544 1.7890050341182357 0
-0.8708404444112043 -1.5642099503150628 0
-0.8640237837234037 1.188041846973174 0
-0.8613672189074628 0.6734571137118689 0
-0.8611590559478361 -0.95557721970768 0
-0.8590425186058235 0.4122079053980129 0
-0.8590425186058233 -0.41220790539801305 0
-0.8589916222726175 -0.4656796772572931 0
-0.8581618066192751 0.9424968938907327 0
-0.8511948150002181 -0.5594256678055056 0
-0.8502515285316994 2.149552637609771 0
-0.8382335961636853 0.705327633992222 0
-0.8366593601656152 0.44326715180452925 0
-0.836659360165615 -0.44326715180452947 0
-0.8357073238841208 -0.493908226436495 0
-0.8345156477780815 -0.8182016489336585 0
-0.8334192789846486 -0.6859077657965089 0
-0.8322218194931366 0.9773262797344916 0
-0.8316729611082857 -1.109920759371005 0
-0.8225657992441723 -0.5837250278604986 0
-0.821205345979372 1.2344132170123285 0
-0.815149582365238 0.737123989923935 0
-0.8139003087664411 -0.4746976493768697 0
-0.813900308766441 0.47469764937686987 0
-0.8124679072131761 -0.5230428157737057 0
-0.8048805250584823 1.0129910341303063 0
-0.8046944666659372 1.457792581663718 0
-0.8021868662687351 -1.2642642990343298 0
-0.7969870972720776 1.6510623078838795 0
-0.7964479632996255 -0.7067149758138085 0
-0.7953540188692313 -0.6093515724134602 0
-0.7946401450139975 -0.970192774674614 0
-0.7939517967204245 2.0028498829571406 0
-0.792100912729786 0.7688160092981161 0
-0.7908868214985844 -0.5064038883271875 0
-0.7908868214985841 0.5064038883271879 0
-0.7892442060727201 -0.5529898417116702 0
-0.7852224670311618 -0.835468540541131 0
-0.7755966842912987 1.0495577073118028 0
-0.7727007714291847 -1.418607838697655 0
-0.7716587227012268 1.2819926573590656 0
-0.7692521150773093 -0.6362987571860306 0
-0.7690477446274633 0.8003771644352459 0
-0.7677317384178036 -0.5382781540797847 0
-0.7677317384178034 0.538278154079785 0
-0.7660245877067894 -0.5836312745153607 0
-0.7627569046182434 -0.7290324748421171 0
-0.7547646422499136 -1.1221839004155694 0
-0.7459186183590091 0.8317865067784354 0
-0.7445377380259887 -0.570201847006835 0
-0.7445377380259884 0.5702018470068353 0
-0.7440144100518196 -0.6644835339247088 0
-0.7436792425081706 1.0870044804972685 0
-0.7432146765896341 -1.57295137836098 0
-0.7428079904878233 -0.6148305873552873 0
-0.7417011115990328 -0.8540042838221111 0
-0.7376520649091497 1.8561471283045106 0
-0.737025655077675 -0.9850293152857531 0
-0.7317164154658451 -0.7530234675696272 0
-0.7226029127804404 0.8630290115363947 0
-0.7217331119708008 1.513119581649523 0
-0.7213959669956886 0.6020469837375999 0
-0.7213959669956885 -0.6020469837376001 0
-0.719597580085174 -0.6464367490542036 0
-0.719445893539617 -0.6937717780253274 0
-0.7148891394858297 -1.2741750261565246 0
-0.7138641158649777 1.329569317791416 0
-0.708278840544551 1.1251476579602158 0
-0.7029480099923144 -0.8743399218237355 0
-0.7027969062704977 -0.778689287935566 0
-0.6989415801724577 0.8940932584549904 0
-0.6983848657015458 -0.6336778565130197 0
-0.6983848657015457 0.63367785651302 0
-0.6963951421371086 -0.6782868968631426 0
-0.6953898152479637 -0.7239953972261918 0
-0.6888288431241882 -1.1345900900303751 0
-0.6869542598984402 -1.001293591830414 0
-0.6857591622138897 2.3690847252392304 0
-0.6813523330978749 1.70944437365188 0
-0.6755692079905221 -0.6649528245314774 0
-0.6755692079905219 0.6649528245314776 0
-0.6755609128904629 -0.8059242520757119 0
-0.6750136367217456 -1.42616615189748 0
-0.6747162461699843 0.9249647964160393 0
-0.6731962042564684 -0.7102080739544381 0
-0.6717156722092054 -0.7549635253337049 0
-0.6684103365258418 1.1635395916458056 0
-0.6680788120624589 -0.8966953627257943 0
-0.6529993701983436 -0.6957262091200839 0
-0.6529993701983434 0.6957262091200842 0
-0.6516400547178591 2.215698791958614 0
-0.6499858370214195 -0.7420182356493743 0
-0.6496475810065139 -0.8345537143389846 0
-0.6496374991306453 0.9556128208178822 0
-0.6483083386717639 -0.7864696097812196 0
-0.646479126669524 1.3751768554151669 0
-0.6431391153663855 -1.0196473688053542 0
-0.6406320311707014 -1.284150864774997 0
-0.6363416974636863 -0.9210798186851016 0
-0.6351381339576616 -1.5781572776384354 0
-0.6322074081978475 -1.1485828998387166 0
-0.6307108407563449 -0.7258502629026834 0
-0.6307108407563446 0.7258502629026837 0
-0.6267350882223438 -0.7735265869751593 0
-0.6250585458564136 -0.8182956396465005 0
-0.6250526012866 1.5627416189992496 0
-0.6247550427891381 -0.8643595199370229 0
-0.6233347012929376 0.985967114021363 0
-0.6230337650640181 1.201346053919114 0
-0.6175209472218286 2.0623128586779975 0
-0.6087239778892481 0.7551771819474176 0
-0.6087239778892479 -0.7551771819474178 0
-0.6071074157291064 -0.9473649702267151 0
-0.6044412086590727 -1.0403672578819614 0
-0.6033980425980647 -0.8045331989061935 0
-0.6018546704869482 -0.8502143009020413 0
-0.6006233539305875 -0.8950964633121226 0
-0.5953523351097301 1.0158820989081032 0
-0.5924352192172146 -1.4337116395196192 0
-0.5870440189416058 -0.7835611291820563 0
-0.5870440189416057 0.7835611291820566 0
-0.5834018397257981 1.9089269253973815 0
-0.5833302207404567 -1.1649548157869727 0
-0.5799095700203117 -0.8348277516515265 0
-0.5798492684734107 -0.9753356506526418 0
-0.5785757070471506 -0.8819894875611485 0
-0.5774605564972548 -1.2958722078470193 0
-0.5770190972583535 -0.9265024705082356 0
-0.5712251413682472 1.2372341291808104 0
-0.5698864886568747 -1.0634703494346374 0
-0.5687528694753252 1.416038864346619 0
-0.5656613408517788 -0.810860237175489 0
-0.5656613408517787 0.8108602371754893 0
-0.5651619503504568 1.0450865259325455 0
-0.5561839392237827 -0.8641871667738021 0
-0.5550853107431417 -0.9133753174372989 0
-0.5541202703303123 -1.004723642647854 0
-0.5537219495757186 -0.9583043824298585 0
-0.5492827322297675 1.7555409921167653 0
-0.5445519672814861 0.8369385587017723 0
-0.5445519672814859 -0.8369385587017724 0
-0.5442384072637279 -1.5832724142642414 0
-0.5408036052556865 -1.1840391530381285 0
-0.5386539185677498 -1.0888056883777182 0
-0.5322034142630584 1.073122790046812 0
-0.5321146530582301 -0.8923718224171787 0
-0.5312268772056072 -0.9441135732809096 0
-0.5305131367174281 -0.9902205278496445 0
-0.5295310356519696 -1.03522940129054 0
-0.5236783139699921 -0.8616679343239616 0
-0.5236783139699919 0.8616679343239617 0
-0.5235213261145277 -1.3102622627685911 0
-0.5227137047966621 -1.4431615158553222 0
-0.515163624733737 1.6021550588361488 0
-0.5124531376640503 1.2693361096939886 0
-0.5100509559403075 -1.1161175869662991 0
-0.5075761365872679 -0.919120023020891 0
-0.5071655770728816 -1.0219607394729229 0
-0.5068197698422799 -0.9739292941829691 0
-0.5057298558449432 -1.0665353312352517 0
-0.5034312798500633 -1.2058608801841726 0
-0.5029901600777045 -0.8849297475454577 0
-0.5029901600777045 0.8849297475454575 0
-0.4959711560669704 1.099291402946454 0
-0.4834854978714867 -1.1450877653586853 0
-0.48343553326393973 -1.0532240478994388 0
-0.4824283195722776 -0.9441404764961681 0
-0.48242582967490927 -0.9066165398559904 0
-0.4824258296749091 0.9066165398559907 0
-0.4823853532950236 -1.0983131252132163 0
-0.4816570376912206 -1.0025240706449208 0
-0.4810445172377065 1.4487691255555326 0
-0.47716600185230035 -1.3277110481942955 0
-0.4702004214063933 -1.2302464065287213 0
-0.46796685309606945 -1.590450823863625 0
-0.4637124314885988 -1.4555697097502096 0
-0.461913564175072 -0.926633460219285 0
-0.46191356417507184 0.9266334602192853 0
-0.45917160294790776 -1.1302267547972478 0
-0.45905571181314986 -1.0836939476556258 0
-0.4584387173733517 -1.1753623392689578 0
-0.4565257295672189 -0.9671028375902704 0
-0.45615340585277553 1.1226333550413583 0
-0.45550532822721235 -1.0295664628869396 0
-0.44692540974167605 1.2953831922749162 0
-0.44153581644126677 2.4110655144756246 0
-0.4413730634620988 0.9448995261745102 0
-0.4413730634620987 -0.9448995261745105 0
-0.4402526434072044 -1.2568995232799562 0
-0.4369760710432518 -1.3482514109337083 0
-0.4357554470986125 -1.161931991384697 0
-0.4344406144315329 -1.2065681919622677 0
-0.43372996966424804 -1.1130308367144117 0
-0.4321564072284592 2.254210853379723 0
-0.4297334274760717 -0.987627119484615 0
-0.42810825423292975 -1.0546789168597257 0
-0.4227769980156516 2.0973561922838218 0
-0.42071717076569376 -0.9613486767120977 0
-0.4207171707656936 0.9613486767120978 0
-0.4135283984489141 -1.4713829433504628 0
-0.41339758880284405 1.9405015311879206 0
-0.41285072541266105 -1.2854518880695163 0
-0.4128063022456455 1.1419972589943 0
-0.4117857557847377 -1.1930727783615782 0
-0.4110487570143286 -1.2383218679965744 0
-0.4071301361586585 -1.1408609745160394 0
-0.4040181795900365 1.7836468700920194 0
-0.4039035368626699 -1.6008771567318283 0
-0.401952793601799 -1.0052742887606907 0
-0.4017469242450368 -1.3716871246797244 0
-0.3998536740415007 0.9759306003887278 0
-0.3998536740415006 -0.9759306003887278 0
-0.39919529829277645 -1.077420715816847 0
-0.39463877037722894 1.6267922089961178 0
-0.3878300691783875 -1.2702329817448508 0
-0.38734639909473384 -1.3154952772473754 0
-0.3868845464206925 -1.223274322030342 0
-0.3852593611644214 1.4699375479002166 0
-0.3788960033961946 -1.1667611033567007 0
-0.3786871947496152 -0.9886113257136835 0
-0.378687194749615 0.9886113257136837 0
-0.3758799519516138 1.3130828868043154 0
-0.3731602706227967 -1.0195430452908114 0
-0.3705208622364403 -1.4906419416832437 0
-0.37045433087410123 -1.3976814595936133 0
-0.36849949185295183 -1.0972671164787684 0
-0.3665005427388062 1.156228225708414 0
-0.36434531712434354 -1.3019032432964712 0
-0.36315137301812267 -1.3466010526892838 0
-0.3606401694862162 -1.2521323792458543 0
-0.3571211335259987 -0.9993735646125127 0
-0.35712113352599867 0.9993735646125127 0
-0.3508024530639609 -1.037744571330396 0
-0.3498907950455279 -1.61505483850663 0
-0.34864037187859176 -1.1902378106985603 0
-0.34221595295383544 -1.4258160107803475 0
-0.3401359783055356 -1.332921508823718 0
-0.3397121607336336 -1.3783306107799322 0
-0.3357885409821513 -1.1135863046452683 0
-0.33505964132865085 1.0082168036939134 0
-0.3350596413286507 -1.0082168036939136 0
-0.33329342708368026 -1.5131278428307278 0
-0.33260323462609637 -1.279197878387158 0
-0.3302619523509876 -1.0560106372856215 0
-0.3183426843447003 1.1644598879373067 0
-0.31648853540886734 -1.410239208692454 0
-0.316254080816116 -1.4556282152257929 0
-0.31596227701327523 -1.210700955137526 0
-0.314713381028235 -1.362854696405058 0
-0.3124095842285724 -1.0151571420495653 0
-0.31240958422857223 1.0151571420495655 0
-0.30960605965458265 -1.0724597878232087 0
-0.30406565342962877 -1.6330324724327794 0
-0.3022866785651768 -1.3039557438264615 0
-0.3016257273607497 1.3207029721807 0
-0.3009154271258935 -1.1256188299759238 0
-0.3006560183409981 -1.5384633959072704 0
-0.29293518715007455 -1.4418744952082454 0
-0.2918621316047124 -1.4866339134162998 0
-0.2890824701112203 1.0202268783404733 0
-0.2890824701112201 -1.0202268783404733 0
-0.28874256293038947 -1.087041711499839 0
-0.2875503693081843 -1.3912339217772969 0
-0.2849087703767992 1.4769460564240933 0
-0.28047325413868474 -1.2274313953672666 0
-0.2715811804950097 -1.5661801334911787 0
-0.26979708636736 1.166403738873162 0
-0.2691724895242537 -1.325796704537395 0
-0.2684862008263336 -1.4727702392858577 0
-0.26837556445293864 -1.51833935356329 0
-0.26819181339284864 1.6331891406674868 0
-0.2675760836385041 -1.0997224368247946 0
-0.2649963061557477 -1.0234738539032113 0
-0.2649963061557474 1.0234738539032116 0
-0.26483992992232364 -1.6545685609817309 0
-0.26389471157068417 -1.1324695507256324 0
-0.2580763330935342 -1.4175347822582771 0
-0.25147485640889805 1.7894322249108803 0
-0.24601002241488762 -1.1104846757236237 0
-0.2451617625374981 -1.5957611532042106 0
-0.24514700163934716 -1.5502454356400572 0
-0.2425422156357776 -1.502435070779774 0
-0.24184365448823086 -1.2395454898059217 0
-0.24007735705727004 -1.0249605624818623 0
-0.24007735705727 1.0249605624818623 0
-0.2396913419528498 -1.1488556824415073 0
-0.2347578994249475 1.9456753091542733 0
-0.23272925573377407 -1.343981194458205 0
-0.2308577058078949 -1.6792453322209278 0
-0.22718458850614776 1.3176503356967584 0
-0.22567735373415904 -1.4411503842962226 0
-0.22394853021753958 -1.1193279148050248 0
-0.22233999760876633 1.1624829867820814 0
-0.22152505717580562 -1.5818457471200196 0
-0.2205728901913021 -1.626666774143316 0
-0.2191508412398765 -1.1671217483967327 0
-0.21804094244099698 2.101918393397667 0
-0.21446056913015243 -1.5303354643087395 0
-0.21426177553424883 1.0247630408947639 0
-0.21426177553424847 -1.0247630408947639 0
-0.2013239854570464 2.25816147764106 0
-0.2012984731174613 -1.1262682531606765 0
-0.20094640803618402 -1.70654425620201 0
-0.19987806064998803 -1.2459633711911569 0
-0.19849494854347155 -1.1835708989343199 0
-0.19703896817224353 -1.658348096346648 0
-0.19683642334713158 -1.6126189697479973 0
-0.1924470164244177 -1.3575956742557647 0
-0.1897046071699156 -1.4613555983762296 0
-0.18749707869366125 -1.0229695584204375 0
-0.18749707869366103 1.0229695584204375 0
-0.18460702847309585 2.4144045618844534 0
-0.18457209064493552 1.468896932520355 0
-0.18354943156097214 -1.5558716861293957 0
-0.17797135900010902 -1.1313379894515845 0
-0.17763145181927836 -1.19815282261095 0
-0.177096405232264 1.1537234813204644 0
-0.17406944425888016 -1.7358940911826284 0
-0.17380546786982687 -1.6902516625876602 0
-0.17037105024332022 -1.64201544515449 0
-0.1597434462786626 1.0196791258789282 0
-0.1597434462786624 -1.0196791258789284 0
-0.156464972527393 -1.2108335479359056 0
-0.15559752510631236 1.3047390952236895 0
-0.15462915251857162 -1.2453960561604536 0
-0.1538851950446366 -1.1345849650143225 0
-0.15011492720153652 -1.7218169990317937 0
-0.1494962344542728 -1.477261433778884 0
-0.1492836487778918 -1.766699634870332 0
-0.1490680289031413 -1.5783450247659834 0
-0.14789876799431045 -1.3655046749665751 0
-0.14195959278372325 1.6201435293439514 0
-0.14137076895212064 -1.669437006840182 0
-0.13489891130377651 -1.221595786834735 0
-0.13462881397595672 1.1414593298003184 0
-0.13097481965781976 -1.0149998482424023 0
-0.13097481965781954 1.014999848242402 0
-0.12896624594615894 -1.1360716735929735 0
-0.1285802308417387 -1.2599667935526184 0
-0.12570237189154854 -1.798356839130006 0
-0.1251866458679296 -1.752467700210137 0
-0.11283741910642847 -1.230439025916136 0
-0.11023672481557761 -1.5969144922150642 0
-0.10902253002841 -1.6942085900005144 0
-0.10803973012876539 -1.2782328595078438 0
-0.1044207787101506 -1.4877599531442627 0
-0.10315066442313736 -1.135874152005875 0
-0.10246393410030663 -1.8302578895352637 0
-0.10117978358659796 -1.0090471470867288 0
-0.10117978358659793 1.0090471470867288 0
-0.09934709492251101 1.7713901261675478 0
-0.09884069417408253 -1.36630791240639 0
-0.09819988485086284 -1.781595819529206 0
-0.09494220032798628 1.1270088085200716 0
-0.09018736200635019 -1.2373793642717876 0
-0.08919650430878065 1.283973108737717 0
-0.0888550526038584 1.4469952036652973 0
-0.08738383743236044 -1.294682010045431 0
-0.07870479722726753 -1.8617882509435681 0
-0.07638596758255015 -1.1340806695315486 0
-0.07245870407212351 -1.7155396652357444 0
-0.07036221623009964 -1.0019418812544572 0
-0.07036221623009917 1.001941881254457 0
-0.06828096877408873 -1.8085385493716246 0
-0.06686024788899791 -1.2424491005626956 0
-0.06652034070816726 -1.309263933722061 0
-0.06626321317477168 -1.610541673099563 0
-0.05764291966630977 1.1114526382040364 0
-0.0567345970612988 1.9226367229911443 0
-0.053953881500390044 -1.4914638601272285 0
-0.05353686838872751 -1.8923164306722768 0
-0.048632335167551305 -1.1307902369900396 0
-0.04536359346645907 -1.3583225615952745 0
-0.04535386141628189 -1.3219446590470167 0
-0.0427740839335255 -1.2456960761254336 0
-0.03854169662594527 -0.9938083957063002 0
-0.03854169662594502 0.9938083957063001 0
-0.03449562849584786 -1.832545493871633 0
-0.030768842461239676 -1.7324733860538988 0
-0.02918027089464345 1.2579580971187745 0
-0.026028719458405347 -1.9211761939039222 0
-0.02378780019266541 -1.332706897945846 0
-0.022140634613103255 1.095552864724618 0
-0.022112580101404433 1.5892513121069054 0
-0.019863708546708658 -1.1261109593535135 0
-0.01785513483504783 -1.2471827847040844 0
-0.01746911973062759 -1.3710779046637294 0
-0.016394540995883555 -1.6179242320327607 0
-0.014122099200086558 2.0738833198147404 0
-0.005753662628977682 0.9847725296673981 0
-0.005753662628977474 -0.984772529667398 0
-0.0017263079953173666 -1.341550137027247 0
-0.0012966033852973013 1.41422273615497 0
0.002196672301822966 -1.486652453621623 0
0.003071380982345717 -1.3893439706189548 0
0.0041506207588942745 -1.8527343057055052 0
0.00480883140394317 -1.9476400919030672 0
0.007960446687973743 -1.246985263116986 0
0.009931327524513145 -1.12015825819784 0
0.012187261900291457 1.0797762052613031 0
0.016969808104729478 -1.7438219124202419 0
0.020923749104760914 -1.3484904753828986 0
0.02372727367875066 -1.4057931211565422 0
0.024377374878276264 1.2292545761453793 0
0.027950683646508233 -0.9749596158082497 0
0.027950683646508503 0.9749596158082497 0
0.028490398661125738 2.225129916638337 0
0.03472514352856096 -1.2451917806426596 0
0.039991004993530366 -1.617423045287882 0
0.04003127303671428 -1.9708823977427516 0
0.040748894881011466 -1.1130529923655683 0
0.04425086322211319 -1.3535602116738066 0
0.04459077040294385 -1.4203750448331722 0
0.04462989240104959 1.7315074205485135 0
0.045895956522913395 1.0643651793721496 0
0.04869903989309843 -1.8680322798927336 0
0.0624787759435598 -1.2419013481011505 0
0.06250472184920927 -0.9644925023282311 0
0.0625047218492093 0.9644925023282311 0
0.06390196558565348 -1.4712490670300955 0
0.06575724969482921 -1.433055770158128 0
0.06833702717758561 -1.3568071872365446 0
0.07110289652233798 2.376376513461934 0
0.07163169671838343 -1.7480885109212587 0
0.07221123936104148 1.1999357179876353 0
0.07256941448516584 -1.1049195068174114 0
0.07626827218666982 1.3744568644372306 0
0.07942988072493545 1.0494148811017898 0
0.08075994558991206 -1.9899289461752663 0
0.08660329753818607 1.5444723635722228 0
0.0873233109184457 -1.4438180090569572 0
0.09124740256440245 -1.2372220704646244 0
0.09325597627606327 -1.3582938958151956 0
0.09364199138048357 -1.4821890157748405 0
0.0978270058341369 -0.9534896294300078 0
0.09782700583413742 0.9534896294300077 0
0.10020282938423064 -1.877102151740921 0
0.10323403877772841 -1.606996994836856 0
0.10535744848213363 -1.095883640778509 0
0.10938480311579374 -1.452661248138358 0
0.1113723649035035 1.8737635289901213 0
0.11311563749735638 1.0349351635261117 0
0.11418249209345688 -1.500455081730066 0
0.1154621770524561 1.171426603570308 0
0.11907155779908485 -1.3580963742280971 0
0.12104243863562425 -1.2312693693089511 0
0.12816692224743653 -2.0035911737315684 0
0.13203486021587202 -1.4596015864940097 0
0.13382209355692026 -0.942063190791968 0
0.1338220935569205 0.9420631907919679 0
0.13393589148745066 -1.7433822304485354 0
0.13483838478986182 -1.5169042322676534 0
0.13906179475761934 -1.0860707269193608 0
0.14369695008453878 1.3315003437706867 0
0.14583625463967206 -1.3563028917537707 0
0.14717323540063915 1.0208934638154867 0
0.15186000599212257 -1.2241641034766793 0
0.15534934345840246 1.144552562280204 0
0.1553619743332243 -1.4646713227849177 0
0.155701881514055 -1.5314861559442834 0
0.15965793443265053 -1.878252789809757 0
0.17038160166544172 0.9303174092771211 0
0.17038160166544195 -0.9303174092771211 0
0.17316752463776602 -1.5841755724649165 0
0.1735898870546709 -1.3530124592122617 0
0.17361583296032038 -1.0756036134393423 0
0.1745031984616695 1.6747219909894757 0
0.17686836080594037 -1.544166881269239 0
0.17811483740595746 2.0160196374317296 0
0.1794481382886967 -1.4679182983476557 0
0.1817168152679831 1.4909556317556867 0
0.18173391145627243 1.0072408312299406 0
0.18343585066373191 -2.0103823910616 0
0.18368052559627696 -1.2160306179285225 0
0.19297169663242472 1.1196832116575703 0
0.19843442202955686 -1.5549291201680684 0
0.2020653983883927 1.2884187977712342 0
0.20235851367551355 -1.3483331815757356 0
0.20427140525363385 -1.727341536052089 0
0.20436708738717438 -1.4694050069263067 0
0.20475310249159462 -1.5933001268859517 0
0.20738546845419287 -0.9183469542825035 0
0.20738546845419314 0.9183469542825035 0
0.208938116945248 -1.0646007405411189 0
0.21646855959324474 -1.2069947518896202 0
0.21685834323906775 0.9939257758214662 0
0.2204959142269049 -1.5637723592494692 0
0.22529360320456793 -1.611566192841177 0
0.22788077798137119 -1.8693414156091888 0
0.22922197767997007 1.096887880949123 0
0.23018266891019595 -1.4692074853392083 0
0.23215354974673535 -1.342380480420062 0
0.24314597132698318 -1.5707126976051209 0
0.24470340552542066 -0.9062355258622832 0
0.24470340552542072 0.9062355258622832 0
0.24485730990841142 2.1582757458733375 0
0.24493320466803137 -1.053174301903079 0
0.24594949590097287 -1.6280153433787643 0
0.24768417214691762 -2.0084170686982548 0
0.2501729058687304 -1.197181838030472 0
0.2525526308843392 0.9809001926769703 0
0.25306498871801547 1.2473003424159979 0
0.25694736575078314 -1.4674140028648819 0
0.26240309938515277 1.8049716184067284 0
0.2629711171032337 -1.3352752145877904 0
0.26301652529080133 1.4337461113959944 0
0.26477297162065777 1.0760619313459232 0
0.26647308544433546 -1.575782433896029 0
0.26681299262516606 -1.6425972670553945 0
0.2814927127765531 -1.0414285203882323 0
0.2821965154925121 -0.8940546280866246 0
0.2821965154925127 0.8940546280866244 0
0.28243308368987846 -1.6971020778997374 0
0.284700998165782 -1.4641235703233728 0
0.2847269440714315 -1.1867147245504532 0
0.2871653583492964 1.6074543990741428 0
0.2879794719170514 -1.6552779923803502 0
0.2887813556105586 0.96812053387378 0
0.2905592493998079 -1.579029409458767 0
0.29479163670738806 -1.3271417290396335 0
0.2985114250165135 1.209328919299105 0
0.30010013343025593 1.0570143979635753 0
0.3053087717295394 -1.8476860772673223 0
0.3095455331406679 -1.6660402312791793 0
0.31159978241086544 2.3005318543149453 0
0.31346962478662466 -1.4594442926868467 0
0.3154781984982855 -1.5805161180374179 0
0.31586421360270567 -1.7044112379970628 0
0.31849657956530397 -1.0294580653936145 0
0.31971905041302234 -0.8818625510695178 0
0.31971905041302234 0.8818625510695178 0
0.3200492280563591 -1.17571185165223 0
0.3218256644752916 -1.9953006007698422 0
0.3254778909010508 0.955546342866071 0
0.32757967070435584 -1.3181058630007314 0
0.33160702533801595 -1.6748834703605802 0
0.33191955741574397 1.3769018775548332 0
0.3355171392660363 1.0395220466516313 0
0.336404714315679 -1.7226773039522882 0
0.34004743674193605 1.1750012439429909 0
0.3412937800213071 -1.5803185964503195 0
0.34326466085784646 -1.4534915915311732 0
0.3503030003086361 1.935221245823981 0
0.35425708243809423 -1.6818238087162318 0
0.35581451663653174 -1.0173466369733943 0
0.3560443157791425 -1.1642854130141902 0
0.3570606070120839 -1.7391264544898752 0
0.3571202833934027 0.8697035777604969 0
0.3571202833934029 -0.8697035777604969 0
0.3612840169798415 -1.3082929491415831 0
0.3625524394736409 0.9431374591047377 0
0.3680584768618943 -1.578525113975993 0
0.3712119646289262 1.0233590493147013 0
0.3740822282143448 -1.4463863256989016 0
0.3775841965554465 -1.6868935450071398 0
0.3779241037362771 -1.7537083781665055 0
0.3790140746350047 1.1443608807964558 0
0.3823361004970639 1.535991879021302 0
0.3906678003835748 1.323174081261688 0
0.3916986427419911 -1.8100285833345584 0
0.3926038238876641 -1.1525396314993435 0
0.39261390143060965 1.723953166392599 0
0.39330762660362323 -1.0051657391977358 0
0.39424646400075863 -0.8576074280005949 0
0.3942464640007589 0.8576074280005949 0
0.39581210927689314 -1.575234681434484 0
0.39583805518254256 -1.2978258356615644 0
0.39909058302816247 -1.7663891034914612 0
0.399898294665207 0.9308506514882234 0
0.4016703605109189 -1.6901405205698778 0
0.40590274781849917 -1.4382528401507446 0
0.40634613820544496 -1.9680306184825551 0
0.4072782559345409 1.0083107559239328 0
0.4164303057439592 1.117188699165735 0
0.42065664425177896 -1.7771513423902903 0
0.4245807358977358 -1.5705554037979579 0
0.42658930960939656 -1.691627229148529 0
0.42697532471381683 -1.815522349108174 0
0.4296076906764151 -1.1405691765047257 0
0.43083016152413345 -0.9929736621806289 0
0.4309428267774591 0.8455889485493563 0
0.4309428267774593 -0.8455889485493562 0
0.4311603391674702 -1.2868229627633412 0
0.43739674036188736 0.918636089092571 0
0.4382029012321195 2.065470873241234 0
0.43869078181546695 -1.4292169741118426 0
0.44167350657462445 1.2741052763180059 0
0.442718136449127 -1.7859945814716913 0
0.4437406176641968 0.9941778769555922 0
0.44751582542679014 -1.8337884150633994 0
0.45240489113241816 -1.6914297075614306 0
0.4530270314598727 1.093135332111664 0
0.4543757719689576 -1.5646027026422844 0
0.4617737164430952 1.465384957338432 0
0.4653681935492053 -1.792934919827343 0
0.4669256277476429 -1.1284577480845055 0
0.46705562130361755 -0.8336480538576286 0
0.4670556213036181 0.8336480538576285 0
0.4671554268902536 -1.2753965241253014 0
0.4681717181231951 -1.8502375656009864 0
0.468231394504514 -0.980814688871608 0
0.47239512809095263 -1.419404060252694 0
0.4749208854667033 0.9064338436822674 0
0.47916958797300535 -1.6896362250871042 0
0.48057418013665987 0.9807752764550208 0
0.48519333932545594 -1.5574974368100127 0
0.48712317685144735 1.2303192762284116 0
0.48869530766655755 -1.798004656118251 0
0.48903521484738827 -1.8648194892776166 0
0.4893003670758002 1.071803262073322 0
0.4980624445119229 1.840451933711055 0
0.5009642017941036 -1.9229550887693796 0
0.5016556757033264 1.6382376466466098 0
0.5024341319038763 -0.8217699183528705 0
0.5024341319038763 0.8217699183528706 0
0.5037149349987753 -1.2636507426104544 0
0.5044187377147343 -1.116276850308847 0
0.5053575751118697 -0.9687185391117059 0
0.5069232203880042 -1.6863457925455951 0
0.5069491662936537 -1.4089369467726756 0
0.5102016941392736 -1.8775002146025723 0
0.5123386074018295 0.8941704924966545 0
0.51278147162203 -1.801251631680989 0
0.5170138589296103 -1.5493639512618558 0
0.5177194104930887 0.9679279639269719 0
0.5255655860187847 1.0527923228079366 0
0.5261028021556029 2.195720500658487 0
0.5282706120491343 1.3990478201073777 0
0.5288061715900393 1.1918338806437887 0
0.5317677553628901 -1.8882624535014014 0
0.5356918470088469 -1.681666514909069 0
0.5369326552540573 0.8099254169836977 0
0.5369326552540576 -0.8099254169836976 0
0.5377004207205076 -1.80273834025964 0
0.538086435824928 -1.9266334602192852 0
0.5407188017875262 -1.2516802876158368 0
0.5419412726352446 -1.10408477329174 0
0.5420539378885705 -0.9567000596604673 0
0.5422714502785813 -1.3979340738744521 0
0.5495146615497509 0.8817558203814254 0
0.5498018929265781 -1.5403280852229537 0
0.5538292475602382 -1.8971056925828025 0
0.5550931838049933 0.9554657771141636 0
0.5586269365379013 -1.9448995261745106 0
0.5620038809847427 1.0357213191708956 0
0.5635160022435293 -1.8025408186725416 0
0.5654868830800687 -1.6757138137533953 0
0.5680876398672606 1.1583154669855464 0
0.5704124048076821 -0.7980718068023682 0
0.5704124048076824 0.7980718068023682 0
0.5764793046603165 -1.9040460309384541 0
0.578036738858754 -1.2395688591956164 0
0.5781667324147286 -0.9447591649687397 0
0.5782665380013647 -1.3865076352364123 0
0.5792828292343062 -1.9613486767120976 0
0.5793425056156252 -1.091925799982719 0
0.5835062392020638 -1.5305151713638052 0
0.5848355881327356 1.338881633336907 0
0.5863118962495012 0.8690795908582228 0
0.5902806990841164 -1.8007473361982151 0
0.5916278754704464 1.553868037122031 0
0.592596965231262 0.9432175500985176 0
0.596304450436567 -1.668608547921124 0
0.5986998797178349 1.0202352200374043 0
0.5998064187776687 -1.9091157672293622 0
0.6001463259584994 -1.9759306003887278 0
0.6027433121214009 0.7861536385111442 0
0.602743312121401 -0.7861536385111442 0
0.6035109875932363 1.9569507010295113 0
0.6059539294894896 1.1292562662597525 0
0.6135452430149875 -0.9328810294639815 0
0.6148260461098863 -1.3747618537215656 0
0.6155298488258454 -1.2273879614199579 0
0.6164686862229809 -1.079829650222817 0
0.6180343314991152 -1.797456903656706 0
0.6180602774047649 -1.5200480578837867 0
0.6209752509095888 1.7404834142719174 0
0.6213128052503848 -1.9886113257136835 0
0.6225913876971854 0.8560083623764532 0
0.6238925827331412 -1.9123627427921002 0
0.6281249700407213 -1.6604750623729667 0
0.6301227205203843 0.9310051362950169 0
0.6338056967936508 -0.774103883222295 0
0.6338056967936513 0.7741038832222948 0
0.6341989169609586 1.2856373085138324 0
0.6356704693722689 1.0060042100439708 0
0.6428788664740013 -1.9993735646125126 0
0.6430835948855642 1.1040844774950127 0
0.6468029581199579 -1.79277762602018 0
0.6480437663651688 -0.9210365280948087 0
0.6488115318316188 -1.9138494513707511 0
0.6518299128986373 -1.362791398726948 0
0.6530523837463557 -1.2151958844028512 0
0.6531650489996815 -1.0678111707715785 0
0.6533825613896924 -1.5090451849855633 0
0.65821116660001 0.8423823778366611 0
0.6609130040376892 -1.6514391963340647 0
0.6634917788163113 -0.7618452562405483 0
0.6634917788163113 0.7618452562405484 0
0.6649403586713494 -2.0082168036939136 0
0.6658734237146935 1.4749215589530675 0
0.6675569314102563 0.918637407232812 0
0.6728863815125364 0.9927184687492061 0
0.6746271133546404 -1.9136519297836527 0
0.6765979941911797 -1.7868249248645065 0
0.6785982685450741 1.2393068804911218 0
0.6799192074086431 1.0822255963011715 0
0.6815235159187931 -0.9091829179134794 0
0.6875904157714277 -2.0151571420495653 0
0.6891478499698651 -1.3506799703067276 0
0.6892778435258398 -1.0558702760798508 0
0.6893776491124759 -1.4976187463475235 0
0.6904536167267362 -1.2030369110938302 0
0.6917070096414799 0.7492917165258384 0
0.6917070096414802 -0.7492917165258384 0
0.6930230426743855 0.8280126771317464 0
0.6946173503131748 -1.6416262824749164 0
0.7013918101952276 -1.9118584473093263 0
0.7047828590987429 0.905904212762256 0
0.707415561547678 -1.7797196590322348 0
0.7089595306745495 2.0734494683479676 0
0.7102880729447795 0.9800809027401038 0
0.7109175298887799 -2.0202268783404733 0
0.7138544232325121 -0.8972647496222552 0
0.7167295060349445 1.0631318824178582 0
0.7183712011450132 -0.7363501176834597 0
0.7183712011450134 0.7363501176834596 0
0.719744973990562 1.1994422348053582 0
0.7214820344977976 1.64235111690563 0
0.7246563541260985 -1.0439921405750927 0
0.7259371572209975 -1.4858729648326767 0
0.7266409599369565 -1.338499072531069 0
0.7268668493346248 0.8126788192435654 0
0.727579797334092 -1.1909407613339282 0
0.7279976696908466 1.403657990355808 0
0.7291454426102264 -1.9085680147678172 0
0.7291713885158759 -1.6311591689948979 0
0.7350036938442523 -2.0234738539032113 0
0.7392360811518324 -1.7715861734840779 0
0.7402948261158515 1.8427291818972251 0
0.7416809657215433 0.8925702331670893 0
0.7434194348791686 0.7229219839030173 0
0.7434194348791688 -0.7229219839030173 0
0.7449168079047619 -0.885214994333406 0
0.7477971901006367 0.9677990111044643 0
0.7536591417714731 1.0462925631192166 0
0.7579140692310691 -1.9038887371312911 0
0.7588808275191063 1.165377200407841 0
0.7591548774762799 -1.03214763920592 0
0.7595612627913315 0.7961280243255461 0
0.7599226429427299 -2.024960562481862 0
0.7629410240097485 -1.4739025098380591 0
0.7641634948574667 -1.3263069955139621 0
0.7642761601107926 -1.1789222818826894 0
0.7644936725008036 -1.6201562960966744 0
0.7668027374975255 -0.7089053822654807 0
0.7668027374975257 0.7089053822654805 0
0.7720241151488002 -1.7625503074451756 0
0.7746028899274224 -0.8729563673516594 0
0.7781271540907526 0.8783686708952778 0
0.78127465707047 1.340955340799253 0
0.7853245555740653 0.9555764289077665 0
0.7857382244657516 -2.024763040894764 0
0.7877091053022909 -1.8979360359756177 0
0.7884885119506948 -0.694196861291139 0
0.7884885119506949 0.694196861291139 0
0.7907667586078779 1.0312331436329205 0
0.7908902928933857 0.7780772562068818 0
0.7926346270299043 -1.0202940290245905 0
0.7968668226953282 1.1363656929167034 0
0.8002589610809763 -1.4617910814178388 0
0.8003889546369509 -1.166981387190962 0
0.8004887602235868 -1.6087298574586346 0
0.8015647278378473 -1.3141480222049413 0
0.8028181207525913 -0.8604028276369495 0
0.8034762353802527 1.5507952977987576 0
0.8057284614242859 -1.7527373935860275 0
0.8084607179319748 -0.6786934245349545 0
0.8084607179319753 0.6786934245349543 0
0.8125029213063387 -2.0229695584204377 0
0.8139882012961437 0.8629948373204516 0
0.8185266726587892 -1.890830770143346 0
0.8205848143506527 0.7582208650782281 0
0.822775255418683 0.9431043219689695 0
0.8249655343436232 -1.0083758607333664 0
0.8267197990363204 -0.6622945074666966 0
0.8267197990363206 0.6622945074666964 0
0.8280533525319842 1.0175089735714402 0
0.8283903655001086 1.2867798803384547 0
0.8294823122561243 -0.8474612287945709 0
0.8342728287985017 1.1116588697944068 0
0.8357674652372096 -1.1551032516862039 0
0.8370482683321085 -1.5969840759437877 0
0.8377520710480677 -1.4496101836421802 0
0.838690908445203 -1.3020518724450394 0
0.8402565537213376 -2.0196791258789286 0
0.840282499626987 -1.7422702801060088 0
0.8432823581202266 0.6449039258104294 0
0.8432823581202267 -0.6449039258104292 0
0.8482995298284982 0.7362479192961349 0
0.8491134300947139 0.8460999372797952 0
0.8503471922629435 -1.882697284595189 0
0.851336193525149 1.730834196689229 0
0.8545305459902799 -0.8340330950141284 0
0.856027919015873 -0.9963261054445172 0
0.8581805863503851 -0.626431763962378 0
0.8581805863503853 0.6264317639623777 0
0.8596144013221141 1.9449749495225328 0
0.860051056647735 0.9300526051430866 0
0.8654829620845658 1.004696028366044 0
0.8690251803421802 -2.014999848242402 0
0.8702659885873909 -1.1432587503170308 0
0.8711597512489575 1.4684343473747088 0
0.8714023081138634 1.2405690026251697 0
0.8714551310851463 1.0905424456648207 0
0.8714614553414624 -0.6067961730508936 0
0.8714614553414624 0.6067961730508936 0
0.8735882297511995 0.7118749863179746 0
0.8740521351208594 -1.58501362094917 0
0.8752746059685779 -1.4374181066250733 0
0.8753872712219037 -1.2900333929938006 0
0.8756047836119145 -1.7312674072077856 0
0.8779138486086366 -0.8200164933765919 0
0.8831352262599114 -1.8736614185562868 0
0.8831856855458011 -0.585925049632112 0
0.8831856855458012 0.5859250496321116 0
0.8833212938615671 0.8272858316847626 0
0.8857140010385335 -0.9840674784627705 0
0.8934265076103538 -0.5637575679071629 0
0.8934265076103539 0.5637575679071628 0
0.8958850038284584 0.684900827823004 0
0.8970500351935855 0.9160608754759558 0
0.898820216413402 -2.009047147086729 0
0.899599623061806 -0.80530797240225 0
0.9022682367020808 0.5402455406713857 0
0.9022682367020809 -0.5402455406713855 0
0.9029974149700114 0.9923804721104109 0
0.9037457381410154 -1.1314051401357015 0
0.9086184038251113 1.0723499062010287 0
0.9098046827701326 -0.515354586925798 0
0.9098046827701327 0.5153545869257978 0
0.9113700721920873 -1.5729021925289497 0
0.911500065748062 -1.278092498302073 0
0.911599871334698 -1.7198409685697458 0
0.9118077255487231 1.2014981345559297 0
0.9126758389489584 -1.4252591333160525 0
0.9139292318637025 -0.9715139387480606 0
0.9145065226456586 0.6552868231874376 0
0.9161374223140721 -0.4890650871528598 0
0.9161374223140721 0.48906508715285985 0
0.9163792134612623 0.8061024101399481 0
0.916839572535397 -1.8638485046971387 0
0.9195718290430859 -0.7898045356460657 0
0.9213739594207897 -0.4613729106333626 0
0.9213739594207898 0.46137291063336217 0
0.9256258055836988 -0.43228990280532065 0
0.9256258055836988 0.4322899028053205 0
0.9283503971799811 1.3962733730846737 0
0.9286986726411093 0.6232569651546238 0
0.9290065090983691 -0.40184412448138573 0
0.9290065090983692 0.40184412448138596 0
0.9296377837699004 -2.0019418812544574 0
0.9316296656186033 -0.3700798386876591 0
0.9316296656186034 0.37007983868765876 0
0.9336069417434955 -0.3370572449011069 0
0.9336069417434955 0.33705724490110706 0
0.93366292048432 0.9007289794141025 0
0.9350461432847008 -0.30285196448107754 0
0.9350461432847008 0.30285196448107704 0
0.9360493591375086 0.26755428504865003 0
0.9360493591375088 -0.26755428504865014 0
0.9360766454547342 -1.1194869718444775 0
0.9367112104609404 -0.2312681754027916 0
0.9367112104609404 0.23126817540279188 0
0.9371172331803996 -0.19411008621328413 0
0.9371172331803996 0.1941100862132838 0
0.9373424196883456 0.15620755513914497 0
0.9373424196883458 -0.1562075551391449 0
0.9374499430681227 -0.11769763813337966 0
0.9374499430681228 0.11769763813337912 0
0.9374900842440866 -0.07872519146081801 0
0.9374900842440868 0.07872519146081791 0
0.9374993792140952 -0.03944103133154252 0
0.9374993792140952 0.03944103133154288 0
0.9375 -3.061616997868383e-16 0
0.9375 0.0 0
0.9377525330360211 0.5893906554189152 0
0.9378309101474316 -0.7734056185778078 0
0.9405263906277463 0.980147721520516 0
0.9405934233672354 -0.9585723399056819 0
0.9410790470458121 1.6266690366444476 0
0.9411967967412715 0.5546544822848337 0
0.9458630478434871 1.0564620772218705 0
0.9468785763483207 -1.266214362797315 0
0.9479748889931203 0.7820506291914688 0
0.9481593794432196 -1.7080951870548988 0
0.9488631821591788 -1.5607212947532911 0
0.9498020195563142 -1.4131629835561506 0
0.950650050505092 1.1686469083383941 0
0.9513936107380981 -1.85338139121712 0
0.9543934692313376 0.5337928146993183 0
0.9543934692313378 -0.7560150369215404 0
0.9614583033740547 -1.9938083957063002 0
0.965641657101391 -0.9451442061252395 0
0.9671390301269842 -1.1074372165556283 0
0.9692916974614962 -0.7375428750734891 0
0.9692916974614965 0.5153206528512666 0
0.9697652359922774 0.8836072968042421 0
0.9776778498849941 0.7545964739159078 0
0.9779935794271097 0.9675712367051271 0
0.9781824624551432 1.3342528801857876 0
0.9811903525525002 1.819317276472828 0
0.9813770996985021 -1.254369861428142 0
0.9825725664525735 -0.7179072841620047 0
0.9825725664525735 0.4956850619397825 0
0.9832203235514321 1.0422994783936745 0
0.9851632462319706 -1.696124732060281 0
0.986385717079689 -1.5485292177361845 0
0.9864983823330149 -1.4011445041049118 0
0.9867158947230257 -1.8423785183188968 0
0.98862645018836 1.1410921432876417 0
0.9890249597197477 -0.9311276044877029 0
0.9942463373710225 -1.984772529667398 0
0.9942967966569123 -0.6970361607432232 0
0.9942967966569123 0.47481393852100046 0
0.9968251121496445 -1.0951785895738817 0
1.004537618721465 -0.6748686790182741 0
1.004537618721465 0.4526464567960517 0
1.0048920500155165 0.7232041220664314 0
1.0052038175150422 0.8641871974278439 0
1.0107107341729171 -0.9164190835133612 0
1.0133793478131918 0.42913442956027464 0
1.013379347813192 -0.6513566517824967 0
1.0143218328070684 1.5332107043936098 0
1.0148568492521264 -1.2425162512468126 0
1.015319254196727 0.9542009975239172 0
1.0206778512243522 1.0293111539919844 0
1.0209157938812436 -0.6264656980369092 0
1.0209157938812439 0.4042434758146867 0
1.0224811833031984 -1.6840133036400609 0
1.022611176859173 -1.389203609413184 0
1.0227109824458092 -1.830952079680857 0
1.0230596422371645 1.2816957704449812 0
1.0237869500600696 -1.5363702444271636 0
1.0250403429748136 -1.0826250498591716 0
1.026180756135348 1.1179530089117833 0
1.0272485334251833 -0.6001761982639708 0
1.0272485334251833 0.37795397604174874 0
1.0279506836465082 -1.9749596158082499 0
1.0288052583573857 0.6873998549524897 0
1.030682940154197 -0.9009156467571767 0
1.0324850705319009 -0.5724840217444738 0
1.0324850705319009 0.35026179952225106 0
1.03673691669481 -0.5434010139164318 0
1.03673691669481 0.3211787916942094 0
1.0397757383885096 0.8418928441259598 0
1.0401176202094802 -0.5129552355924969 0
1.0401176202094804 0.29073301337027485 0
1.0427407767297143 -0.4811909497987702 0
1.0427407767297145 0.25896872757654765 0
1.0447180528546065 -0.448168356012218 0
1.0447180528546065 0.22594613378999595 0
1.046157254395812 -0.41396307559218865 0
1.046157254395812 0.19174085336996594 0
1.0471604702486197 0.15644317393753893 0
1.04716047024862 -0.37866539615976125 0
1.0471877565658454 -1.2305980829555887 0
1.0478223215720515 -0.3423792865139027 0
1.0478223215720515 0.12015706429168077 0
1.0482283442915108 -0.30522119732439523 0
1.0482283442915108 0.08299897510217269 0
1.048350572777748 0.6468796717429907 0
1.0484535307994567 0.045096444028033866 0
1.048453530799457 -0.267318666250256 0
1.0485610541792338 -0.22880874924449077 0
1.0485610541792338 0.0065865270222680156 0
1.0486011953551977 -0.18983630257192913 0
1.048601195355198 -0.03238591965029319 0
1.0486104903252063 -0.15055214244265364 0
1.0486104903252063 -0.07167007977956823 0
1.0486111111111112 -0.11111111111111141 0
1.0486111111111112 -0.1111111111111111 0
1.0489420212585427 -0.8845167296889188 0
1.0517045344783464 -1.069683451016793 0
1.0524191046656277 0.9395515177848224 0
1.0556737944462222 0.44701445710297094 0
1.057989687459432 -1.3773254739084262 0
1.0581976398393862 1.0169619331163575 0
1.0592704905543309 -1.81920629816601 0
1.0599742932702898 -1.6718324058644023 0
1.0609131306674253 -1.5242740946672615 0
1.0622103077937912 0.6016682641093946 0
1.0625047218492092 -1.9644925023282311 0
1.0635776658787492 1.098407249282841 0
1.06473462357834 1.2376190687040183 0
1.0655045803424488 0.4226817035882072 0
1.065504580342449 -0.8671261480326514 0
1.067044348140067 0.5000878863028763 0
1.0689088333315235 0.5523170690181087 0
1.073197164131193 0.81607679595435 0
1.0754261372894927 1.4515914053700945 0
1.0767527682125022 -1.0562553172363507 0
1.0782501412380951 -1.2185483276667393 0
1.0786818587113716 1.7025427754901374 0
1.0804028085726074 -0.8486539861846002 0
1.0804028085726074 0.40420954174015544 0
1.0891986868778871 0.9230892879329271 0
1.0924882108096132 -1.3654809725392532 0
1.0936836775636847 -0.8290183952731158 0
1.0936836775636847 0.3845739508286714 0
1.0957282256814274 1.0047190141332656 0
1.0962743573430818 -1.8072358431713922 0
1.0974968281908 -1.6596403288472956 0
1.0976094934441258 -1.5122556152160227 0
1.0978270058341368 -1.953489629430008 0
1.1001360708308587 -1.042238715598814 0
1.1009593370790962 1.0816910108108202 0
1.1044332783148558 1.2009281237600848 0
1.1050594850928548 0.7860240021760557 0
1.1054079077680234 -0.8081472718543342 0
1.1054079077680234 0.36370282740988935 0
1.1079362232607557 -1.2062897006849926 0
1.115648729832576 -0.7859797901293851 0
1.1156487298325761 0.3415353456849406 0
1.121821845284028 -1.0275301946244724 0
1.124490458924303 0.31802331844916354 0
1.1244904589243032 -0.7624677628936077 0
1.125542270688411 0.9042197562880325 0
1.1259679603632375 -1.3536273623579238 0
1.1279745594101778 1.3817258800331205 0
1.1320269049923548 -0.7375768091480203 0
1.132026904992355 0.2931323647035756 0
1.1332119034355366 0.9920381514412847 0
1.1335922944143095 -1.795124414751172 0
1.1337222879702842 -1.5003147205242953 0
1.1338220935569203 -1.942063190791968 0
1.1347708854193355 0.7509720827535874 0
1.1348980611711805 -1.6474813555382746 0
1.1361514540859248 -1.1937361609702828 0
1.1383596445362945 -0.711287309375082 0
1.1383596445362945 0.26684286493063764 0
1.1383872945708797 1.0670899832159086 0
1.1417940512653082 -1.0120267578682878 0
1.1429800715782186 1.170525416780877 0
1.1435961816430118 -0.6835951328555848 0
1.143596181643012 0.23915068841113996 0
1.1478480278059209 -0.6545121250275429 0
1.1478480278059209 0.21006768058309827 0
1.1512287313205913 -0.6240663467036079 0
1.1512287313205913 0.17962190225916375 0
1.1538518878408255 -0.5923020609098812 0
1.1538518878408257 0.14785761646543655 0
1.1558291639657177 -0.5592794671233291 0
1.1558291639657177 0.11483502267888485 0
1.1572683655069231 -0.5250741867032998 0
1.1572683655069231 0.08062974225885483 0
1.1574839143651796 1.597987061412511 0
1.1582715813597309 0.04533206282642782 0
1.158271581359731 -0.48977650727087235 0
1.1582988676769566 -1.3417091940666999 0
1.1589334326831626 -0.4534903976250138 0
1.1589334326831626 0.009045953180569666 0
1.159339455402622 -0.41633230843550634 0
1.159339455402622 -0.028112136008938415 0
1.1595646419105679 -0.37842977736136707 0
1.1595646419105679 -0.06601466708307724 0
1.159672165290345 -0.33991986035560184 0
1.159672165290345 -0.10452458408884309 0
1.1597123064663089 -0.30094741368304023 0
1.159712306466309 -0.1434970307614043 0
1.1597216014363174 -0.26166325355376474 0
1.1597216014363174 -0.18278119089067935 0
1.1597222222222223 -0.22222222222222252 0
1.1597222222222223 -0.2222222222222222 0
1.1600531323696537 -0.9956278408000299 0
1.1612942049353703 0.8822744575758926 0
1.161484570202535 0.7101603248367279 0
1.1628156455894576 -1.1807945621279041 0
1.1691007985705428 -1.4884365850195371 0
1.1701507921511731 0.3393744319211083 0
1.170381601665442 -1.9303174092771211 0
1.1705874517457189 0.9783493899047477 0
1.171085404381401 -1.7829435169755135 0
1.1720242417785363 -1.6353852057783724 0
1.1747169763604661 1.3228225382647927 0
1.1758727403641382 1.0539262796179245 0
1.17661569145356 -0.9782372591437625 0
1.17661569145356 0.3115705924770961 0
1.1809063811855498 1.1453635721587458 0
1.184022286963572 0.6629247235870047 0
1.1878638793236131 -1.1673664283474618 0
1.1893612523492063 -1.3296594387778504 0
1.1915139196837183 -0.9597650972957112 0
1.1915139196837186 0.29309843062904434 0
1.1962301829154518 0.856499856567157 0
1.196336163244113 0.41078511718683725 0
1.2008161417270378 0.6088585156629773 0
1.2035993219207244 -1.476592083650364 0
1.2047947886747956 -0.940129506384227 0
1.2047947886747956 0.2734628397175603 0
1.207385468454193 -1.9183469542825033 0
1.20778817413767 0.9630421600936888 0
1.2086079393019111 -1.7707514399584068 0
1.208720604555237 -1.6233667263271339 0
1.209118994021938 0.48137717288159354 0
1.209914092941924 0.5480497050313515 0
1.21124718194197 -1.1533498267099251 0
1.2133978647087607 1.041543394122304 0
1.2165190188791344 -0.9192583829654453 0
1.2165190188791346 0.25259171629877825 0
1.217661521607957 1.2737400028521069 0
1.2185369279323874 1.124464592364653 0
1.2190473343718669 -1.3174008117961038 0
1.222501877399004 1.5069094376555152 0
1.226759840943687 -0.8970909012404962 0
1.2267598409436873 0.2304242345738295 0
1.2300151148011236 0.826051181768752 0
1.2329329563951392 -1.1386413057355833 0
1.2356015700354142 -0.8735788740047188 0
1.2356015700354142 0.20691220733805243 0
1.2370790714743487 -1.4647384734690347 0
1.243138016103466 -0.8486879202591313 0
1.243138016103466 0.18202125359246452 0
1.2447034055254207 -1.9062355258622832 0
1.2447344532714548 0.9454495964517519 0
1.2448333990813953 -1.6114258316354064 0
1.2460091722822917 -1.7585924666493857 0
1.247262565197036 -1.304847272081394 0
1.2494707556474054 -0.8223984204861932 0
1.2494707556474054 0.15573175381952653 0
1.2509300607351082 1.029290306746015 0
1.2529051623764191 -1.123137868979399 0
1.254707292754123 -0.7947062439666959 0
1.2547072927541232 0.12803957730002885 0
1.2560556263147051 1.1069199443997702 0
1.2582165061246198 1.2332093391817756 0
1.258959138917032 -0.7656232361386539 0
1.258959138917032 0.09895656947198717 0
1.2621440811925893 0.7899973751606427 0
1.2623398424317025 -0.735177457814719 0
1.2623398424317025 0.06851079114805264 0
1.2649629989519366 -0.7034131720209924 0
1.2649629989519366 0.03674650535432544 0
1.2669402750768288 -0.6703905782344401 0
1.2669402750768288 0.003723911567773741 0
1.268379476618034 -0.6361852978144109 0
1.268379476618034 -0.030481368852256274 0
1.269382692470842 -0.6008876183819835 0
1.269382692470842 -0.06577904828468328 0
1.2694099787880675 -1.4528203051778108 0
1.2700445437942738 -0.5646015087361249 0
1.2700445437942738 -0.10206515793054144 0
1.270450566513733 -0.5274434195466174 0
1.270450566513733 -0.13922324712004952 0
1.270675753021679 -0.48954088847247823 0
1.270675753021679 -0.17712577819418834 0
1.270783276401456 -0.451030971466713 0
1.2707832764014562 -0.21563569519995418 0
1.27082341757742 -0.41205852479415134 0
1.27082341757742 -0.2546081418725154 0
1.2708327125474286 -0.37277436466487585 0
1.2708327125474286 -0.29389230200179045 0
1.2708333333333333 -0.33333333333333365 0
1.2708333333333333 -0.3333333333333333 0
1.2711642434807648 -1.106738951911141 0
1.2739267567005688 -1.2919056732390153 0
1.2777666563652126 1.4291988798804536 0
1.280211909681654 -1.599547696130648 0
1.2813193053845449 0.9248322157718231 0
1.2821965154925121 -1.8940546280866246 0
1.2831353528896474 -1.7464963168894836 0
1.284627789856124 0.23173440673924556 0
1.2877268025646709 0.20045948136598501 0
1.287726802564671 -1.0893483702548736 0
1.2884302274439634 1.0165050661774422 0
1.2918639209536769 0.747347691591267 0
1.2935542655903274 1.091880488038143 0
1.2973336929680768 1.199958690274112 0
1.2989749904347243 -1.278477539458573 0
1.3004723634603175 -1.4407705498889616 0
1.3026250307948295 -1.0708762084068224 0
1.3026250307948297 0.18198731951793323 0
1.3147104330318353 -1.5877031947614753 0
1.3159058997859068 -1.051240617495338 0
1.3159058997859068 0.1623517286064492 0
1.3173845923556986 0.9003617177239414 0
1.3180770903895533 0.6971165276070245 0
1.3197190504130223 -1.881862551069518 0
1.3198317156663482 -1.734477837438245 0
1.322358293053081 -1.2644609378210363 0
1.3256279783481588 0.32148234807079823 0
1.3258556492947111 1.0024977822855783 0
1.3263743104837675 1.3639493060846044 0
1.3276301299902455 -1.0303694940765564 0
1.3276301299902458 0.14148060518766714 0
1.330158445482978 -1.428511922907215 0
1.3310676295039245 1.0785414052438647 0
1.3356320062357516 1.1727741354057086 0
1.3378709520547982 -1.0082020123516073 0
1.3378709520547982 0.11931312346271838 0
1.339239315569758 0.6384495922215198 0
1.3440440675062504 -1.2497524168466945 0
1.346712681146525 0.09580109622694133 0
1.3467126811465253 -0.98468998511583 0
1.3481901825854599 -1.575849584580146 0
1.3493291547123523 0.4104372767450784 0
1.3526846274423943 0.8711068690083542 0
1.3532817106763275 0.570837359582964 0
1.354249127214577 -0.9597990313702425 0
1.3542491272145771 0.07091014248135341 0
1.3559445101925065 -1.7225369427465176 0
1.3571202833934028 -1.869703577760497 0
1.357617878090057 0.4944311459533086 0
1.3583736763081469 -1.415958383192505 0
1.3605818667585166 -0.9335095315973042 0
1.3605818667585166 0.044620642708415426 0
1.363157243609712 0.9865328024025554 0
1.3640162734875303 -1.23424898009051 0
1.3658184038652341 -0.905817355077807 0
1.3658184038652341 0.016928466188917746 0
1.3685980895781351 1.0661248551282507 0
1.3700702500281432 -0.8767343472497651 0
1.3700702500281432 -0.01215454163912394 0
1.3705884196375737 1.3098609370001955 0
1.3734509535428137 -0.8462885689258302 0
1.3734509535428137 -0.042600319963058464 0
1.3734961899860256 1.1505219354464653 0
1.3760741100630476 -0.8145242831321036 0
1.3760741100630478 -0.07436460575678566 0
1.37805138618794 -0.7815016893455513 0
1.37805138618794 -0.10738719954333736 0
1.3794905877291452 -0.747296408925522 0
1.3794905877291452 -0.14159247996336738 0
1.380493803581953 -0.1768901593957944 0
1.3804938035819532 -0.7119987294930945 0
1.3805210898991787 -1.5639314162889217 0
1.3811556549053847 -0.6757126198472361 0
1.3811556549053847 -0.21317626904165254 0
1.381561677624844 -0.6385545306577285 0
1.381561677624844 -0.2503343582311606 0
1.3817868641327902 -0.6006519995835893 0
1.3817868641327902 -0.28823688930529945 0
1.381894387512567 -0.562142082577824 0
1.3818943875125673 -0.3267468063110653 0
1.381934528688531 -0.5231696359052624 0
1.3819345286885312 -0.3657192529836265 0
1.3819438236585397 -0.48388547577598695 0
1.3819438236585397 -0.40500341311290156 0
1.3819444444444444 -0.44444444444444475 0
1.3819444444444444 -0.4444444444444444 0
1.382275354591876 -1.2178500630222522 0
1.38503786781168 -1.4030167843501262 0
1.3868330654710543 0.8360255675831539 0
1.3913230207927652 -1.7106588072417592 0
1.3942464640007586 -1.8576074280005948 0
1.398837913675782 0.08934837025487385 0
1.3988379136757823 -1.2004594813659848 0
1.399104787561075 0.12409438155738284 0
1.4002702196650219 0.9678099049705764 0
1.4061318957887892 1.0538615993587648 0
1.4100861015458355 -1.389588650569684 0
1.4111519155503143 1.1321488779887199 0
1.4115834745714286 -1.5518816610000727 0
1.4119997339343837 1.2654905546034665 0
1.4137361419059407 -1.1819873195179336 0
1.4137361419059409 0.07087620840682207 0
1.4192286772923237 0.7939707481452297 0
1.4258215441429465 -1.6988143058725864 0
1.427017010897018 -1.162351728606449 0
1.427017010897018 0.05124061749533804 0
1.4309428267774593 -1.8455889485493562 0
1.433469404164192 -1.3755720489321472 0
1.4370963400806784 0.9454446752556135 0
1.4387412411013567 -1.1414806051876676 0
1.438741241101357 0.03036949407655598 0
1.441269556594089 -1.5396230340183261 0
1.44364855145239 1.0409719809135998 0
1.4487212366097753 1.116670992860377 0
1.4489569564880183 0.7437233004289466 0
1.4489820631659094 -1.1193131234627185 0
1.4489820631659094 0.008202012351607224 0
1.4516873143579354 1.2293919637673472 0
1.4549197934522047 0.23217957895475916 0
1.4551551786173613 -1.3608635279578056 0
1.4578237922576363 -0.015310014884169831 0
1.4578237922576365 -1.095801096226941 0
1.459301293696571 -1.686960695691257 0
1.465360238325688 -1.0709101424813536 0
1.4653602383256883 -0.04020096862975775 0
1.4670556213036177 -1.8336480538576287 0
1.4694847874192578 -1.527069494303616 0
1.4716929778696277 -1.0446206427084155 0
1.4716929778696277 -0.06649046840269573 0
1.473474979776027 0.9184489778719901 0
1.4746696105765715 0.684072730377321 0
1.4751273845986415 -1.3453600912016213 0
1.4769295149763453 -1.0169284661889182 0
1.4769295149763453 -0.09418264492219341 0
1.481123846843703 1.0266461746664088 0
1.4811813611392544 -0.9878454583608762 0
1.4811813611392544 -0.1232656527502351 0
1.4845620646539248 -0.9573996800369413 0
1.4845620646539248 -0.15371143107416962 0
1.4862625186437108 1.103156530869805 0
1.4871852211741587 -0.9256353942432147 0
1.487185221174159 -0.18547571686789682 0
1.4891624972990511 -0.8926128004566625 0
1.4891624972990511 -0.21849831065444852 0
1.4895393154027667 0.3394973806085632 0
1.4903576312859534 1.2001846986526712 0
1.4906016988402564 -0.8584075200366331 0
1.4906016988402564 -0.25270359107447854 0
1.491604914693064 -0.28800127050690555 0
1.4916049146930643 -0.8231098406042057 0
1.4916322010102898 -1.675042527400033 0
1.4922667660164959 -0.7868237309583472 0
1.4922667660164959 -0.3242873801527637 0
1.4926727887359552 -0.7496656417688397 0
1.4926727887359552 -0.3614454693422718 0
1.4928979752439013 -0.7117631106947004 0
1.4928979752439013 -0.3993480004164106 0
1.4930054986236783 -0.6732531936889352 0
1.4930054986236785 -0.43785791742217645 0
1.493045639799642 -0.6342807470163736 0
1.4930456397996423 -0.47683036409473767 0
1.493054934769651 -0.5949965868870981 0
1.493054934769651 -0.5161145242240127 0
1.4930555555555556 -0.5555555555555559 0
1.4930555555555556 -0.5555555555555556 0
1.493386465702987 -1.3289611741333633 0
1.4944563441759442 0.6139744608560347 0
1.4961489789227909 -1.5141278954612374 0
1.5024341319038763 -1.8217699183528704 0
1.5053216632381898 0.44081258687526564 0
1.5057472796256173 0.5328162035029506 0
1.5091390719693365 0.8857138814495513 0
1.5099490247868932 -1.311570592477096 0
1.5099490247868932 -0.021762740856237195 0
1.5135817852660258 0.016454356375520174 0
1.518526313081754 1.0100234447114218 0
1.5211972126569466 -1.5006997616807949 0
1.5226945856825398 -1.662992772111184 0
1.52379831444751 1.0907063161341974 0
1.5248472530170516 -1.2930984306290445 0
1.524847253017052 -0.04023490270428898 0
1.5284554520396638 1.1765792785282774 0
1.5369326552540576 -1.8099254169836976 0
1.5381281220081289 -1.2734628397175602 0
1.5381281220081289 -0.05987049361577301 0
1.543651016140985 0.845999953397556 0
1.5445805152753032 -1.4866831600432584 0
1.5498523522124676 -1.2525917162987787 0
1.5498523522124679 -0.08074161703455507 0
1.5523806677052001 -1.6507341451294373 0
1.555805986058589 0.990170213489401 0
1.5600931742770205 -1.2304242345738294 0
1.5600931742770205 -0.10290909875950383 0
1.5613337308424702 1.0784328919715143 0
1.5662482047859234 1.1573778115776698 0
1.5662662897284725 -1.4719746390689168 0
1.5689349033687474 -1.206912207338052 0
1.5689349033687474 -0.12642112599528088 0
1.5704124048076822 -1.7980718068023682 0
1.5763132733920582 0.7979441211298167 0
1.5764713494367992 -1.1820212535924646 0
1.5764713494367992 -0.1513120797408688 0
1.580595898530369 -1.6381806054147272 0
1.5828040889807387 -1.1557317538195264 0
1.5828040889807387 -0.17760157951380678 0
1.5842116085562505 0.1428768098387202 0
1.5862384957097526 -1.4564712023127322 0
1.5880406260874564 -1.1280395773000294 0
1.5880406260874564 -0.20529375603330446 0
1.5922924722503655 -1.0989565694719872 0
1.5922924722503655 -0.23437676386134615 0
1.592873374776812 0.966057134739404 0
1.5956731757650358 -1.0685107911480523 0
1.595673175765036 -0.2648225421852807 0
1.59829633228527 -1.0367465053543257 0
1.59829633228527 -0.29658682797900787 0
1.5988668754608168 1.0654388956497574 0
1.600273608410162 -1.0037239115677736 0
1.600273608410162 -0.3296094217655596 0
1.6017128099513673 -0.9695186311477442 0
1.6017128099513673 -0.3638147021855896 0
1.6027160258041753 -0.9342209517153168 0
1.6027160258041753 -0.3991123816180166 0
1.602743312121401 -1.786153638511144 0
1.603377877127607 -0.8979348420694582 0
1.603377877127607 -0.43539849126387475 0
1.6037838998470662 -0.8607767528799508 0
1.6037838998470662 -0.47255658045338284 0
1.6038882076292231 1.1414614976826112 0
1.6040090863550123 -0.5104591115275217 0
1.6040090863550125 -0.8228742218058115 0
1.6041166097347892 -0.7843643048000463 0
1.6041166097347894 -0.5489690285332876 0
1.6041567509107533 -0.7453918581274847 0
1.6041567509107533 -0.5879414752058487 0
1.6041660458807618 -0.7061076979982092 0
1.6041660458807618 -0.6272256353351238 0
1.6041666666666665 -0.666666666666667 0
1.6041666666666665 -0.6666666666666666 0
1.604497576814098 -1.4400722852444743 0
1.6060499920223597 0.7400989092666264 0
1.607260090033902 -1.6252390065723485 0
1.6210601358980044 -1.422681703588207 0
1.6210601358980044 -0.13287385196734824 0
1.6280587829709765 -0.09118566880634249 0
1.629565367196355 0.9365362380200388 0
1.629749476093181 0.2685574844720481 0
1.63126213076359 0.6710289331476175 0
1.6323083237680578 -1.611810872791906 0
1.633805696793651 -1.774103883222295 0
1.6359583641281628 -1.4042095417401557 0
1.635958364128163 -0.15134601381540003 0
1.6363920443926951 1.0507945670472394 0
1.6414574077834971 1.1277716564957452 0
1.64923923311924 -1.3845739508286714 0
1.64923923311924 -0.17098160472688406 0
1.6496733727821304 0.5894993294905497 0
1.6530254483863227 0.3871940277972227 0
1.6556916263864143 -1.5977942711543696 0
1.658212848574907 0.4947950474229373 0
1.6609634633235788 -1.3637028274098897 0
1.6609634633235788 -0.19185272814566612 0
1.6634917788163113 -1.7618452562405484 0
1.6655935164962787 0.9003208938907485 0
1.6712042853881315 -1.3415353456849406 0
1.6712042853881317 -0.21402020987061487 0
1.673895382553796 1.0335140870202884 0
1.6773774008395836 -1.583085750180028 0
1.678998539316885 1.115287777140144 0
1.6800460144798586 -1.3180233184491632 0
1.6800460144798586 -0.23753223710639193 0
1.6875824605479104 -1.2931323647035757 0
1.6875824605479104 -0.26242319085197985 0
1.6917070096414801 -1.7492917165258384 0
1.6939152000918498 -1.2668428649306374 0
1.6939152000918498 -0.28871269062491783 0
1.6973496068208638 -1.5675823134238434 0
1.6991517371985674 -1.2391506884111403 0
1.6991517371985676 -0.3164048671444155 0
1.7004689668109156 0.8559743392119579 0
1.7034035833614765 -1.2100676805830983 0
1.7034035833614765 -0.3454878749724572 0
1.7067842868761467 -1.1796219022591634 0
1.706784286876147 -0.3759336532963917 0
1.709407443396381 -1.1478576164654368 0
1.709407443396381 -0.4076979390901189 0
1.7113417524521564 1.0125305220082257 0
1.711384719521273 -1.1148350226788846 0
1.711384719521273 -0.4407205328766706 0
1.7128239210624785 -1.0806297422588553 0
1.7128239210624785 -0.47492581329670064 0
1.7135034236602962 0.05357404072268124 0
1.7138271369152864 -1.0453320628264278 0
1.7138271369152864 -0.5102234927291276 0
1.7144889882387182 -1.0090459531805693 0
1.7144889882387182 -0.5465096023749858 0
1.7148950109581773 -0.9718878639910618 0
1.7148950109581773 -0.5836676915644938 0
1.7151201974661232 -0.6215702226386327 0
1.7151201974661234 -0.9339853329169225 0
1.7152277208459004 -0.8954754159111573 0
1.7152277208459004 -0.6600801396443986 0
1.7152678620218644 -0.8565029692385957 0
1.7152678620218644 -0.6990525863169598 0
1.7152771569918728 -0.8172188091093202 0
1.7152771569918728 -0.7383367464462348 0
1.7152777777777777 -0.777777777777778 0
1.7152777777777777 -0.7777777777777777 0
1.7156086879252093 -1.5511833963555854 0
1.7165355658961512 1.1030041845842637 0
1.7183712011450132 -1.7363501176834597 0
1.7321712470091155 -1.533792814699318 0
1.7321712470091155 -0.2439849630784594 0
1.7333978694917924 0.8019174941144036 0
1.7425357806759274 -0.19882569398820527 0
1.743419434879169 -1.7229219839030172 0
1.747069475239274 -1.5153206528512668 0
1.7470694752392741 -0.2624571249265112 0
1.7486504094729458 0.9866695942231944 0
1.7540851994692437 1.089905810385915 0
1.7603503442303512 -1.4956850619397826 0
1.7603503442303512 -0.2820927158379952 0
1.7631430275567008 0.736474518104306 0
1.7668027374975255 -1.7089053822654807 0
1.7699596367835952 0.197617588335533 0
1.77207457443469 -1.4748139385210008 0
1.77207457443469 -0.3029638392567773 0
1.7823153964992426 -1.4526464567960518 0
1.7823153964992429 -0.32513132098172604 0
1.7856557546166831 0.9546234981680876 0
1.7878546509506081 0.657985135917914 0
1.7884885119506948 -1.6941968612911391 0
1.7911571255909697 -1.4291344295602744 0
1.7911571255909697 -0.3486433482175031 0
1.791660241941687 1.07494295942807 0
1.7986935716590216 -1.404243475814687 0
1.7986935716590216 -0.373534301963091 0
1.8007292335344554 0.33357546871917976 0
1.8048904013883165 0.5650241981250648 0
1.805026311202961 -1.3779539760417485 0
1.805026311202961 -0.399823801736029 0
1.808460717931975 -1.6786934245349545 0
1.8102628483096785 -1.3502617995222514 0
1.8102628483096788 -0.4275159782555267 0
1.8106784175241968 0.45677389134292395 0
1.8145146944725876 -1.3211787916942095 0
1.8145146944725876 -0.45659898608356836 0
1.8178953979872579 -1.2907330133702746 0
1.817895397987258 -0.4870447644075029 0
1.8205185545074922 -1.258968727576548 0
1.8205185545074922 -0.5188090502012301 0
1.8220479610232212 0.9149279063319458 0
1.8224958306323842 -1.2259461337899957 0
1.8224958306323842 -0.5518316439877817 0
1.8239350321735897 -1.1917408533699665 0
1.8239350321735897 -0.5860369244078119 0
1.8249382480263976 -1.156443173937539 0
1.8249382480263976 -0.6213346038402388 0
1.8256000993498294 -1.1201570642916805 0
1.8256000993498294 -0.657620713486097 0
1.8260061220692885 -1.082998975102173 0
1.8260061220692885 -0.694778802675605 0
1.8262313085772344 -0.7326813337497439 0
1.8262313085772346 -1.0450964440280337 0
1.8263388319570115 -1.0065865270222685 0
1.8263388319570115 -0.7711912507555098 0
1.8263789731329756 -0.9676140803497069 0
1.8263789731329756 -0.8101636974280709 0
1.826388268102984 -0.9283299202204314 0
1.826388268102984 -0.849447857557346 0
1.8263888888888888 -0.8888888888888892 0
1.8263888888888888 -0.8888888888888888 0
1.8267197990363204 -1.6622945074666966 0
1.8292644520258383 1.057004729329155 0
1.8427952387643423 -0.035728728393357834 0
1.8432823581202267 -1.6449039258104292 0
1.8432823581202267 -0.35509607418957057 0
1.8570127783808783 -0.30646571917006804 0
1.8572869174808462 0.8659487250263598 0
1.858180586350385 -1.626431763962378 0
1.8581805863503853 -0.37356823603762235 0
1.8668775188457238 1.0348908305270506 0
1.8714614553414624 -1.6067961730508937 0
1.8714614553414624 -0.3932038269491064 0
1.8831856855458011 -1.585925049632112 0
1.8831856855458011 -0.41407495036788844 0
1.890482465591527 0.8058908670989906 0
1.8934265076103538 -1.563757567907163 0
1.893426507610354 -0.4362424320928372 0
1.902268236702081 -1.5402455406713855 0
1.902268236702081 -0.45975445932861425 0
1.9044274441690796 1.007282053706985 0
1.9098046827701327 -1.515354586925798 0
1.9098046827701327 -0.48464541307420217 0
1.9101697974740097 0.1266776921990178 0
1.9161374223140721 -1.4890650871528597 0
1.9161374223140721 -0.5109349128471401 0
1.9202360630910424 0.7328501269419856 0
1.9213739594207897 -1.4613729106333626 0
1.92137395942079 -0.5386270893666378 0
1.9256258055836988 -1.4322899028053206 0
1.9256258055836988 -0.5677100971946796 0
1.929006509098369 -1.4018441244813857 0
1.9290065090983692 -0.598155875518614 0
1.9316296656186034 -1.3700798386876591 0
1.9316296656186034 -0.6299201613123413 0
1.9336069417434953 -1.337057244901107 0
1.9336069417434953 -0.6629427550988929 0
1.9350461432847008 -1.3028519644810777 0
1.9350461432847008 -0.697148035518923 0
1.9360493591375088 -1.26755428504865 0
1.9360493591375088 -0.7324457149513499 0
1.9367112104609405 -1.2312681754027917 0
1.9367112104609405 -0.7687318245972081 0
1.9371172331803996 -1.194110086213284 0
1.9371172331803996 -0.8058899137867161 0
1.9373424196883455 -0.843792444860855 0
1.9373424196883458 -1.1562075551391449 0
1.9374499430681227 -1.1176976381333796 0
1.9374499430681227 -0.8823023618666209 0
1.9374900842440868 -1.078725191460818 0
1.9374900842440868 -0.9212748085391821 0
1.937499379214095 -1.0394410313315425 0
1.937499379214095 -0.9605589686684571 0
1.9375 -1.0000000000000002 0
1.9375 -1.0 0
1.9417461420370117 0.9727107583161363 0
1.9444471711376266 0.6449413386882105 0
1.9484330186825882 0.27995690964113673 0
1.9601074299945027 0.5405490667595798 0
1.9631439864734865 0.4187527352629106 0
1.9720870538683881 -0.1250314975093969 0
1.9785024055501637 0.929534918773143 0
2.014104868150777 0.8759231108407618 0
2.047567061691262 0.8098642400835776 0
2.050379958164424 0.05573779606250262 0
2.077329098625384 0.7292257357796652 0
2.096136803830721 0.22633835056309376 0
2.1010396913246447 0.6318975414585071 0
2.115324458600689 0.5160739353940949 0
2.1156095554227763 0.38073157918289724 0
428 505 406 0
265 234 191 0
406 379 291 0
385 456 424 0
424 346 385 0
696 707 581 0
692 784 696 0
486 379 406 0
486 473 379 0
406 505 486 0
1278 1280 925 0
194 824 256 0
17 4 6 0
1875 1818 1870 0
596 505 517 0
517 428 452 0
505 428 517 0
452 428 363 0
137 171 160 0
329 234 265 0
329 291 234 0
265 363 329 0
406 291 329 0
329 428 406 0
329 363 428 0
864 784 836 0
692 682 764 0
764 784 692 0
836 784 764 0
346 424 396 0
452 363 396 0
1996 1994 1957 0
581 473 589 0
473 486 589 0
589 696 581 0
692 696 589 0
1125 1106 1149 0
1293 1238 1216 0
1105 1068 1087 0
449 397 776 0
6 12 24 0
24 17 6 0
1954 1995 1997 0
1645 1718 1643 0
1373 1280 1278 0
1991 1995 1934 0
1934 1995 1954 0
1827 1883 1891 0
1827 1875 1883 0
1818 1875 1827 0
1755 1818 1827 0
1314 1238 1293 0
452 396 474 0
474 396 424 0
265 191 225 0
191 160 225 0
298 259 346 0
346 396 298 0
298 396 363 0
298 363 265 0
265 225 298 0
298 225 259 0
385 346 297 0
346 259 297 0
368 394 314 0
15 25 31 0
25 46 31 0
110 75 103 0
54 46 75 0
54 31 46 0
75 46 69 0
103 75 69 0
16 7 5 0
5 14 16 0
3 14 5 0
534 517 452 0
452 474 534 0
891 920 818 0
980 920 891 0
891 938 980 0
864 938 891 0
446 388 440 0
862 866 911 0
953 957 911 0
917 935 902 0
820 872 849 0
849 866 822 0
932 872 897 0
1987 1998 1996 0
1996 1957 1987 0
1882 1957 1946 0
1993 1992 1946 0
1946 1994 1993 0
1946 1957 1994 0
1882 1946 1873 0
1988 1997 2000 0
1954 1997 1988 0
592 486 505 0
592 589 486 0
592 505 596 0
692 589 592 0
596 682 592 0
592 682 692 0
1173 1229 1248 0
1187 1216 1238 0
1330 1382 1403 0
1105 1087 1126 0
1088 1068 1105 0
1047 1087 1068 0
1047 1068 1032 0
256 824 805 0
805 336 256 0
792 397 336 0
792 776 397 0
336 805 792 0
537 570 571 0
449 776 766 0
766 495 449 0
495 537 514 0
832 805 824 0
824 842 832 0
842 856 832 0
336 397 387 0
918 928 967 0
868 856 842 0
884 928 918 0
918 874 884 0
856 868 884 0
542 562 552 0
552 562 563 0
91 140 154 0
130 173 186 0
17 24 44 0
4 17 13 0
1 4 13 0
10 3 2 0
14 3 10 0
1133 868 1146 0
1073 967 1082 0
1082 967 928 0
995 967 1007 0
1007 967 1039 0
1073 1082 1086 0
408 419 361 0
1979 1997 1995 0
1973 1922 1925 0
1925 1867 1927 0
1978 1997 1980 0
1923 1980 1982 0
1982 1997 1985 0
1980 1997 1982 0
1546 1638 1548 0
1548 1448 1546 0
1645 1552 1642 0
1601 1500 1491 0
1491 1586 1601 0
1475 1586 1491 0
1489 1586 1475 0
1661 1765 1653 0
1954 1988 1884 0
1884 1988 1897 0
1653 1765 1678 0
1365 1263 1260 0
1891 1901 1836 0
1836 1827 1891 0
1166 1214 1189 0
1189 1214 1237 0
1189 1148 1166 0
1189 1169 1148 0
1241 1313 1293 0
1293 1216 1241 0
1409 1382 1336 0
259 225 192 0
192 160 171 0
192 225 160 0
248 260 215 0
152 185 171 0
152 171 137 0
137 120 152 0
230 297 259 0
270 297 230 0
259 192 230 0
230 244 270 0
289 244 274 0
289 314 270 0
270 244 289 0
349 314 394 0
385 297 349 0
349 297 270 0
270 314 349 0
436 394 368 0
22 20 39 0
39 20 36 0
31 54 36 0
75 110 83 0
83 54 75 0
41 69 46 0
41 46 25 0
37 63 41 0
63 69 41 0
11 25 15 0
7 16 19 0
19 8 7 0
504 436 482 0
422 491 456 0
422 456 385 0
385 349 422 0
422 349 394 0
501 424 456 0
501 474 424 0
899 864 836 0
899 938 864 0
836 862 899 0
957 938 899 0
899 911 957 0
862 911 899 0
802 891 818 0
802 696 784 0
784 864 802 0
864 891 802 0
818 707 802 0
707 696 802 0
673 682 596 0
1280 1279 926 0
853 897 872 0
953 932 989 0
763 758 778 0
822 775 799 0
799 849 822 0
820 849 799 0
799 775 763 0
799 778 820 0
763 778 799 0
901 872 932 0
901 849 872 0
866 849 901 0
901 932 953 0
953 911 901 0
901 911 866 0
1999 1998 1989 0
1998 1987 1989 0
1890 1957 1882 0
1890 1987 1957 0
1882 1807 1890 0
1704 1729 1601 0
1601 1586 1704 0
1586 1678 1704 0
1304 1226 1324 0
977 1013 992 0
977 1274 959 0
1278 925 944 0
992 1013 1033 0
1154 1110 1139 0
1106 1125 1085 0
1167 1125 1149 0
1216 1187 1167 0
1238 1314 1289 0
1289 1314 1336 0
1166 1148 1127 0
1127 1148 1108 0
1127 1088 1105 0
1108 1088 1127 0
1108 1148 1129 0
1149 1106 1129 0
1129 1169 1149 0
1148 1169 1129 0
1134 1159 1153 0
1134 1142 1159 0
1147 1126 1168 0
1166 1127 1147 0
1105 1126 1147 0
1147 1127 1105 0
1107 1126 1087 0
1036 1015 1019 0
1032 1068 1051 0
1068 1088 1051 0
1051 1013 1032 0
1051 1033 1013 0
1015 1036 1034 0
1034 1071 1049 0
1019 1015 997 0
1087 1047 1067 0
1067 1107 1087 0
1067 1031 1049 0
1067 1047 1031 0
714 728 715 0
715 701 714 0
495 766 754 0
743 537 754 0
754 537 495 0
791 766 776 0
449 495 478 0
495 514 478 0
819 832 846 0
846 832 856 0
856 884 846 0
846 884 874 0
756 748 774 0
743 748 735 0
735 537 743 0
570 537 735 0
736 756 739 0
748 756 736 0
736 735 748 0
888 876 883 0
886 888 898 0
863 865 855 0
1158 1142 1146 0
1175 1159 1158 0
1159 1142 1158 0
928 884 894 0
894 884 868 0
894 1104 928 0
868 1133 894 0
557 552 563 0
557 744 545 0
173 154 217 0
336 387 334 0
256 336 334 0
148 130 186 0
108 154 173 0
173 130 108 0
91 154 108 0
108 51 91 0
23 51 70 0
51 108 70 0
70 108 130 0
1 13 9 0
26 10 9 0
9 2 1 0
9 10 2 0
58 63 37 0
30 16 14 0
30 50 55 0
1113 1104 1118 0
1104 894 1118 0
1118 894 1133 0
928 1104 1095 0
1095 1082 928 0
971 972 986 0
999 1014 1001 0
1001 997 981 0
1019 997 1001 0
1026 1019 1001 0
1001 1014 1026 0
961 972 971 0
1029 1025 1041 0
1029 1041 1026 0
1026 1014 1029 0
918 967 955 0
1060 1039 1050 0
1050 1039 967 0
1046 1039 1060 0
1073 1086 1075 0
1060 1050 1075 0
1075 1070 1060 0
1086 1070 1075 0
1041 1046 1055 0
1060 1070 1055 0
1055 1046 1060 0
1084 1070 1086 0
1113 1118 1131 0
1131 1118 1133 0
1131 1133 1146 0
1146 1142 1131 0
401 408 353 0
408 361 353 0
370 419 431 0
370 361 419 0
758 546 535 0
417 468 476 0
542 552 531 0
518 525 496 0
496 471 461 0
731 557 563 0
744 557 731 0
571 570 595 0
570 603 595 0
631 595 619 0
619 603 637 0
619 595 603 0
723 725 741 0
709 725 723 0
906 925 1280 0
1032 1013 996 0
1013 977 996 0
996 977 959 0
1032 996 1012 0
1012 1047 1032 0
1031 1047 1012 0
1985 1926 1924 0
1923 1982 1924 0
1924 1982 1985 0
1983 1926 1985 0
1928 1926 1983 0
1985 1997 1983 0
1975 1995 1973 0
1973 1925 1975 0
1975 1925 1927 0
1991 1959 1961 0
1961 1995 1991 0
1961 1963 1995 0
1643 1718 1716 0
1723 1792 1722 0
1956 1959 1991 0
1915 1858 1917 0
1857 1858 1915 0
1917 1963 1915 0
1963 1961 1915 0
1855 1910 1853 0
1855 1792 1857 0
1973 1995 1971 0
1971 1922 1973 0
1235 1352 1244 0
1249 1138 1244 0
1454 1352 1450 0
1548 1454 1450 0
1450 1448 1548 0
1559 1462 1556 0
1550 1454 1548 0
1550 1642 1552 0
1554 1645 1643 0
1554 1552 1645 0
1643 1556 1554 0
1328 1322 1435 0
1333 1220 1328 0
1435 1322 1426 0
1543 1444 1541 0
1401 1491 1500 0
1401 1405 1491 0
1393 1401 1500 0
1391 1401 1393 0
1483 1489 1475 0
1670 1734 1665 0
1765 1661 1665 0
1665 1734 1765 0
1676 1670 1618 0
1618 1680 1676 0
1676 1734 1670 0
1680 1734 1676 0
1851 1884 1765 0
1851 1804 1934 0
1851 1934 1954 0
1954 1884 1851 0
1765 1734 1851 0
1734 1804 1851 0
1567 1678 1586 0
1567 1515 1568 0
1893 1888 1841 0
1740 1804 1734 0
1266 1263 1365 0
1278 944 1276 0
959 1274 1276 0
1276 944 959 0
1224 1220 1333 0
1224 1231 1173 0
1362 1330 1403 0
1403 1424 1362 0
1321 1300 1362 0
1300 1330 1362 0
1434 1487 1508 0
2000 1997 1964 0
1997 1966 1964 0
1632 1717 1634 0
1717 1719 1634 0
1634 1543 1541 0
1723 1638 1721 0
1715 1795 1717 0
1715 1717 1632 0
1863 1921 1861 0
1922 1921 1863 0
1865 1863 1795 0
1922 1863 1865 0
1865 1925 1922 0
1867 1925 1865 0
1798 1719 1717 0
1717 1795 1798 0
1798 1863 1861 0
1795 1863 1798 0
1927 1867 1864 0
1864 1867 1791 0
1859 1926 1928 0
1779 1695 1777 0
1400 1504 1404 0
1415 1418 1309 0
1868 1901 1932 0
1868 1836 1901 0
1868 1932 1935 0
1188 1214 1166 0
1188 1147 1168 0
1166 1147 1188 0
1215 1189 1237 0
1169 1189 1215 0
109 81 77 0
248 215 204 0
244 230 208 0
171 185 208 0
208 192 171 0
208 230 192 0
365 373 302 0
184 227 190 0
528 535 479 0
368 398 416 0
416 436 368 0
398 448 416 0
482 436 416 0
324 289 274 0
43 22 39 0
43 39 66 0
18 36 20 0
15 31 18 0
31 36 18 0
115 83 110 0
115 153 124 0
124 97 89 0
89 115 124 0
83 115 89 0
89 97 66 0
167 136 131 0
131 97 124 0
97 131 102 0
102 131 136 0
144 183 149 0
149 111 144 0
212 167 202 0
124 153 162 0
162 131 124 0
167 131 162 0
202 167 162 0
8 19 21 0
25 11 21 0
21 11 8 0
21 41 25 0
37 41 21 0
21 19 37 0
567 501 526 0
456 491 526 0
526 501 456 0
436 504 462 0
491 422 462 0
394 436 462 0
462 422 394 0
788 775 822 0
751 775 788 0
825 866 862 0
779 788 825 0
822 866 825 0
825 788 822 0
809 862 836 0
836 764 809 0
809 825 862 0
779 825 809 0
727 673 666 0
1116 1064 1135 0
1135 1064 1072 0
1017 993 1010 0
1368 1277 1279 0
964 946 943 0
943 946 926 0
1279 1277 943 0
943 926 1279 0
839 872 820 0
839 853 872 0
1163 1145 1137 0
706 573 716 0
954 982 1023 0
1023 989 954 0
954 989 932 0
932 897 954 0
897 916 954 0
935 982 954 0
954 916 935 0
1288 1284 1311 0
772 778 758 0
758 535 772 0
772 528 785 0
772 535 528 0
926 946 929 0
935 917 952 0
952 982 935 0
952 1002 982 0
968 946 964 0
897 853 870 0
870 916 897 0
870 853 837 0
1897 1988 1990 0
1990 1988 2000 0
2000 1999 1990 0
1999 1989 1990 0
1816 1890 1807 0
1897 1990 1904 0
1904 1990 1989 0
1726 1816 1807 0
1730 1816 1726 0
1603 1726 1596 0
1730 1726 1603 0
1601 1729 1608 0
1729 1730 1608 0
1730 1603 1608 0
1608 1500 1601 0
1806 1678 1765 0
1806 1704 1678 0
1765 1884 1806 0
1806 1884 1897 0
1243 1212 1254 0
1243 1324 1226 0
1182 1193 1226 0
1303 1246 1290 0
1290 1226 1304 0
1662 1571 1582 0
1648 1571 1662 0
1304 1324 1395 0
1106 1085 1066 0
1103 1085 1125 0
1235 1244 1151 0
1151 1244 1138 0
1138 1185 1151 0
1121 1138 1249 0
1121 1110 1154 0
1181 1194 1220 0
1220 1224 1181 0
1181 1224 1173 0
1181 1173 1248 0
1220 1194 1211 0
1211 1328 1220 0
1322 1328 1211 0
1194 1181 1297 0
1392 1400 1297 0
1434 1397 1379 0
1379 1299 1340 0
1170 1185 1138 0
1170 1121 1154 0
1138 1121 1170 0
1154 1200 1170 0
1200 1233 1267 0
1267 1330 1300 0
1248 1229 1326 0
1411 1420 1326 0
1397 1411 1326 0
1199 1151 1185 0
1115 1092 1100 0
1115 1100 1113 0
1113 1131 1115 0
1142 1134 1115 0
1115 1131 1142 0
1132 1134 1153 0
1071 1092 1090 0
1107 1067 1090 0
1090 1132 1107 0
1049 1071 1090 0
1090 1067 1049 0
1042 1019 1026 0
1042 1036 1019 0
1026 1041 1042 0
1041 1055 1042 0
1076 1092 1071 0
1100 1092 1076 0
1076 1084 1100 0
1069 1088 1108 0
1069 1051 1088 0
1048 1033 1069 0
1033 1051 1069 0
713 714 698 0
698 701 684 0
698 714 701 0
796 791 819 0
819 804 796 0
811 832 819 0
819 791 811 0
811 792 805 0
805 832 811 0
776 792 811 0
811 791 776 0
774 748 759 0
759 748 743 0
743 754 759 0
548 537 571 0
548 514 537 0
449 478 435 0
435 397 449 0
435 387 397 0
423 387 435 0
461 423 435 0
435 478 461 0
514 522 493 0
493 478 514 0
461 478 493 0
493 496 461 0
493 522 518 0
518 496 493 0
833 804 819 0
819 846 833 0
833 846 874 0
908 874 918 0
918 934 908 0
936 921 922 0
936 947 937 0
937 921 936 0
947 936 939 0
783 756 774 0
774 796 783 0
783 796 804 0
722 736 739 0
722 714 713 0
739 728 722 0
728 714 722 0
735 736 724 0
570 735 724 0
724 722 713 0
736 722 724 0
724 603 570 0
713 603 724 0
875 865 863 0
863 871 875 0
875 871 886 0
789 808 798 0
815 808 789 0
804 815 789 0
789 783 804 0
209 217 154 0
140 194 209 0
209 154 140 0
273 217 209 0
256 334 263 0
273 209 263 0
263 194 256 0
263 209 194 0
273 263 330 0
330 263 334 0
207 148 186 0
114 148 174 0
148 207 174 0
93 70 130 0
93 148 114 0
130 148 93 0
243 193 224 0
224 207 252 0
193 174 224 0
224 174 207 0
243 224 271 0
271 224 252 0
17 44 34 0
34 13 17 0
44 90 72 0
72 34 44 0
59 34 72 0
72 90 117 0
85 58 55 0
55 58 33 0
33 30 55 0
33 58 37 0
16 30 33 0
37 19 33 0
33 19 16 0
50 30 27 0
27 10 26 0
14 10 27 0
27 30 14 0
1099 1086 1082 0
1082 1095 1099 0
1099 1084 1086 0
1099 1104 1113 0
1099 1095 1104 0
1113 1100 1099 0
1100 1084 1099 0
1214 1188 1239 0
1313 1241 1292 0
1292 1215 1237 0
1241 1215 1292 0
1313 1385 1339 0
1293 1313 1339 0
1339 1314 1293 0
1479 1409 1433 0
1478 1498 1433 0
1433 1498 1479 0
1431 1476 1407 0
999 1001 988 0
971 986 988 0
988 986 999 0
988 1001 981 0
981 966 988 0
988 966 971 0
1004 995 1007 0
999 986 990 0
1041 1025 1037 0
1037 1046 1041 0
1073 1075 1061 0
1061 1075 1050 0
1061 967 1073 0
1061 1050 967 0
341 393 401 0
401 353 341 0
377 370 431 0
431 440 377 0
440 388 377 0
814 498 831 0
837 814 831 0
745 546 758 0
745 758 763 0
388 446 399 0
476 845 485 0
845 831 485 0
485 831 498 0
293 353 361 0
541 557 545 0
552 557 541 0
541 531 552 0
430 418 410 0
686 704 703 0
703 672 686 0
277 217 273 0
577 562 554 0
554 562 542 0
542 543 554 0
509 496 525 0
492 471 509 0
471 496 509 0
572 583 705 0
563 562 572 0
572 562 577 0
577 583 572 0
545 744 757 0
709 723 693 0
693 723 704 0
684 701 690 0
637 603 629 0
629 698 684 0
629 603 713 0
713 698 629 0
744 731 742 0
786 771 794 0
1049 1031 1011 0
1011 1034 1049 0
1928 1983 1981 0
1981 1931 1928 0
1979 1931 1981 0
1997 1979 1981 0
1981 1983 1997 0
1976 1979 1995 0
1995 1975 1976 0
1976 1975 1927 0
1936 1893 1896 0
1937 1888 1936 0
1888 1893 1936 0
1950 1991 1948 0
1991 1937 1945 0
1937 1943 1945 0
1945 1948 1991 0
1896 1845 1900 0
1900 1845 1848 0
1900 1936 1896 0
1780 1716 1782 0
1857 1792 1794 0
1794 1858 1857 0
1794 1792 1723 0
1723 1721 1794 0
1642 1722 1720 0
1718 1645 1720 0
1645 1642 1720 0
1640 1722 1642 0
1548 1638 1640 0
1640 1638 1723 0
1723 1722 1640 0
1640 1550 1548 0
1642 1550 1640 0
1910 1956 1953 0
1953 1991 1950 0
1953 1956 1991 0
1910 1855 1913 0
1857 1915 1913 0
1913 1855 1857 0
1959 1956 1913 0
1913 1956 1910 0
1913 1961 1959 0
1913 1915 1961 0
1965 1963 1917 0
1995 1963 1965 0
1965 1967 1995 0
1921 1967 1919 0
1861 1921 1919 0
1919 1965 1917 0
1967 1965 1919 0
1919 1858 1861 0
1917 1858 1919 0
1969 1967 1921 0
1969 1921 1922 0
1922 1971 1969 0
1969 1971 1995 0
1995 1967 1969 0
1914 1912 1974 0
1974 1916 1914 0
1977 1916 1974 0
1974 1997 1977 0
1997 1978 1977 0
1844 1916 1918 0
1918 1977 1978 0
1916 1977 1918 0
1459 1373 1461 0
1469 1372 1370 0
1270 1268 1370 0
1370 1372 1270 0
1467 1372 1469 0
1270 1372 1273 0
1274 977 1273 0
992 1270 1273 0
1273 977 992 0
1377 1276 1274 0
1621 1680 1618 0
1621 1684 1680 0
1363 1462 1365 0
1365 1260 1363 0
1363 1260 1258 0
1358 1356 1458 0
1552 1554 1458 0
1349 1347 1448 0
1349 1450 1352 0
1448 1450 1349 0
1349 1352 1235 0
1235 1231 1349 0
1231 1347 1349 0
1448 1347 1446 0
1444 1543 1446 0
1446 1546 1448 0
1446 1543 1546 0
1469 1370 1466 0
1553 1467 1469 0
1539 1537 1632 0
1632 1634 1539 0
1539 1634 1541 0
1309 1418 1422 0
1535 1537 1435 0
1435 1426 1535 0
1514 1415 1404 0
1488 1400 1392 0
1475 1491 1416 0
1491 1405 1416 0
1256 1094 1259 0
1436 1483 1427 0
1489 1483 1436 0
1357 1441 1436 0
1443 1441 1357 0
1445 1515 1443 0
1515 1567 1511 0
1511 1443 1515 0
1540 1457 1459 0
1577 1567 1568 0
1678 1567 1577 0
1568 1525 1577 0
1733 1734 1680 0
1733 1740 1734 0
1680 1684 1733 0
1733 1684 1688 0
1688 1740 1733 0
1342 1347 1231 0
1231 1224 1342 0
1342 1224 1333 0
1333 1444 1342 0
1342 1446 1347 0
1444 1446 1342 0
1691 1646 1613 0
1613 1646 1560 0
1560 1646 1652 0
1766 1691 1755 0
1755 1827 1766 0
1827 1836 1766 0
1902 1905 1829 0
1966 1905 1902 0
1902 1964 1966 0
1398 1340 1321 0
1321 1362 1398 0
1424 1455 1398 0
1398 1362 1424 0
1591 1561 1523 0
1837 1909 1912 0
1895 1960 1962 0
2000 1964 1962 0
1974 1912 1972 0
1972 1997 1974 0
1972 1970 1997 0
1912 1909 1972 0
1972 1909 1970 0
1968 1966 1997 0
1997 1970 1968 0
1968 1905 1966 0
1636 1721 1638 0
1543 1634 1636 0
1636 1634 1719 0
1719 1721 1636 0
1638 1546 1636 0
1546 1543 1636 0
1795 1715 1793 0
1793 1865 1795 0
1791 1867 1793 0
1867 1865 1793 0
1928 1931 1860 0
1860 1859 1928 0
1860 1931 1862 0
1862 1786 1860 0
1856 1924 1926 0
1926 1859 1856 0
1856 1779 1777 0
1856 1859 1781 0
1781 1779 1856 0
1190 1241 1216 0
1190 1215 1241 0
1169 1215 1190 0
1216 1167 1190 0
1149 1169 1190 0
1190 1167 1149 0
1565 1498 1519 0
1478 1496 1519 0
1519 1498 1478 0
60 81 87 0
138 152 120 0
32 53 35 0
53 57 35 0
67 45 40 0
94 99 67 0
109 77 104 0
104 139 109 0
67 99 73 0
77 48 73 0
73 104 77 0
99 104 73 0
73 45 67 0
73 48 45 0
99 94 127 0
53 74 79 0
79 57 53 0
86 57 79 0
111 86 79 0
274 244 228 0
228 253 274 0
228 208 185 0
244 208 228 0
95 87 122 0
175 204 215 0
247 212 202 0
266 276 227 0
203 170 164 0
164 127 155 0
149 183 189 0
189 155 149 0
139 170 179 0
315 378 335 0
335 378 389 0
413 355 404 0
455 413 404 0
389 378 438 0
438 485 498 0
528 479 466 0
466 413 455 0
463 448 503 0
482 416 463 0
463 416 448 0
503 448 489 0
489 546 503 0
489 535 546 0
489 479 535 0
223 215 260 0
242 280 290 0
290 253 242 0
347 398 368 0
289 324 347 0
347 384 398 0
324 384 347 0
368 314 347 0
314 289 347 0
290 355 303 0
303 253 290 0
274 253 303 0
303 324 274 0
47 74 53 0
47 53 32 0
71 43 66 0
71 102 74 0
74 47 71 0
71 47 43 0
66 97 71 0
97 102 71 0
54 83 61 0
83 89 61 0
61 89 66 0
61 36 54 0
66 39 61 0
39 36 61 0
178 144 136 0
183 144 178 0
178 136 167 0
167 212 178 0
107 102 136 0
136 144 107 0
107 144 111 0
74 102 107 0
111 79 107 0
107 79 74 0
730 706 716 0
540 504 482 0
550 526 491 0
751 788 752 0
752 779 727 0
752 788 779 0
746 809 764 0
746 764 682 0
682 673 746 0
746 673 727 0
727 779 746 0
779 809 746 0
549 501 567 0
549 534 474 0
474 501 549 0
602 666 673 0
602 673 596 0
596 517 602 0
517 534 602 0
980 1064 1022 0
1064 1116 1022 0
1022 920 980 0
1203 1116 1135 0
1135 1198 1203 0
1006 1072 1064 0
1006 938 957 0
980 938 1006 0
1006 1064 980 0
1731 1662 1745 0
1731 1648 1662 0
1839 1873 1911 0
1010 1269 1027 0
1371 1279 1280 0
1371 1368 1279 0
1280 1373 1371 0
1457 1368 1371 0
1371 1373 1459 0
1459 1457 1371 0
1451 1368 1453 0
1453 1368 1457 0
1275 1277 1366 0
1277 1368 1366 0
1366 1368 1451 0
845 867 851 0
851 831 845 0
837 831 851 0
851 870 837 0
964 943 960 0
960 979 964 0
976 979 960 0
1275 976 960 0
960 1277 1275 0
960 943 1277 0
896 890 913 0
913 917 896 0
896 917 902 0
902 881 896 0
913 890 907 0
907 929 913 0
926 929 907 0
907 890 446 0
907 446 440 0
1280 926 907 0
907 906 1280 0
878 896 881 0
890 896 878 0
446 890 457 0
457 399 446 0
457 878 468 0
890 878 457 0
785 801 810 0
810 839 820 0
785 528 516 0
516 801 785 0
516 466 455 0
528 466 516 0
1094 1256 1109 0
1259 1094 1079 0
1062 1261 1079 0
1079 1261 1259 0
1196 1163 1178 0
680 594 694 0
694 688 680 0
582 706 694 0
694 594 582 0
573 706 582 0
594 540 582 0
1562 1480 1588 0
1452 1509 1894 0
1588 1480 1506 0
1506 1531 1588 0
1507 1531 1484 0
1179 1205 1183 0
1284 1227 1262 0
1262 1246 1303 0
1024 987 1005 0
1005 1000 1021 0
1002 952 969 0
1024 1002 969 0
969 987 1024 0
916 870 885 0
902 935 885 0
935 916 885 0
885 881 902 0
885 867 881 0
885 851 867 0
870 851 885 0
1898 1904 1989 0
1898 1989 1987 0
1987 1890 1898 0
1890 1816 1898 0
1729 1704 1817 0
1704 1806 1817 0
1897 1904 1817 0
1817 1806 1897 0
1800 1807 1882 0
1882 1873 1800 0
1800 1873 1839 0
1839 1759 1800 0
1596 1726 1690 0
1690 1800 1759 0
1690 1726 1807 0
1807 1800 1690 0
1212 1243 1202 0
1202 1193 1212 0
1202 1243 1226 0
1226 1193 1202 0
1226 1290 1213 0
1213 1182 1226 0
1213 1246 1195 0
1213 1290 1246 0
1195 1174 1213 0
1174 1182 1213 0
1534 1472 1571 0
1581 1512 1534 0
1534 1602 1581 0
1534 1648 1602 0
1571 1648 1534 0
1254 1282 1367 0
1485 1582 1571 0
1571 1472 1485 0
1472 1367 1485 0
1325 1331 1303 0
1380 1331 1325 0
1303 1290 1325 0
1423 1395 1471 0
1432 1534 1512 0
1472 1534 1432 0
1154 1139 1180 0
1139 1164 1180 0
1180 1200 1154 0
1180 1233 1200 0
1048 1066 1028 0
1028 1266 1268 0
1119 1164 1139 0
1085 1103 1063 0
1063 1260 1263 0
1160 1231 1235 0
1235 1151 1160 0
1173 1231 1160 0
1151 1199 1160 0
1229 1173 1160 0
1322 1211 1319 0
1309 1422 1319 0
1319 1426 1322 0
1319 1422 1426 0
1201 1211 1194 0
1309 1319 1201 0
1201 1319 1211 0
1194 1297 1301 0
1309 1201 1301 0
1301 1201 1194 0
1301 1415 1309 0
1404 1415 1301 0
1301 1400 1404 0
1301 1297 1400 0
1283 1181 1248 0
1283 1297 1181 0
1283 1378 1392 0
1392 1297 1283 0
1473 1397 1434 0
1473 1411 1397 0
1434 1508 1473 0
1473 1508 1523 0
1438 1420 1513 0
1574 1585 1513 0
1513 1585 1597 0
1683 1687 1594 0
1687 1683 1772 0
1772 1849 1852 0
1308 1233 1289 0
1308 1267 1233 0
1330 1267 1308 0
1308 1289 1336 0
1336 1382 1308 0
1382 1330 1308 0
1229 1299 1317 0
1317 1326 1229 0
1397 1326 1317 0
1317 1379 1397 0
1299 1379 1317 0
1248 1326 1346 0
1346 1283 1248 0
1378 1283 1346 0
1346 1326 1420 0
1438 1378 1346 0
1346 1420 1438 0
1218 1299 1229 0
1229 1160 1218 0
1218 1160 1199 0
1242 1199 1185 0
1242 1300 1321 0
1150 1132 1153 0
1168 1126 1150 0
1126 1107 1150 0
1107 1132 1150 0
1112 1090 1092 0
1132 1090 1112 0
1134 1132 1112 0
1092 1115 1112 0
1112 1115 1134 0
1052 1076 1071 0
1071 1034 1052 0
1052 1034 1036 0
1036 1042 1058 0
1058 1052 1036 0
1076 1052 1058 0
1058 1055 1070 0
1058 1042 1055 0
1070 1084 1058 0
1084 1076 1058 0
1089 1069 1108 0
1089 1129 1106 0
1108 1129 1089 0
1106 1066 1089 0
1089 1066 1048 0
1048 1069 1089 0
791 796 773 0
773 759 754 0
773 796 774 0
774 759 773 0
773 754 766 0
766 791 773 0
859 833 874 0
859 874 883 0
883 876 859 0
859 871 863 0
876 871 859 0
863 855 859 0
855 833 859 0
804 833 838 0
883 874 893 0
923 908 934 0
934 939 923 0
919 936 922 0
908 923 919 0
739 756 762 0
756 783 762 0
762 728 739 0
876 888 882 0
882 871 876 0
888 886 882 0
886 871 882 0
898 888 903 0
903 893 914 0
903 888 883 0
883 893 903 0
922 921 909 0
909 914 922 0
898 903 909 0
909 903 914 0
816 815 826 0
816 808 815 0
783 789 765 0
765 762 783 0
114 174 142 0
117 90 142 0
142 90 114 0
142 169 117 0
142 174 193 0
193 169 142 0
65 90 44 0
65 44 24 0
114 90 65 0
65 93 114 0
13 34 29 0
26 9 29 0
29 9 13 0
29 34 59 0
59 72 101 0
101 72 117 0
63 58 92 0
58 85 92 0
1153 1159 1177 0
1177 1175 1191 0
1177 1159 1175 0
1177 1191 1206 0
1206 1197 1177 0
1192 1197 1219 0
1168 1150 1192 0
1315 1239 1295 0
1295 1318 1315 0
1295 1298 1318 0
1312 1292 1237 0
1386 1433 1409 0
1386 1409 1336 0
1336 1314 1386 0
1314 1339 1386 0
1429 1407 1476 0
1429 1496 1478 0
1429 1476 1496 0
1385 1407 1429 0
1315 1318 1344 0
1344 1388 1315 0
1228 1257 1219 0
1228 1197 1206 0
1219 1197 1228 0
1025 1029 1016 0
1007 1025 1016 0
1016 1004 1007 0
995 1004 1018 0
1018 1029 1014 0
1018 1016 1029 0
1004 1016 1018 0
942 934 918 0
918 955 942 0
955 951 942 0
963 951 955 0
1039 1046 1030 0
1046 1037 1030 0
1007 1039 1030 0
1030 1025 1007 0
1030 1037 1025 0
383 393 331 0
393 341 331 0
331 341 278 0
546 745 558 0
503 546 558 0
407 417 358 0
399 457 407 0
468 417 407 0
407 457 468 0
361 370 300 0
300 293 361 0
285 341 353 0
353 293 285 0
278 341 285 0
531 541 521 0
521 523 531 0
515 786 800 0
520 523 508 0
520 508 492 0
492 509 520 0
683 672 703 0
620 595 631 0
633 620 631 0
654 653 642 0
631 619 642 0
642 637 654 0
642 619 637 0
658 653 672 0
672 683 658 0
672 653 664 0
664 686 672 0
664 653 654 0
654 665 664 0
443 423 461 0
461 471 443 0
217 277 231 0
186 173 231 0
173 217 231 0
294 271 252 0
252 287 294 0
252 207 241 0
241 287 252 0
241 207 186 0
186 231 241 0
532 509 525 0
532 520 509 0
717 572 705 0
705 710 717 0
717 731 563 0
563 572 717 0
705 583 695 0
539 525 518 0
543 532 544 0
544 532 525 0
525 539 544 0
566 590 577 0
577 554 566 0
709 693 689 0
689 693 676 0
637 629 652 0
654 637 652 0
652 665 654 0
703 704 726 0
704 723 726 0
734 720 703 0
703 726 734 0
781 777 793 0
769 777 781 0
744 742 755 0
755 757 744 0
767 757 755 0
755 760 767 0
721 717 710 0
780 794 771 0
771 757 780 0
780 757 767 0
767 781 780 0
793 794 780 0
780 781 793 0
800 786 806 0
786 794 806 0
1929 1931 1979 0
1979 1976 1929 0
1929 1976 1927 0
1862 1931 1929 0
1927 1864 1929 0
1929 1864 1862 0
1896 1893 1843 0
1843 1845 1896 0
1843 1893 1841 0
1782 1845 1843 0
1843 1780 1782 0
1841 1780 1843 0
1903 1945 1943 0
1943 1900 1903 0
1903 1900 1848 0
1940 1900 1943 0
1936 1900 1940 0
1940 1943 1937 0
1937 1936 1940 0
1785 1845 1782 0
1848 1845 1785 0
1782 1716 1785 0
1785 1716 1718 0
1853 1850 1789 0
1789 1855 1853 0
1792 1855 1789 0
1789 1722 1792 0
1789 1720 1722 0
1778 1780 1841 0
1841 1838 1778 0
1716 1780 1714 0
1712 1639 1714 0
1714 1778 1712 0
1780 1778 1714 0
1773 1770 1707 0
1858 1794 1796 0
1861 1858 1796 0
1796 1798 1861 0
1719 1798 1796 0
1796 1721 1719 0
1796 1794 1721 0
1463 1461 1375 0
1375 1377 1463 0
1375 1461 1373 0
1276 1377 1375 0
1375 1373 1278 0
1278 1276 1375 0
1372 1467 1374 0
1374 1273 1372 0
1274 1273 1374 0
1374 1377 1274 0
1637 1707 1635 0
1637 1639 1712 0
1251 1255 1110 0
1110 1121 1251 0
1251 1121 1249 0
1249 1356 1251 0
1358 1255 1251 0
1251 1356 1358 0
1354 1356 1249 0
1249 1244 1354 0
1354 1244 1352 0
1354 1352 1454 0
1456 1458 1356 0
1456 1354 1454 0
1356 1354 1456 0
1552 1458 1456 0
1454 1550 1456 0
1456 1550 1552 0
1358 1458 1361 0
1361 1363 1258 0
1258 1255 1361 0
1361 1255 1358 0
1460 1554 1556 0
1460 1458 1554 0
1556 1462 1460 0
1460 1361 1458 0
1462 1363 1460 0
1363 1361 1460 0
1462 1559 1464 0
1365 1462 1464 0
1369 1466 1370 0
1369 1266 1365 0
1365 1464 1369 0
1369 1464 1466 0
1268 1266 1369 0
1369 1370 1268 0
1435 1537 1440 0
1537 1539 1440 0
1440 1328 1435 0
1541 1444 1442 0
1442 1539 1541 0
1442 1440 1539 0
1442 1444 1333 0
1333 1328 1442 0
1328 1440 1442 0
1532 1535 1426 0
1532 1422 1528 0
1426 1422 1532 0
1532 1627 1535 0
1418 1415 1517 0
1415 1514 1517 0
1599 1604 1504 0
1594 1687 1599 0
1695 1604 1599 0
1504 1604 1510 0
1404 1504 1510 0
1510 1514 1404 0
1579 1669 1675 0
1594 1599 1494 0
1494 1599 1504 0
1504 1400 1494 0
1400 1488 1494 0
1470 1378 1438 0
1475 1416 1419 0
1350 1419 1416 0
1296 1282 1287 0
1236 1245 1296 0
1296 1287 1236 0
1236 1287 1230 0
1225 1287 1282 0
1230 1287 1225 0
1225 1182 1174 0
1174 1230 1225 0
1310 1393 1394 0
1310 1320 1393 0
1391 1393 1381 0
1393 1320 1381 0
1334 1256 1259 0
1252 1109 1256 0
1272 976 1275 0
1272 993 976 0
1010 993 1271 0
1271 1269 1010 0
993 1272 1271 0
1357 1269 1271 0
1489 1436 1495 0
1495 1436 1441 0
1586 1489 1495 0
1441 1443 1505 0
1443 1511 1505 0
1505 1495 1441 0
1505 1511 1567 0
1505 1567 1586 0
1586 1495 1505 0
1611 1665 1661 0
1568 1515 1518 0
1518 1525 1568 0
1518 1515 1445 0
1533 1590 1529 0
1836 1868 1799 0
1799 1766 1836 0
1899 1902 1829 0
1895 1962 1899 0
1964 1902 1899 0
1899 1962 1964 0
1434 1379 1417 0
1417 1398 1455 0
1417 1379 1340 0
1340 1398 1417 0
1417 1487 1434 0
1417 1455 1487 0
1523 1508 1575 0
1575 1591 1523 0
1574 1561 1609 0
1561 1591 1609 0
1521 1584 1563 0
1844 1918 1847 0
1847 1767 1844 0
1920 1980 1923 0
1923 1852 1920 0
1852 1849 1920 0
1920 1847 1918 0
1849 1847 1920 0
1920 1978 1980 0
1920 1918 1978 0
1842 1916 1844 0
1842 1914 1916 0
1905 1968 1907 0
1970 1909 1907 0
1907 1968 1970 0
1829 1743 1824 0
1824 1743 1820 0
1824 1899 1829 0
1824 1820 1895 0
1895 1899 1824 0
1909 1837 1834 0
1834 1907 1909 0
1725 1799 1802 0
1691 1766 1725 0
1766 1799 1725 0
1725 1646 1691 0
1820 1743 1739 0
1739 1660 1652 0
1743 1660 1739 0
1630 1715 1632 0
1632 1537 1630 0
1537 1535 1630 0
1535 1627 1630 0
1614 1700 1702 0
1702 1786 1706 0
1697 1604 1695 0
1695 1779 1697 0
1697 1779 1781 0
1781 1700 1697 0
1784 1860 1786 0
1786 1702 1784 0
1781 1859 1784 0
1859 1860 1784 0
1784 1700 1781 0
1784 1702 1700 0
1924 1856 1854 0
1923 1924 1854 0
1854 1852 1923 0
1854 1856 1777 0
1871 1868 1935 0
1871 1876 1802 0
1802 1799 1871 0
1871 1799 1868 0
1895 1820 1892 0
1955 1958 1892 0
1892 1960 1895 0
1892 1958 1960 0
1949 1952 1885 0
1658 1710 1671 0
1658 1609 1591 0
1671 1609 1658 0
1808 1801 1833 0
1808 1833 1870 0
1870 1818 1808 0
1808 1818 1755 0
1563 1584 1606 0
1566 1583 1607 0
1607 1584 1566 0
1566 1521 1499 0
1584 1521 1566 0
1749 1783 1809 0
56 48 77 0
56 81 60 0
56 77 81 0
67 40 62 0
62 57 86 0
62 94 67 0
86 94 62 0
38 35 57 0
57 62 38 0
38 62 40 0
38 84 35 0
121 127 94 0
121 86 111 0
121 94 86 0
121 111 149 0
149 155 121 0
155 127 121 0
132 104 99 0
99 127 132 0
139 104 132 0
127 164 132 0
132 170 139 0
132 164 170 0
248 204 239 0
204 197 239 0
239 292 248 0
190 227 235 0
235 197 190 0
235 239 197 0
227 276 235 0
253 228 214 0
199 242 214 0
214 242 253 0
214 228 185 0
112 122 87 0
112 81 109 0
112 87 81 0
166 197 204 0
204 175 166 0
343 352 281 0
258 247 302 0
212 247 258 0
322 348 299 0
299 294 322 0
271 294 299 0
182 172 134 0
220 172 182 0
118 78 82 0
301 292 358 0
248 292 301 0
301 260 248 0
315 260 301 0
292 239 284 0
284 235 276 0
239 235 284 0
183 178 218 0
218 178 212 0
212 258 218 0
213 170 203 0
213 179 170 0
367 355 413 0
367 303 355 0
367 384 324 0
324 303 367 0
434 448 398 0
398 384 434 0
479 489 434 0
434 489 448 0
369 378 315 0
315 301 369 0
369 301 358 0
358 417 369 0
272 335 280 0
272 223 260 0
272 260 315 0
315 335 272 0
344 404 355 0
280 335 344 0
344 335 389 0
389 404 344 0
344 355 290 0
290 280 344 0
389 438 444 0
455 404 444 0
444 404 389 0
444 438 498 0
429 438 378 0
429 369 417 0
378 369 429 0
429 417 476 0
476 485 429 0
485 438 429 0
280 242 233 0
233 272 280 0
223 272 233 0
233 188 223 0
233 242 199 0
199 188 233 0
22 43 28 0
43 47 28 0
28 47 32 0
613 650 659 0
613 549 567 0
751 752 719 0
749 775 751 0
751 730 749 0
763 775 749 0
749 745 763 0
573 582 529 0
529 582 540 0
529 540 482 0
482 463 529 0
559 540 594 0
504 540 559 0
708 752 727 0
727 666 708 0
708 666 659 0
708 719 752 0
1307 1203 1198 0
1307 1286 1399 0
1198 1286 1307 0
1053 1096 1023 0
1023 982 1053 0
982 1002 1053 0
1053 1002 1024 0
1024 1080 1053 0
1056 989 1023 0
1023 1096 1056 0
1869 1562 1588 0
1839 1911 1889 0
1938 1946 1992 0
1938 1873 1946 0
1938 1911 1873 0
1203 1307 1951 0
1000 979 998 0
993 1017 998 0
976 993 998 0
998 979 976 0
1445 1443 1359 0
1359 1443 1357 0
1357 1271 1359 0
1359 1271 1272 0
1449 1366 1451 0
1449 1529 1525 0
1451 1533 1449 0
1533 1529 1449 0
857 867 845 0
857 845 476 0
881 867 857 0
857 878 881 0
476 468 857 0
468 878 857 0
823 814 837 0
837 853 823 0
823 801 814 0
823 810 801 0
853 839 823 0
839 810 823 0
820 778 795 0
795 810 820 0
785 810 795 0
795 772 785 0
778 772 795 0
814 801 506 0
801 516 506 0
506 498 814 0
506 516 455 0
455 444 506 0
506 444 498 0
1137 1145 1122 0
1109 1252 1122 0
1145 1128 1122 0
1122 1128 1109 0
1152 1163 1137 0
1152 1178 1163 0
1137 1245 1152 0
1245 1236 1152 0
1161 1174 1195 0
1195 1178 1161 0
1178 1152 1161 0
1161 1230 1174 0
1161 1236 1230 0
1161 1152 1236 0
594 680 606 0
578 559 606 0
606 559 594 0
1588 1531 1619 0
1659 1677 1754 0
1509 1452 1396 0
1413 1506 1480 0
1413 1341 1389 0
1210 1186 1183 0
1210 1205 1234 0
1183 1205 1210 0
1423 1428 1402 0
1477 1428 1423 0
1423 1471 1477 0
1477 1471 1497 0
1497 1503 1477 0
1437 1484 1412 0
1383 1331 1380 0
1383 1412 1389 0
1232 1227 1284 0
1284 1288 1232 0
1232 1288 1234 0
1234 1205 1232 0
1205 1179 1204 0
1227 1232 1204 0
1204 1232 1205 0
1196 1227 1204 0
1155 1128 1145 0
1136 1128 1155 0
1284 1262 1305 0
1311 1284 1305 0
1303 1331 1305 0
1305 1262 1303 0
1246 1262 1222 0
1196 1178 1222 0
1222 1227 1196 0
1222 1262 1227 0
1195 1246 1222 0
1222 1178 1195 0
1021 1000 1020 0
1020 1040 1021 0
1020 998 1017 0
1000 998 1020 0
1024 1005 1043 0
1043 1005 1021 0
1043 1080 1024 0
1043 1101 1080 0
1000 1005 984 0
984 979 1000 0
987 968 984 0
984 1005 987 0
984 968 964 0
964 979 984 0
948 968 987 0
987 969 948 0
948 929 946 0
946 968 948 0
1819 1817 1904 0
1819 1898 1816 0
1904 1898 1819 0
1819 1816 1730 0
1819 1730 1729 0
1729 1817 1819 0
1674 1582 1596 0
1596 1690 1674 0
1662 1582 1674 0
1674 1690 1759 0
1745 1662 1674 0
1674 1759 1745 0
1387 1367 1282 0
1387 1296 1394 0
1387 1282 1296 0
1387 1485 1367 0
1596 1582 1492 0
1582 1485 1492 0
1492 1603 1596 0
1492 1387 1394 0
1485 1387 1492 0
1304 1395 1351 0
1351 1290 1304 0
1351 1325 1290 0
1351 1395 1423 0
1423 1402 1351 0
1380 1325 1351 0
1351 1402 1380 0
1490 1432 1512 0
1345 1367 1472 0
1472 1432 1345 0
1254 1367 1345 0
1345 1243 1254 0
1324 1243 1345 0
1233 1180 1207 0
1207 1187 1238 0
1207 1164 1187 0
1207 1180 1164 0
1238 1289 1207 0
1289 1233 1207 0
1009 1033 1048 0
1048 1028 1009 0
992 1033 1009 0
1009 1028 1268 0
1009 1270 992 0
1009 1268 1270 0
1164 1119 1144 0
1125 1167 1144 0
1144 1103 1125 0
1144 1119 1103 0
1144 1167 1187 0
1187 1164 1144 0
1103 1119 1078 0
1078 1063 1103 0
1258 1260 1078 0
1260 1063 1078 0
1044 1028 1066 0
1044 1066 1085 0
1085 1063 1044 0
1044 1063 1263 0
1263 1266 1044 0
1266 1028 1044 0
1438 1513 1527 0
1527 1470 1438 0
1560 1470 1527 0
1527 1513 1597 0
1527 1613 1560 0
1597 1613 1527 0
1486 1420 1411 0
1411 1473 1486 0
1523 1561 1486 0
1486 1473 1523 0
1687 1772 1774 0
1774 1772 1852 0
1774 1854 1777 0
1852 1854 1774 0
1769 1772 1683 0
1767 1847 1769 0
1849 1772 1769 0
1769 1847 1849 0
1223 1242 1185 0
1223 1170 1200 0
1185 1170 1223 0
1200 1267 1223 0
1223 1267 1300 0
1300 1242 1223 0
1285 1218 1199 0
1199 1242 1285 0
1299 1218 1285 0
1285 1242 1321 0
1321 1340 1285 0
1340 1299 1285 0
847 833 855 0
847 838 833 0
847 855 865 0
874 908 904 0
904 893 874 0
914 893 904 0
931 939 936 0
936 919 931 0
931 923 939 0
931 919 923 0
741 725 738 0
738 765 741 0
762 765 738 0
728 762 738 0
715 728 738 0
738 725 715 0
887 886 898 0
793 797 803 0
803 794 793 0
803 806 794 0
829 838 843 0
843 835 829 0
829 815 804 0
804 838 829 0
826 815 829 0
829 835 826 0
42 65 24 0
42 12 23 0
42 24 12 0
23 70 42 0
70 93 42 0
93 65 42 0
322 294 345 0
390 409 402 0
392 382 371 0
52 29 59 0
26 29 52 0
88 101 134 0
59 101 88 0
88 52 59 0
82 52 88 0
63 92 98 0
103 69 98 0
98 69 63 0
1217 1192 1219 0
1217 1295 1239 0
1217 1239 1188 0
1217 1188 1168 0
1168 1192 1217 0
1197 1192 1172 0
1153 1177 1172 0
1172 1177 1197 0
1172 1150 1153 0
1172 1192 1150 0
1291 1239 1315 0
1291 1312 1237 0
1237 1214 1291 0
1214 1239 1291 0
1337 1291 1315 0
1312 1291 1337 0
1315 1388 1337 0
1388 1410 1337 0
1335 1407 1385 0
1335 1385 1313 0
1313 1292 1335 0
1292 1312 1335 0
1433 1386 1408 0
1385 1429 1408 0
1408 1339 1385 0
1408 1386 1339 0
1478 1433 1408 0
1408 1429 1478 0
995 1018 1003 0
999 990 1003 0
1003 1014 999 0
1003 1018 1014 0
990 973 985 0
995 1003 985 0
985 1003 990 0
967 995 985 0
985 955 967 0
985 973 955 0
972 961 965 0
965 942 951 0
965 963 972 0
951 963 965 0
950 939 934 0
934 942 950 0
942 965 950 0
947 939 950 0
950 961 947 0
950 965 961 0
955 973 970 0
970 963 955 0
970 986 972 0
972 963 970 0
316 373 383 0
383 331 316 0
316 302 373 0
316 258 302 0
732 558 745 0
745 749 732 0
732 730 716 0
732 749 730 0
388 399 340 0
340 284 276 0
530 541 545 0
530 521 541 0
519 521 530 0
527 771 786 0
786 515 527 0
523 520 533 0
542 531 533 0
531 523 533 0
533 543 542 0
533 532 543 0
520 532 533 0
644 633 641 0
641 658 644 0
641 633 631 0
653 658 641 0
631 642 641 0
641 642 653 0
677 693 704 0
704 686 677 0
686 664 677 0
677 664 665 0
677 665 676 0
676 693 677 0
423 443 414 0
400 366 374 0
374 414 400 0
287 241 282 0
282 277 326 0
282 231 277 0
282 241 231 0
679 695 593 0
593 607 679 0
593 695 583 0
590 607 593 0
577 590 593 0
593 583 577 0
667 679 668 0
679 607 668 0
620 633 624 0
551 539 518 0
561 566 553 0
543 544 553 0
553 554 543 0
553 566 554 0
710 691 700 0
700 721 710 0
702 725 709 0
709 689 702 0
715 725 702 0
702 689 690 0
702 701 715 0
702 690 701 0
690 689 675 0
675 689 676 0
787 797 793 0
793 777 787 0
741 765 747 0
747 723 741 0
747 726 723 0
753 726 747 0
747 761 753 0
753 760 740 0
740 726 753 0
740 734 726 0
767 760 770 0
770 781 767 0
770 760 753 0
753 761 770 0
769 781 770 0
770 761 769 0
731 717 733 0
717 721 733 0
733 742 731 0
733 721 718 0
750 755 742 0
742 737 750 0
760 755 750 0
750 740 760 0
750 737 734 0
734 740 750 0
1948 1945 1906 0
1945 1903 1906 0
1950 1948 1906 0
1848 1850 1906 0
1906 1903 1848 0
1787 1789 1850 0
1787 1850 1848 0
1848 1785 1787 0
1720 1789 1787 0
1718 1720 1787 0
1787 1785 1718 0
1712 1778 1775 0
1641 1714 1639 0
1641 1556 1643 0
1643 1716 1641 0
1716 1714 1641 0
1641 1559 1556 0
1641 1639 1559 0
1934 1804 1874 0
1991 1934 1874 0
1874 1937 1991 0
1874 1881 1937 0
1773 1775 1832 0
1886 1888 1937 0
1937 1881 1886 0
1886 1881 1838 0
1841 1888 1886 0
1886 1838 1841 0
1804 1740 1744 0
1744 1748 1804 0
1744 1740 1688 0
1696 1628 1698 0
1635 1707 1703 0
1703 1707 1770 0
1465 1374 1467 0
1463 1377 1465 0
1377 1374 1465 0
1559 1639 1557 0
1639 1637 1557 0
1557 1464 1559 0
1466 1464 1557 0
1708 1637 1712 0
1707 1637 1708 0
1712 1775 1708 0
1773 1707 1708 0
1708 1775 1773 0
1633 1553 1635 0
1635 1703 1633 0
1547 1461 1463 0
1627 1532 1625 0
1623 1711 1625 0
1528 1623 1625 0
1625 1532 1528 0
1524 1517 1620 0
1524 1623 1528 0
1524 1620 1623 0
1418 1517 1524 0
1524 1422 1418 0
1528 1422 1524 0
1620 1517 1617 0
1614 1702 1617 0
1617 1514 1614 0
1617 1517 1514 0
1706 1620 1617 0
1617 1702 1706 0
1695 1599 1692 0
1692 1599 1687 0
1687 1774 1692 0
1777 1695 1692 0
1692 1774 1777 0
1610 1510 1604 0
1604 1697 1610 0
1614 1514 1610 0
1514 1510 1610 0
1610 1700 1614 0
1610 1697 1700 0
1488 1579 1589 0
1594 1494 1589 0
1589 1494 1488 0
1589 1683 1594 0
1576 1579 1488 0
1576 1660 1664 0
1664 1669 1576 0
1669 1579 1576 0
1392 1378 1482 0
1378 1470 1482 0
1482 1488 1392 0
1482 1576 1488 0
1264 1350 1261 0
1264 1261 1062 0
1062 1045 1264 0
1355 1436 1427 0
1357 1436 1355 0
1355 1269 1357 0
1419 1350 1421 0
1475 1419 1421 0
1421 1483 1475 0
1427 1483 1421 0
1221 1225 1282 0
1254 1212 1221 0
1221 1282 1254 0
1182 1225 1221 0
1212 1193 1221 0
1193 1182 1221 0
1296 1245 1302 0
1245 1310 1302 0
1394 1296 1302 0
1302 1310 1394 0
1261 1350 1348 0
1348 1416 1405 0
1348 1350 1416 0
1256 1334 1327 0
1327 1252 1256 0
1391 1381 1327 0
1327 1334 1391 0
1651 1661 1653 0
1651 1611 1661 0
1665 1611 1615 0
1618 1670 1615 0
1670 1665 1615 0
1615 1540 1618 0
1615 1611 1540 0
1598 1651 1653 0
1540 1611 1538 0
1457 1540 1538 0
1538 1453 1457 0
1580 1529 1590 0
1580 1590 1653 0
1580 1577 1525 0
1525 1529 1580 0
1653 1678 1580 0
1678 1577 1580 0
1545 1508 1487 0
1545 1575 1508 0
1647 1585 1574 0
1574 1609 1647 0
1647 1609 1671 0
1675 1669 1760 0
1834 1751 1831 0
1829 1905 1831 0
1905 1907 1831 0
1907 1834 1831 0
1664 1660 1747 0
1747 1751 1664 0
1747 1660 1743 0
1747 1743 1829 0
1829 1831 1747 0
1747 1831 1751 0
1820 1739 1814 0
1814 1892 1820 0
1732 1725 1802 0
1732 1739 1652 0
1732 1652 1646 0
1646 1725 1732 0
1715 1630 1713 0
1713 1630 1627 0
1713 1793 1715 0
1627 1625 1713 0
1713 1625 1711 0
1791 1793 1713 0
1713 1711 1791 0
1706 1786 1709 0
1709 1711 1623 0
1623 1620 1709 0
1709 1620 1706 0
1942 1944 1876 0
1949 1885 1880 0
1876 1944 1880 0
1887 1952 1955 0
1887 1885 1952 0
1955 1892 1887 0
1892 1814 1887 0
1887 1814 1885 0
1749 1727 1686 0
1686 1647 1671 0
1758 1710 1742 0
1710 1658 1682 0
1742 1710 1682 0
1563 1606 1578 0
1591 1575 1631 0
1631 1658 1591 0
1663 1682 1631 0
1631 1682 1658 0
1666 1606 1650 0
1650 1584 1607 0
1650 1606 1584 0
1565 1583 1522 0
1583 1566 1522 0
1522 1498 1565 0
1522 1566 1499 0
1479 1498 1522 0
1522 1499 1479 0
1749 1809 1762 0
1801 1736 1762 0
1762 1727 1749 0
1762 1736 1727 0
1833 1801 1822 0
1801 1762 1822 0
1822 1762 1809 0
105 138 120 0
45 48 68 0
68 40 45 0
122 112 150 0
150 184 190 0
185 152 176 0
152 138 176 0
176 214 185 0
199 214 176 0
135 166 175 0
317 255 312 0
251 310 312 0
312 255 251 0
281 352 288 0
352 356 288 0
338 343 281 0
279 320 318 0
360 348 322 0
322 345 360 0
360 345 371 0
371 382 360 0
286 320 279 0
321 299 339 0
339 299 348 0
357 321 339 0
339 364 357 0
348 364 339 0
50 78 80 0
55 50 80 0
80 85 55 0
147 169 198 0
198 182 147 0
147 182 134 0
117 169 147 0
147 101 117 0
134 101 147 0
268 261 220 0
279 318 268 0
309 261 268 0
220 261 211 0
211 172 220 0
306 261 309 0
129 98 92 0
129 165 168 0
201 159 157 0
278 285 236 0
184 179 219 0
179 213 219 0
227 184 219 0
219 213 257 0
219 266 227 0
219 257 266 0
479 434 421 0
413 466 421 0
421 466 479 0
421 367 413 0
384 367 421 0
421 434 384 0
223 188 180 0
180 175 215 0
215 223 180 0
180 188 151 0
549 613 609 0
666 602 609 0
659 666 609 0
609 613 659 0
534 549 609 0
609 602 534 0
650 640 662 0
662 680 688 0
617 640 650 0
617 613 567 0
650 613 617 0
712 719 688 0
706 730 712 0
712 730 751 0
751 719 712 0
712 688 694 0
694 706 712 0
573 529 513 0
503 558 513 0
513 463 503 0
513 529 463 0
578 550 524 0
524 559 578 0
504 559 524 0
524 550 491 0
491 462 524 0
524 462 504 0
719 708 685 0
688 719 685 0
659 650 685 0
685 708 659 0
685 662 688 0
650 662 685 0
953 989 1008 0
989 1056 1008 0
1008 957 953 0
1008 1056 1072 0
1008 1006 957 0
1072 1006 1008 0
1124 1056 1096 0
1072 1056 1124 0
1135 1072 1124 0
1124 1198 1135 0
1481 1503 1507 0
1507 1484 1481 0
1481 1484 1437 0
1437 1428 1481 0
1428 1477 1481 0
1481 1477 1503 0
1507 1503 1530 0
1564 1512 1581 0
1564 1490 1512 0
1581 1602 1654 0
1654 1612 1581 0
1846 1878 1894 0
1509 1562 1879 0
1562 1869 1879 0
1894 1509 1879 0
1879 1846 1894 0
1869 1846 1879 0
1699 1705 1673 0
1986 1938 1992 0
1911 1938 1986 0
1986 1951 1911 0
1894 1878 1933 0
1878 1889 1933 0
1399 1452 1933 0
1933 1452 1894 0
1941 1889 1911 0
1911 1951 1941 0
1941 1933 1889 0
1941 1951 1307 0
1941 1307 1399 0
1399 1933 1941 0
1366 1449 1364 0
1275 1366 1364 0
1364 1272 1275 0
1250 1122 1252 0
1250 1310 1245 0
1250 1245 1137 0
1137 1122 1250 0
1320 1310 1250 0
1250 1252 1320 0
1059 1057 1081 0
1027 1045 1054 0
1098 1120 1102 0
1102 1081 1098 0
669 606 680 0
680 662 669 0
1588 1619 1813 0
1754 1677 1741 0
1677 1705 1741 0
1705 1699 1741 0
1329 1396 1452 0
1329 1452 1399 0
1399 1286 1329 0
1329 1286 1208 0
1208 1253 1329 0
1329 1253 1396 0
1509 1396 1425 0
1480 1562 1425 0
1425 1562 1509 0
1143 1184 1123 0
1123 1102 1143 0
1143 1120 1165 0
1143 1102 1120 0
1156 1253 1208 0
1184 1253 1156 0
1080 1101 1156 0
1156 1101 1123 0
1123 1184 1156 0
1209 1143 1165 0
1184 1143 1209 0
1390 1413 1480 0
1480 1425 1390 0
1390 1425 1338 0
1341 1413 1390 0
1506 1413 1439 0
1531 1506 1439 0
1439 1484 1531 0
1439 1412 1484 0
1439 1413 1389 0
1389 1412 1439 0
1406 1383 1380 0
1380 1402 1406 0
1406 1402 1428 0
1406 1428 1437 0
1437 1412 1406 0
1412 1383 1406 0
1157 1140 1136 0
1136 1155 1157 0
1157 1155 1179 0
1157 1179 1183 0
1141 1186 1165 0
1165 1120 1141 0
1176 1155 1145 0
1176 1163 1196 0
1145 1163 1176 0
1196 1204 1176 0
1176 1204 1179 0
1179 1155 1176 0
1331 1383 1332 0
1332 1305 1331 0
1311 1305 1332 0
1332 1383 1389 0
1332 1341 1311 0
1389 1341 1332 0
1059 1040 1038 0
1040 1020 1038 0
1038 1057 1059 0
1038 1020 1017 0
933 969 952 0
933 948 969 0
933 952 917 0
933 917 913 0
913 929 933 0
929 948 933 0
1603 1492 1501 0
1500 1608 1501 0
1501 1608 1603 0
1501 1492 1394 0
1394 1393 1501 0
1501 1393 1500 0
1414 1490 1471 0
1432 1490 1414 0
1414 1471 1395 0
1414 1395 1324 0
1324 1345 1414 0
1414 1345 1432 0
1093 1078 1119 0
1093 1139 1110 0
1093 1119 1139 0
1110 1255 1093 0
1093 1255 1258 0
1258 1078 1093 0
1502 1513 1420 0
1420 1486 1502 0
1574 1513 1502 0
1502 1561 1574 0
1502 1486 1561 0
922 914 912 0
914 904 912 0
912 919 922 0
908 919 912 0
912 904 908 0
873 875 886 0
886 887 873 0
898 909 900 0
900 887 898 0
900 909 921 0
880 887 900 0
991 974 1011 0
1031 1012 991 0
991 1011 1031 0
844 830 861 0
830 848 861 0
924 906 889 0
409 390 403 0
418 409 403 0
410 418 403 0
402 392 380 0
380 390 402 0
380 392 371 0
362 390 380 0
371 345 380 0
380 345 362 0
82 78 49 0
49 52 82 0
49 78 50 0
26 52 49 0
49 27 26 0
50 27 49 0
125 88 134 0
134 172 125 0
125 118 82 0
82 88 125 0
1247 1217 1219 0
1295 1217 1247 0
1298 1295 1247 0
1219 1257 1247 0
1257 1298 1247 0
1407 1335 1384 0
1384 1337 1410 0
1312 1337 1384 0
1384 1335 1312 0
1431 1407 1384 0
1384 1410 1431 0
983 973 990 0
983 970 973 0
983 990 986 0
986 970 983 0
258 316 267 0
267 218 258 0
267 331 278 0
267 316 331 0
558 732 564 0
573 513 564 0
564 513 558 0
716 573 564 0
564 732 716 0
327 377 388 0
388 340 327 0
276 266 327 0
327 340 276 0
350 340 399 0
350 407 358 0
399 407 350 0
358 292 350 0
292 284 350 0
284 340 350 0
771 527 536 0
545 757 536 0
536 757 771 0
536 530 545 0
519 530 536 0
536 527 519 0
328 366 326 0
328 374 366 0
326 277 328 0
330 374 328 0
273 330 328 0
328 277 273 0
423 414 381 0
414 374 381 0
381 374 330 0
381 387 423 0
381 334 387 0
381 330 334 0
508 523 512 0
523 521 512 0
492 508 472 0
472 471 492 0
472 443 471 0
433 411 400 0
325 282 326 0
287 282 325 0
615 668 607 0
626 656 615 0
656 668 615 0
585 548 571 0
547 522 514 0
514 548 547 0
539 551 555 0
555 544 539 0
561 553 555 0
555 553 544 0
522 547 556 0
645 656 626 0
645 639 656 0
656 639 647 0
647 668 656 0
626 615 618 0
621 639 628 0
628 608 621 0
628 618 608 0
626 618 628 0
639 645 628 0
590 566 579 0
579 566 561 0
718 721 711 0
721 700 711 0
697 691 710 0
697 710 705 0
705 695 697 0
695 687 697 0
674 695 679 0
674 687 695 0
674 679 667 0
667 671 674 0
624 623 611 0
684 690 670 0
690 675 670 0
661 652 629 0
661 675 676 0
676 665 661 0
665 652 661 0
782 787 777 0
797 787 782 0
729 737 742 0
742 733 729 0
729 733 718 0
718 720 729 0
720 734 729 0
734 737 729 0
834 848 830 0
830 813 834 0
1950 1906 1908 0
1908 1953 1950 0
1910 1953 1908 0
1853 1910 1908 0
1908 1850 1853 0
1908 1906 1850 0
1830 1832 1872 0
1872 1874 1830 0
1830 1770 1773 0
1773 1832 1830 0
1872 1832 1835 0
1838 1881 1835 0
1835 1832 1775 0
1835 1778 1838 0
1835 1775 1778 0
1693 1744 1688 0
1748 1744 1693 0
1693 1696 1748 0
1757 1696 1698 0
1698 1761 1757 0
1821 1874 1815 0
1466 1557 1555 0
1469 1466 1555 0
1555 1553 1469 0
1635 1553 1555 0
1555 1637 1635 0
1555 1557 1637 0
1698 1628 1629 0
1551 1629 1628 0
1553 1633 1551 0
1633 1629 1551 0
1467 1553 1551 0
1551 1465 1467 0
1461 1547 1544 0
1626 1693 1688 0
1628 1696 1626 0
1696 1693 1626 0
1683 1589 1681 0
1681 1579 1675 0
1681 1589 1579 0
1767 1769 1681 0
1681 1769 1683 0
1576 1482 1569 0
1660 1576 1569 0
1569 1470 1560 0
1569 1482 1470 0
1560 1652 1569 0
1652 1660 1569 0
1350 1264 1353 0
1353 1421 1350 0
1353 1355 1427 0
1427 1421 1353 0
1259 1261 1343 0
1261 1348 1343 0
1343 1334 1259 0
1343 1401 1391 0
1391 1334 1343 0
1405 1401 1343 0
1343 1348 1405 0
1320 1252 1323 0
1252 1327 1323 0
1323 1381 1320 0
1323 1327 1381 0
1595 1590 1533 0
1533 1598 1595 0
1653 1590 1595 0
1595 1598 1653 0
1605 1538 1611 0
1611 1651 1605 0
1651 1598 1605 0
1487 1455 1516 0
1516 1545 1487 0
1563 1578 1516 0
1516 1578 1545 0
1597 1585 1656 0
1585 1647 1656 0
1656 1686 1727 0
1647 1686 1656 0
1763 1760 1842 0
1844 1767 1763 0
1763 1842 1844 0
1675 1760 1763 0
1763 1681 1675 0
1767 1681 1763 0
1842 1760 1840 0
1840 1837 1912 0
1912 1914 1840 0
1914 1842 1840 0
1756 1760 1669 0
1756 1669 1664 0
1664 1751 1756 0
1756 1834 1837 0
1756 1751 1834 0
1837 1840 1756 0
1756 1840 1760 0
1790 1709 1786 0
1790 1864 1791 0
1791 1711 1790 0
1711 1709 1790 0
1862 1864 1790 0
1790 1786 1862 0
1876 1871 1939 0
1939 1942 1876 0
1939 1871 1935 0
1949 1880 1947 0
1947 1880 1944 0
1802 1876 1810 0
1876 1880 1810 0
1810 1732 1802 0
1885 1814 1810 0
1810 1880 1885 0
1810 1814 1739 0
1739 1732 1810 0
1671 1710 1737 0
1737 1686 1671 0
1749 1686 1737 0
1710 1758 1737 0
1737 1783 1749 0
1737 1758 1783 0
1746 1808 1755 0
1801 1808 1746 0
1746 1736 1801 0
1742 1682 1728 0
1663 1685 1728 0
1728 1682 1663 0
1649 1578 1606 0
1649 1606 1666 0
1649 1685 1663 0
1666 1685 1649 0
1600 1631 1575 0
1575 1545 1600 0
1545 1578 1600 0
1578 1649 1600 0
1663 1631 1600 0
1600 1649 1663 0
95 68 64 0
60 87 64 0
64 87 95 0
64 68 48 0
64 56 60 0
48 56 64 0
145 150 112 0
109 139 145 0
145 112 109 0
139 179 145 0
145 179 184 0
184 150 145 0
122 150 156 0
156 150 190 0
190 197 156 0
197 166 156 0
161 176 138 0
199 176 161 0
161 188 199 0
151 188 161 0
95 122 128 0
166 135 128 0
122 156 128 0
128 156 166 0
84 113 96 0
32 35 96 0
35 84 96 0
106 113 84 0
310 251 249 0
249 251 201 0
295 288 356 0
295 356 365 0
365 302 295 0
302 247 295 0
351 321 357 0
348 360 372 0
372 364 348 0
372 360 382 0
296 264 308 0
321 351 308 0
308 337 296 0
283 299 321 0
321 308 283 0
283 308 264 0
283 264 243 0
243 271 283 0
271 299 283 0
296 286 245 0
245 264 296 0
78 118 116 0
116 80 78 0
309 268 311 0
311 268 318 0
146 187 153 0
181 187 146 0
146 115 110 0
153 115 146 0
133 129 168 0
103 98 133 0
98 129 133 0
206 159 201 0
206 165 159 0
201 251 206 0
206 251 255 0
168 165 210 0
210 216 168 0
165 206 210 0
210 206 255 0
269 319 333 0
172 211 163 0
163 211 205 0
163 125 172 0
118 125 163 0
238 285 293 0
238 236 285 0
189 236 196 0
203 164 196 0
196 238 203 0
236 238 196 0
196 164 155 0
155 189 196 0
226 236 189 0
226 189 183 0
183 218 226 0
218 267 226 0
278 236 226 0
226 267 278 0
640 617 622 0
622 635 646 0
646 640 622 0
1171 1124 1096 0
1208 1286 1171 0
1171 1286 1198 0
1198 1124 1171 0
1490 1564 1520 0
1497 1471 1520 0
1471 1490 1520 0
1564 1570 1520 0
1526 1530 1503 0
1526 1503 1497 0
1497 1520 1526 0
1526 1520 1570 0
1612 1616 1587 0
1587 1570 1564 0
1592 1570 1587 0
1587 1616 1592 0
1581 1612 1587 0
1587 1564 1581 0
1878 1846 1823 0
1839 1889 1823 0
1823 1889 1878 0
1745 1759 1823 0
1823 1759 1839 0
1738 1753 1754 0
1754 1741 1738 0
1738 1741 1699 0
1699 1694 1738 0
1826 1846 1869 0
1447 1364 1449 0
1447 1449 1525 0
1447 1518 1445 0
1525 1518 1447 0
1111 1079 1094 0
1111 1128 1136 0
1094 1109 1111 0
1109 1128 1111 0
1136 1140 1114 0
1114 1111 1136 0
1077 1081 1057 0
1057 1054 1077 0
1098 1081 1077 0
1077 1097 1098 0
1123 1101 1065 0
1101 1043 1065 0
1021 1040 1065 0
1065 1043 1021 0
606 669 616 0
578 606 616 0
1619 1659 1788 0
1788 1813 1619 0
1788 1659 1754 0
1754 1753 1788 0
1753 1776 1788 0
1776 1813 1788 0
1530 1593 1573 0
1573 1531 1507 0
1507 1530 1573 0
1573 1619 1531 0
1573 1659 1619 0
1573 1593 1659 0
1673 1705 1657 0
1657 1705 1677 0
1677 1659 1622 0
1659 1593 1622 0
1622 1657 1677 0
1622 1593 1592 0
1592 1616 1622 0
1616 1657 1622 0
1080 1156 1130 0
1130 1053 1080 0
1096 1053 1130 0
1130 1156 1208 0
1208 1171 1130 0
1130 1171 1096 0
1165 1186 1240 0
1240 1209 1165 0
1186 1210 1240 0
1306 1253 1184 0
1184 1209 1306 0
1396 1253 1306 0
1306 1240 1338 0
1209 1240 1306 0
1338 1425 1306 0
1306 1425 1396 0
1162 1141 1140 0
1162 1157 1183 0
1140 1157 1162 0
1183 1186 1162 0
1186 1141 1162 0
1140 1141 1117 0
1117 1114 1140 0
1117 1120 1098 0
1117 1141 1120 0
1098 1097 1117 0
1097 1114 1117 0
1035 1054 1057 0
1057 1038 1035 0
1035 1038 1017 0
1027 1054 1035 0
1035 1017 1010 0
1010 1027 1035 0
865 875 860 0
875 873 860 0
915 921 937 0
915 900 921 0
974 991 958 0
958 944 925 0
877 467 858 0
889 877 905 0
905 924 889 0
370 377 313 0
377 327 313 0
313 300 370 0
313 327 266 0
266 257 313 0
313 257 300 0
508 512 494 0
494 472 508 0
483 472 494 0
483 494 502 0
502 494 512 0
464 477 451 0
400 414 427 0
427 433 400 0
451 433 427 0
427 464 451 0
420 430 410 0
410 403 391 0
451 477 465 0
465 433 451 0
620 624 605 0
605 585 571 0
624 611 605 0
605 611 585 0
571 595 605 0
595 620 605 0
548 585 568 0
568 547 548 0
584 547 568 0
538 551 518 0
518 522 538 0
522 556 538 0
634 639 621 0
634 647 639 0
604 618 615 0
604 607 590 0
604 615 607 0
590 579 604 0
636 645 626 0
626 628 636 0
636 628 645 0
561 555 565 0
565 555 551 0
591 588 608 0
591 604 579 0
608 618 591 0
618 604 591 0
551 538 560 0
560 538 556 0
560 565 551 0
699 711 700 0
699 720 718 0
718 711 699 0
703 720 699 0
699 683 703 0
644 649 632 0
632 633 644 0
632 624 633 0
632 623 624 0
691 697 681 0
681 697 687 0
687 674 681 0
681 674 671 0
585 611 597 0
584 568 597 0
597 568 585 0
600 584 597 0
648 661 629 0
648 629 684 0
684 670 648 0
648 670 675 0
675 661 648 0
797 782 790 0
790 782 765 0
790 789 798 0
790 765 789 0
768 777 769 0
768 782 777 0
769 761 768 0
761 747 768 0
768 747 765 0
765 782 768 0
800 806 821 0
821 813 800 0
821 834 813 0
1825 1874 1821 0
1825 1830 1874 0
1821 1770 1825 0
1770 1830 1825 0
1872 1835 1877 0
1877 1835 1881 0
1877 1874 1872 0
1881 1874 1877 0
1748 1696 1752 0
1696 1757 1752 0
1804 1748 1752 0
1752 1757 1804 0
1804 1757 1803 0
1803 1757 1761 0
1761 1764 1803 0
1768 1703 1770 0
1768 1764 1703 0
1815 1764 1768 0
1768 1770 1821 0
1821 1815 1768 0
1701 1633 1703 0
1701 1629 1633 0
1698 1629 1701 0
1703 1764 1701 0
1701 1761 1698 0
1701 1764 1761 0
1549 1551 1628 0
1628 1626 1549 0
1549 1626 1547 0
1465 1551 1549 0
1463 1465 1549 0
1549 1547 1463 0
1542 1621 1618 0
1542 1544 1621 0
1618 1540 1542 0
1542 1540 1459 0
1459 1461 1542 0
1461 1544 1542 0
1624 1544 1547 0
1547 1626 1624 0
1621 1544 1624 0
1624 1626 1688 0
1688 1684 1624 0
1684 1621 1624 0
1265 1353 1264 0
1355 1353 1265 0
1269 1355 1265 0
1265 1027 1269 0
1265 1045 1027 0
1265 1264 1045 0
1536 1605 1598 0
1538 1605 1536 0
1536 1598 1533 0
1453 1538 1536 0
1536 1533 1451 0
1451 1453 1536 0
1493 1455 1424 0
1493 1516 1455 0
1493 1521 1563 0
1563 1516 1493 0
1597 1656 1667 0
1727 1736 1667 0
1667 1656 1727 0
126 113 151 0
151 161 126 0
126 161 138 0
126 96 113 0
138 105 126 0
105 96 126 0
76 106 84 0
40 68 76 0
76 38 40 0
84 38 76 0
100 68 95 0
135 106 100 0
100 76 68 0
106 76 100 0
95 128 100 0
100 128 135 0
151 113 143 0
113 106 143 0
143 106 135 0
143 180 151 0
143 135 175 0
175 180 143 0
307 249 305 0
310 249 307 0
205 211 254 0
254 211 261 0
306 304 254 0
261 306 254 0
200 249 201 0
201 157 200 0
320 286 332 0
332 286 296 0
296 337 332 0
342 308 351 0
337 308 342 0
232 286 279 0
232 245 286 0
232 268 220 0
279 268 232 0
198 245 232 0
220 182 232 0
232 182 198 0
243 264 221 0
264 245 221 0
221 245 198 0
221 193 243 0
221 169 193 0
198 169 221 0
159 165 123 0
165 129 123 0
123 92 85 0
123 129 92 0
281 288 237 0
177 133 168 0
168 216 177 0
181 146 141 0
141 177 181 0
133 177 141 0
103 133 141 0
141 110 103 0
141 146 110 0
262 269 216 0
262 210 255 0
216 210 262 0
319 269 262 0
262 317 319 0
255 317 262 0
333 338 275 0
275 269 333 0
275 338 281 0
246 213 203 0
203 238 246 0
257 213 246 0
246 238 293 0
293 300 246 0
300 257 246 0
635 622 598 0
578 616 598 0
598 550 578 0
1648 1731 1689 0
1753 1738 1735 0
1735 1738 1694 0
1672 1699 1673 0
1672 1694 1699 0
1530 1526 1572 0
1592 1593 1572 0
1572 1593 1530 0
1572 1570 1592 0
1572 1526 1570 0
1812 1813 1776 0
1364 1447 1360 0
1360 1359 1272 0
1272 1364 1360 0
1445 1359 1360 0
1360 1447 1445 0
1074 1045 1062 0
1074 1054 1045 0
1074 1077 1054 0
1097 1077 1074 0
1083 1102 1123 0
1123 1065 1083 0
1059 1081 1083 0
1081 1102 1083 0
1083 1040 1059 0
1083 1065 1040 0
655 616 669 0
655 640 646 0
655 662 640 0
655 669 662 0
1294 1210 1234 0
1294 1240 1210 0
1294 1390 1338 0
1338 1240 1294 0
865 860 854 0
854 847 865 0
843 838 854 0
838 847 854 0
840 835 843 0
826 835 840 0
852 860 873 0
848 834 852 0
930 915 937 0
880 900 895 0
900 915 895 0
974 958 940 0
940 958 925 0
925 906 940 0
906 924 940 0
959 944 975 0
944 958 975 0
975 996 959 0
975 958 991 0
975 1012 996 0
975 991 1012 0
511 512 521 0
511 502 512 0
511 521 519 0
477 464 488 0
483 502 488 0
488 464 483 0
443 472 453 0
453 414 443 0
453 427 414 0
464 427 453 0
453 472 483 0
483 464 453 0
484 830 844 0
376 391 403 0
376 390 362 0
376 403 390 0
415 420 405 0
405 420 410 0
410 391 405 0
651 671 667 0
651 643 671 0
588 591 575 0
561 565 575 0
575 579 561 0
575 591 579 0
565 560 574 0
588 575 574 0
574 575 565 0
576 560 556 0
576 574 560 0
663 649 644 0
644 658 663 0
663 658 683 0
600 597 610 0
610 611 623 0
610 597 611 0
623 632 638 0
638 632 649 0
630 651 634 0
643 651 630 0
678 700 691 0
678 699 700 0
649 663 678 0
683 699 678 0
678 663 683 0
1804 1803 1811 0
1811 1874 1804 0
1811 1815 1874 0
1811 1764 1815 0
1811 1803 1764 0
1474 1424 1403 0
1474 1493 1424 0
1499 1521 1474 0
1521 1493 1474 0
1679 1613 1597 0
1597 1667 1679 0
1691 1613 1679 0
1755 1691 1679 0
1679 1746 1755 0
1736 1746 1679 0
1679 1667 1736 0
249 200 250 0
305 249 250 0
205 254 250 0
250 200 205 0
250 304 305 0
250 254 304 0
158 200 157 0
118 163 158 0
158 163 205 0
205 200 158 0
158 116 118 0
157 116 158 0
80 116 119 0
85 80 119 0
119 123 85 0
159 123 119 0
119 157 159 0
119 116 157 0
240 247 202 0
240 237 288 0
240 295 247 0
288 295 240 0
187 237 195 0
153 187 195 0
195 240 202 0
237 240 195 0
202 162 195 0
195 162 153 0
181 177 222 0
222 177 216 0
216 269 222 0
269 275 222 0
229 187 181 0
229 237 187 0
181 222 229 0
229 222 275 0
281 237 229 0
229 275 281 0
580 622 617 0
580 598 622 0
550 598 580 0
580 617 567 0
567 526 580 0
526 550 580 0
1668 1672 1654 0
1694 1672 1668 0
1668 1654 1602 0
1668 1735 1694 0
1689 1735 1668 0
1602 1648 1668 0
1648 1689 1668 0
1612 1654 1655 0
1654 1672 1655 0
1655 1616 1612 0
1655 1672 1673 0
1673 1657 1655 0
1655 1657 1616 0
1813 1812 1828 0
1828 1869 1588 0
1588 1813 1828 0
1828 1826 1869 0
1828 1812 1826 0
1826 1812 1771 0
1771 1812 1776 0
1771 1731 1745 0
1097 1074 1091 0
1091 1114 1097 0
1111 1114 1091 0
1079 1111 1091 0
1062 1079 1091 0
1091 1074 1062 0
616 655 627 0
635 598 627 0
627 598 616 0
646 635 627 0
627 655 646 0
1234 1288 1316 0
1316 1294 1234 0
1316 1288 1311 0
1311 1341 1316 0
1341 1390 1316 0
1390 1294 1316 0
843 854 850 0
850 854 860 0
850 840 843 0
860 852 850 0
828 816 826 0
826 840 828 0
869 852 873 0
869 887 880 0
869 873 887 0
848 852 869 0
880 861 869 0
869 861 848 0
949 930 937 0
937 947 949 0
947 961 949 0
971 966 949 0
949 961 971 0
962 966 981 0
915 930 910 0
910 895 915 0
502 511 500 0
500 488 502 0
481 487 480 0
481 465 477 0
480 487 497 0
497 484 480 0
497 813 830 0
830 484 497 0
475 469 480 0
480 484 475 0
467 469 475 0
475 858 467 0
844 858 475 0
475 484 844 0
432 420 415 0
432 439 430 0
430 420 432 0
459 450 447 0
459 469 467 0
447 460 459 0
459 460 469 0
447 450 437 0
426 412 437 0
458 459 467 0
450 459 458 0
458 877 889 0
458 467 877 0
326 366 359 0
359 325 326 0
411 433 442 0
442 460 447 0
395 426 415 0
395 412 426 0
415 405 395 0
647 634 657 0
634 651 657 0
657 651 667 0
667 668 657 0
668 647 657 0
569 576 556 0
569 547 584 0
569 556 547 0
588 574 586 0
574 576 586 0
625 638 643 0
643 630 625 0
625 610 623 0
623 638 625 0
691 681 660 0
660 678 691 0
671 643 660 0
660 681 671 0
643 638 660 0
660 638 649 0
649 678 660 0
1430 1474 1403 0
1403 1382 1430 0
1382 1409 1430 0
1430 1409 1479 0
1479 1499 1430 0
1499 1474 1430 0
1826 1771 1805 0
1805 1823 1846 0
1846 1826 1805 0
1745 1823 1805 0
1805 1771 1745 0
1750 1689 1731 0
1731 1771 1750 0
1750 1735 1689 0
1750 1771 1776 0
1750 1776 1753 0
1753 1735 1750 0
840 850 841 0
841 850 852 0
834 821 841 0
841 852 834 0
808 816 817 0
816 828 817 0
798 808 817 0
966 962 945 0
945 949 966 0
930 949 945 0
981 997 978 0
978 962 981 0
978 997 1015 0
962 978 941 0
924 905 941 0
895 910 879 0
879 861 880 0
880 895 879 0
844 861 879 0
879 858 844 0
510 511 519 0
510 500 511 0
519 527 510 0
510 527 515 0
477 488 490 0
488 500 490 0
490 481 477 0
487 481 490 0
480 469 470 0
469 460 470 0
470 481 480 0
465 481 470 0
507 497 487 0
813 497 507 0
507 515 800 0
800 813 507 0
439 432 441 0
426 437 441 0
441 437 450 0
415 426 441 0
441 432 415 0
386 359 366 0
386 366 400 0
400 411 386 0
412 395 386 0
386 395 359 0
411 442 425 0
425 386 411 0
412 386 425 0
425 442 447 0
447 437 425 0
425 437 412 0
375 405 391 0
375 395 405 0
325 359 375 0
359 395 375 0
576 569 587 0
587 586 576 0
587 584 600 0
587 569 584 0
588 586 601 0
621 608 601 0
608 588 601 0
612 625 630 0
600 610 612 0
610 625 612 0
827 828 840 0
840 841 827 0
827 821 806 0
827 841 821 0
798 817 807 0
807 790 798 0
797 790 807 0
807 803 797 0
994 978 1015 0
1015 1034 994 0
1034 1011 994 0
1011 974 994 0
956 941 978 0
956 994 974 0
978 994 956 0
974 940 956 0
956 940 924 0
924 941 956 0
927 945 962 0
962 941 927 0
927 910 930 0
930 945 927 0
927 941 905 0
892 879 910 0
892 927 905 0
910 927 892 0
892 905 877 0
877 858 892 0
858 879 892 0
465 470 454 0
433 465 454 0
454 442 433 0
460 442 454 0
454 470 460 0
487 490 499 0
499 507 487 0
500 510 499 0
499 490 500 0
499 510 515 0
515 507 499 0
439 441 445 0
906 439 445 0
450 458 445 0
445 441 450 0
889 906 445 0
445 458 889 0
391 376 354 0
354 375 391 0
354 376 362 0
325 375 354 0
614 634 621 0
621 601 614 0
614 630 634 0
614 612 630 0
812 817 828 0
828 827 812 0
803 807 812 0
812 807 817 0
806 803 812 0
812 827 806 0
362 345 323 0
323 354 362 0
323 345 294 0
323 294 287 0
287 325 323 0
325 354 323 0
599 601 586 0
599 614 601 0
586 587 599 0
612 614 599 0
599 587 600 0
600 612 599 0
419 418 430 0
431 419 430 0
409 418 419 0
409 419 408 0
409 408 401 0
401 402 409 0
383 382 392 0
392 393 383 0
392 402 401 0
401 393 392 0
319 317 318 0
320 319 318 0
364 356 357 0
365 356 364 0
357 356 351 0
351 356 352 0
372 382 383 0
383 373 372 0
365 364 372 0
372 373 365 0
310 309 311 0
312 310 311 0
311 318 317 0
311 317 312 0
307 304 306 0
305 304 307 0
307 309 310 0
307 306 309 0
332 319 320 0
333 319 332 0
332 338 333 0
332 337 338 0
342 351 352 0
352 343 342 0
338 337 342 0
343 338 342 0
906 907 439 0
439 907 440 0
431 430 439 0
439 440 431 0
