5000
-1.0
-1.0
-1.0
-1.0
-1.0
-1.0
-1.0
-1.0
-1.0
-1.0
-1.0
-1.0
-1.0
-1.0
-1.0
-1.0
-1.0
-1.0
-1.0
-1.0
-1.0
-1.0
-1.0
-1.0
-1.0
-1.0
-1.0
-1.0
-1.0
-1.0
-1.0
-1.0
-1.0
-1.0
-1.0
-1.0
-1.0
-1.0
-1.0
-1.0
-1.0
-1.0
-1.0
-1.0
-1.0
-1.0
-1.0
-1.0
-1.0
-1.0
-1.0
-1.0
-1.0
-1.0
-1.0
-1.0
-1.0
-1.0
-1.0
-1.0
-1.0
-1.0
-1.0
-1.0
-1.0
-1.0
-1.0
-1.0
-1.0
-1.0
-1.0
-1.0
-1.0
-1.0
-1.0
-1.0
-1.0
-1.0
-1.0
-1.0
-1.0
-1.0
-1.0
-1.0
-1.0
-1.0
-1.0
-1.0
-1.0
-1.0
-1.0
-1.0
-1.0
-1.0
-1.0
-1.0
-1.0
-1.0
-1.0
-1.0
-0.0083663074497042
-0.42630196520089225
-0.5544940104123951
-0.6320924600670341
-0.685433205681586
-0.7246850316140931
-0.7548826609119313
-0.7788683157305484
-0.7983878381091657
-0.8145800907441149
-0.8282226392538766
-0.8398658490581028
-0.8499108724790059
-0.8586573378962794
-0.8663337292374317
-0.873117410352814
-0.8791482119911168
-0.8845378839915272
-0.8893768157837861
-0.8937389072228431
-0.8976851595267722
-0.9012663633222283
-0.9045251386430787
-0.9074975024847567
-0.9102140870244718
-0.9127010961811779
-0.9149810638525797
-0.9170734601885598
-0.9189951802445774
-0.9207609407412455
-0.9223836044000796
-0.9238744467315192
-0.9252433767422011
-0.9264991204734153
-0.927649374349908
-0.9287009338433343
-0.9296598018198513
-0.9305312800613004
-0.931320046761761
-0.9320302222599628
-0.9326654248388787
-0.933228818081118
-0.9337231509930219
-0.9341507918868752
-0.9345137568279304
-0.9348137333022125
-0.935052099635391
-0.9352299405869067
-0.9353480594526473
-0.9354069869302121
-0.9354069869302121
-0.9353480594526473
-0.9352299405869067
-0.935052099635391
-0.9348137333022125
-0.9345137568279304
-0.9341507918868752
-0.9337231509930219
-0.933228818081118
-0.9326654248388789
-0.9320302222599628
-0.9313200467617612
-0.9305312800613004
-0.9296598018198513
-0.9287009338433343
-0.927649374349908
-0.9264991204734153
-0.9252433767422011
-0.9238744467315192
-0.9223836044000796
-0.9207609407412455
-0.9189951802445774
-0.91707346018856
-0.9149810638525797
-0.9127010961811777
-0.9102140870244718
-0.9074975024847568
-0.9045251386430787
-0.9012663633222283
-0.8976851595267722
-0.8937389072228432
-0.8893768157837861
-0.8845378839915272
-0.879148211991117
-0.8731174103528141
-0.8663337292374317
-0.8586573378962793
-0.8499108724790061
-0.8398658490581028
-0.8282226392538766
-0.8145800907441149
-0.7983878381091657
-0.7788683157305485
-0.7548826609119309
-0.7246850316140937
-0.6854332056815857
-0.6320924600670338
-0.5544940104123951
-0.4263019652008924
-0.0083663074497042
-0.005915976254421032
-0.31614662506783514
-0.42621413789227747
-0.499641285215415
-0.554107070515295
-0.5967302762560397
-0.6312310094966623
-0.6598294896417481
-0.683964259168871
-0.7046215581422371
-0.7225062448424482
-0.7381385169156301
-0.751912282164336
-0.7641321852719446
-0.7750380501612494
-0.7848215510820463
-0.7936378985335775
-0.8016142236486435
-0.8088557158677427
-0.8154501954533486
-0.8214715730894601
-0.8269825037154421
-0.8320364475219821
-0.8366792884369245
-0.8409506179821931
-0.8448847630715269
-0.8485116157415364
-0.8518573081453817
-0.8549447655459342
-0.8577941622971734
-0.8604233000693378
-0.8628479232855771
-0.8650819834991885
-0.8671378619715943
-0.8690265578126964
-0.8707578475734095
-0.8723404210302569
-0.8737819969968951
-0.8750894222800156
-0.8762687563245007
-0.8773253436325322
-0.8782638756690071
-0.8790884436621642
-0.8798025834591889
-0.8804093133903412
-0.8809111659229154
-0.8813102137409781
-0.8816080907626748
-0.8818060084993189
-0.8819047680656805
-0.8819047680656805
-0.8818060084993189
-0.8816080907626748
-0.8813102137409781
-0.8809111659229154
-0.8804093133903412
-0.8798025834591889
-0.8790884436621642
-0.8782638756690071
-0.8773253436325322
-0.8762687563245007
-0.8750894222800156
-0.8737819969968951
-0.8723404210302569
-0.8707578475734095
-0.8690265578126967
-0.867137861971594
-0.8650819834991885
-0.8628479232855771
-0.8604233000693378
-0.8577941622971734
-0.8549447655459342
-0.8518573081453817
-0.8485116157415364
-0.8448847630715269
-0.8409506179821931
-0.8366792884369245
-0.8320364475219821
-0.8269825037154421
-0.8214715730894601
-0.8154501954533487
-0.8088557158677426
-0.8016142236486435
-0.7936378985335775
-0.7848215510820464
-0.7750380501612494
-0.7641321852719444
-0.7519122821643363
-0.73813851691563
-0.7225062448424482
-0.7046215581422371
-0.6839642591688713
-0.6598294896417484
-0.6312310094966619
-0.5967302762560402
-0.5541070705152946
-0.49964128521541457
-0.4262141378922776
-0.31614662506783525
-0.005915976254421032
-0.004830402561028666
-0.2625431591716167
-0.3590426501717877
-0.42606774207990733
-0.477521914011747
-0.5190025512773269
-0.5534615446826096
-0.5826862633000292
-0.6078550277277894
-0.6297909166811608
-0.6490935452935699
-0.6662139388218705
-0.6815000274511551
-0.6952257634275759
-0.7076105436177614
-0.7188326100078546
-0.7290385583757862
-0.7383502472357064
-0.7468699207633365
-0.7546840747954777
-0.7618664195491782
-0.7684801811800653
-0.7745799114777321
-0.7802129263087226
-0.7854204601753785
-0.790238601131916
-0.7946990539356982
-0.7988297675556479
-0.8026554545958299
-0.8061980238740766
-0.8094769426796916
-0.8125095416764385
-0.8153112727060686
-0.8178959276628365
-0.8202758249922364
-0.8224619691025318
-0.8244641869810108
-0.8262912455157603
-0.8279509523912651
-0.829450242917031
-0.8307952547358167
-0.8319913920213852
-0.8330433804989857
-0.8339553143927132
-0.8347306962126734
-0.8353724701338547
-0.8358830495815708
-0.836264339520332
-0.836517753839971
-0.836644228141367
-0.836644228141367
-0.836517753839971
-0.836264339520332
-0.8358830495815708
-0.8353724701338547
-0.8347306962126734
-0.8339553143927132
-0.8330433804989857
-0.8319913920213852
-0.8307952547358167
-0.829450242917031
-0.8279509523912651
-0.8262912455157603
-0.8244641869810108
-0.8224619691025318
-0.8202758249922366
-0.8178959276628365
-0.8153112727060686
-0.8125095416764385
-0.8094769426796917
-0.8061980238740766
-0.8026554545958299
-0.7988297675556479
-0.7946990539356983
-0.790238601131916
-0.7854204601753785
-0.7802129263087226
-0.7745799114777321
-0.7684801811800653
-0.7618664195491781
-0.7546840747954779
-0.7468699207633365
-0.7383502472357064
-0.7290385583757863
-0.7188326100078547
-0.7076105436177614
-0.6952257634275757
-0.6815000274511555
-0.6662139388218705
-0.6490935452935699
-0.6297909166811609
-0.6078550277277895
-0.5826862633000294
-0.5534615446826091
-0.5190025512773274
-0.4775219140117467
-0.426067742079907
-0.35904265017178777
-0.26254315917161675
-0.004830402561028666
-0.004183263529274636
-0.22935377109257293
-0.31607498437076537
-0.37765462018760915
-0.42586275231448684
-0.46541316215318057
-0.4987907897307596
-0.5275050026645943
-0.5525564927672346
-0.574649440765
-0.5943012342335512
-0.6119046560292378
-0.6277656373711723
-0.642127432557497
-0.6551867731243987
-0.6671050450200654
-0.6780162494291898
-0.6880328131159203
-0.6972499187665949
-0.7057487911399284
-0.7135992304269368
-0.720861592535753
-0.7275883561820057
-0.7338253766599735
-0.7396128988393423
-0.7449863828976383
-0.7499771828092168
-0.7546131079011599
-0.7589188906956125
-0.7629165790123115
-0.7666258663776188
-0.7700643718133964
-0.773247877805591
-0.7761905334973354
-0.7789050287844825
-0.78140274391809
-0.7836938783687822
-0.7857875620304835
-0.7876919512969175
-0.7894143121042341
-0.7909610916747599
-0.7923379804029833
-0.7935499650821427
-0.7946013744677611
-0.7954959180049491
-0.7962367184027493
-0.7968263386159884
-0.7972668036887738
-0.7975596178204414
-0.7977057769315051
-0.7977057769315051
-0.7975596178204414
-0.7972668036887738
-0.7968263386159884
-0.7962367184027493
-0.7954959180049491
-0.7946013744677611
-0.7935499650821427
-0.7923379804029833
-0.7909610916747599
-0.7894143121042341
-0.7876919512969175
-0.7857875620304835
-0.7836938783687822
-0.78140274391809
-0.7789050287844826
-0.7761905334973354
-0.773247877805591
-0.7700643718133964
-0.7666258663776188
-0.7629165790123114
-0.7589188906956125
-0.7546131079011599
-0.7499771828092168
-0.7449863828976382
-0.7396128988393423
-0.7338253766599736
-0.7275883561820057
-0.7208615925357531
-0.7135992304269368
-0.7057487911399286
-0.6972499187665949
-0.6880328131159206
-0.6780162494291899
-0.6671050450200656
-0.6551867731243989
-0.6421274325574968
-0.6277656373711726
-0.6119046560292377
-0.5943012342335512
-0.574649440765
-0.5525564927672347
-0.5275050026645945
-0.49879078973075913
-0.4654131621531812
-0.4258627523144866
-0.3776546201876088
-0.31607498437076537
-0.229353771092573
-0.004183263529274636
-0.0037416311954472426
-0.20622794157228685
-0.28557343124141515
-0.342707723695235
-0.3880050429761161
-0.42559913296238655
-0.4576636405850887
-0.4855183113561312
-0.5100392792480555
-0.5318447367304148
-0.5513905962656885
-0.5690245424762518
-0.5850187656074177
-0.5995908856678555
-0.6129179202952323
-0.625145946151094
-0.6363969824685298
-0.646774019840929
-0.6563647736326349
-0.6652445378956194
-0.6734783907427013
-0.6811229229689706
-0.6882276101495212
-0.6948359140204797
-0.7009861754655493
-0.7067123450904798
-0.7120445857968769
-0.7170097734407495
-0.7216319155822746
-0.7259325038355667
-0.7299308119585303
-0.7336441492712173
-0.7370880770380913
-0.7402765939402074
-0.7432222955862066
-0.7459365120851912
-0.7484294269704953
-0.7507101801769008
-0.7527869573018234
-0.7546670669983646
-0.7563570080357347
-0.7578625273056986
-0.7591886698409362
-0.7603398217336201
-0.761319746693023
-0.7621316168539836
-0.7627780383390512
-0.76326107198244
-0.7635822495405333
-0.7637425856390586
-0.7637425856390586
-0.7635822495405333
-0.76326107198244
-0.7627780383390512
-0.7621316168539836
-0.761319746693023
-0.7603398217336201
-0.7591886698409362
-0.7578625273056986
-0.7563570080357347
-0.7546670669983646
-0.7527869573018235
-0.7507101801769009
-0.7484294269704953
-0.7459365120851912
-0.7432222955862067
-0.7402765939402074
-0.7370880770380913
-0.7336441492712173
-0.7299308119585303
-0.7259325038355666
-0.7216319155822746
-0.7170097734407495
-0.712044585796877
-0.7067123450904796
-0.7009861754655494
-0.6948359140204797
-0.6882276101495212
-0.6811229229689706
-0.6734783907427013
-0.6652445378956198
-0.6563647736326349
-0.6467740198409291
-0.6363969824685298
-0.6251459461510941
-0.6129179202952324
-0.5995908856678552
-0.5850187656074181
-0.5690245424762518
-0.5513905962656885
-0.5318447367304149
-0.5100392792480556
-0.48551831135613144
-0.4576636405850882
-0.42559913296238705
-0.3880050429761158
-0.34270772369523467
-0.28557343124141515
-0.20622794157228694
-0.0037416311954472426
-0.003415630330867716
-0.1889302832986836
-0.26248161563561706
-0.31595557920396977
-0.358727588804558
-0.3945177811035815
-0.42527683820085366
-0.45218732469765893
-0.4760340060637776
-0.4973709428987406
-0.5166073386818703
-0.5340559183838595
-0.5499621559826808
-0.5645229187292208
-0.5778988917409688
-0.5902231605130814
-0.6016073200811299
-0.6121459356819836
-0.621919871609443
-0.63099882285321
-0.639443272511987
-0.6473060273890826
-0.6546334382817407
-0.6614663808875704
-0.6678410524145422
-0.6737896245043673
-0.6793407828409325
-0.6845201764571328
-0.6893507943865329
-0.6938532833388168
-0.6980462171084857
-0.7019463261781941
-0.7055686942580742
-0.7089269271733413
-0.7120332984760014
-0.7148988753411754
-0.7175336276619112
-0.7199465227394938
-0.7221456075499847
-0.7241380802300149
-0.7259303521488664
-0.7275281017067102
-0.7289363208104445
-0.7301593548210779
-0.7312009366338211
-0.7320642154390536
-0.7327517806151647
-0.7332656811197015
-0.7336074406706437
-0.733778068942732
-0.733778068942732
-0.7336074406706437
-0.7332656811197015
-0.7327517806151647
-0.7320642154390536
-0.7312009366338211
-0.7301593548210779
-0.7289363208104446
-0.7275281017067102
-0.7259303521488664
-0.7241380802300149
-0.7221456075499847
-0.7199465227394938
-0.7175336276619112
-0.7148988753411754
-0.7120332984760014
-0.7089269271733413
-0.7055686942580742
-0.7019463261781941
-0.6980462171084858
-0.6938532833388168
-0.6893507943865328
-0.6845201764571329
-0.6793407828409326
-0.6737896245043673
-0.6678410524145422
-0.6614663808875704
-0.6546334382817408
-0.6473060273890827
-0.6394432725119868
-0.6309988228532102
-0.621919871609443
-0.6121459356819838
-0.60160732008113
-0.5902231605130815
-0.5778988917409689
-0.5645229187292206
-0.5499621559826812
-0.5340559183838594
-0.5166073386818703
-0.49737094289874073
-0.4760340060637778
-0.4521873246976591
-0.4252768382008532
-0.394517781103582
-0.35872758880455785
-0.3159555792039695
-0.2624816156356171
-0.18893028329868367
-0.003415630330867716
-0.003162261848898663
-0.1753631341728629
-0.24421555752136803
-0.29462642312900134
-0.335212719778959
-0.36938216340867897
-0.3989170186347891
-0.4248958120116222
-0.4480335229234844
-0.46883476765552795
-0.487672336251007
-0.5048313596807837
-0.520535939816045
-0.5349661048390151
-0.548269088972067
-0.560567112265704
-0.5719629111210648
-0.5825437721069203
-0.5923845397672216
-0.6015499027565592
-0.6100961608293223
-0.6180726109020532
-0.625522648649112
-0.632484654299221
-0.6389927123930902
-0.6450772021435388
-0.6507652857735101
-0.6560813155559229
-0.6610471754336288
-0.6656825695195274
-0.6700052671014737
-0.674031311753076
-0.6777752006045292
-0.6812500386332133
-0.6844676719029028
-0.6874388029485737
-0.6901730909235786
-0.6926792386623237
-0.694965068438252
-0.6970375878940672
-0.698903047373622
-0.7005669896811003
-0.7020342931240585
-0.7033092085554852
-0.7043953910107759
-0.7052959264339463
-0.7060133538999991
-0.7065496836642229
-0.7069064113019594
-0.7070845281420488
-0.7070845281420488
-0.7069064113019594
-0.7065496836642229
-0.7060133538999991
-0.7052959264339463
-0.7043953910107759
-0.7033092085554852
-0.7020342931240585
-0.7005669896811003
-0.698903047373622
-0.6970375878940673
-0.694965068438252
-0.6926792386623237
-0.6901730909235786
-0.6874388029485737
-0.6844676719029028
-0.6812500386332133
-0.6777752006045292
-0.674031311753076
-0.6700052671014738
-0.6656825695195273
-0.6610471754336288
-0.656081315555923
-0.6507652857735101
-0.6450772021435388
-0.6389927123930902
-0.632484654299221
-0.6255226486491121
-0.6180726109020532
-0.6100961608293223
-0.6015499027565593
-0.5923845397672216
-0.5825437721069204
-0.5719629111210649
-0.5605671122657041
-0.548269088972067
-0.5349661048390149
-0.5205359398160453
-0.5048313596807837
-0.487672336251007
-0.46883476765552806
-0.4480335229234845
-0.42489581201162235
-0.39891701863478873
-0.36938216340867935
-0.3352127197789587
-0.29462642312900106
-0.24421555752136803
-0.17536313417286298
-0.003162261848898663
-0.0029580269502102103
-0.16435338530050697
-0.2292990652086171
-0.27710526146996295
-0.3157884035564099
-0.3485101460052716
-0.37692035415956143
-0.40201567847035813
-0.4244559881727285
-0.44470664446141617
-0.4631113300879024
-0.4799329419277364
-0.49537820733403903
-0.5096133329120394
-0.5227743992511211
-0.5349745200565195
-0.5463089247079604
-0.5568586608904282
-0.5666933525254839
-0.5758732940807026
-0.5844510680833268
-0.5924728131911379
-0.5999792315915959
-0.607006398848877
-0.6135864218859974
-0.6197479787066024
-0.6255167649359631
-0.6309158661476666
-0.6359660704937365
-0.6406861328742253
-0.6450929994310791
-0.6492019992989293
-0.6530270091308557
-0.6565805948259251
-0.6598741340355508
-0.6629179223581577
-0.6657212656027934
-0.668292560080007
-0.6706393625384508
-0.672768451090088
-0.6746858782417708
-0.676397016965664
-0.6779066005873048
-0.6792187571415864
-0.6803370387385523
-0.6812644463885897
-0.68200345065716
-0.6825560084499898
-0.6829235761685126
-0.6831071194204716
-0.6831071194204716
-0.6829235761685126
-0.6825560084499898
-0.68200345065716
-0.6812644463885897
-0.6803370387385523
-0.6792187571415864
-0.6779066005873048
-0.676397016965664
-0.6746858782417708
-0.6727684510900881
-0.6706393625384508
-0.668292560080007
-0.6657212656027934
-0.6629179223581577
-0.659874134035551
-0.6565805948259251
-0.6530270091308557
-0.6492019992989293
-0.6450929994310791
-0.6406861328742252
-0.6359660704937365
-0.6309158661476666
-0.6255167649359631
-0.6197479787066023
-0.6135864218859974
-0.6070063988488771
-0.5999792315915959
-0.592472813191138
-0.5844510680833268
-0.5758732940807029
-0.5666933525254838
-0.5568586608904283
-0.5463089247079606
-0.5349745200565196
-0.5227743992511211
-0.5096133329120391
-0.49537820733403937
-0.4799329419277363
-0.4631113300879024
-0.44470664446141617
-0.42445598817272867
-0.40201567847035824
-0.3769203541595611
-0.34851014600527197
-0.3157884035564097
-0.27710526146996267
-0.22929906520861715
-0.16435338530050703
-0.0029580269502102103
-0.002788855909583914
-0.15518691681678015
-0.21681949006594414
-0.2623790428385553
-0.2993914494957884
-0.3308183758217742
-0.3582023546653775
-0.38247369011257104
-0.4042475310559539
-0.4239572902483136
-0.44192286114794016
-0.4583888736150642
-0.47354769395999086
-0.4875540275856327
-0.5005346064829811
-0.5125948529242471
-0.5238236045613621
-0.5342965526773216
-0.5440788004248422
-0.5532268035616533
-0.5617898680079285
-0.5698113229464948
-0.5773294521405931
-0.5843782421970962
-0.5909879902419658
-0.5971858022132037
-0.6029960050375207
-0.6084404902689738
-0.6135390026320421
-0.6183093838634567
-0.6227677799723397
-0.6269288183208952
-0.630805759617461
-0.6344106289036939
-0.6377543288318293
-0.6408467379111208
-0.6436967959143015
-0.6463125782452929
-0.6487013607560774
-0.6508696762467859
-0.6528233636757951
-0.6545676109361538
-0.6561069919133354
-0.6574454984211993
-0.6585865675134602
-0.6595331045832026
-0.6602875025900284
-0.6608516576909148
-0.6612269814947404
-0.6614144101101105
-0.6614144101101105
-0.6612269814947404
-0.6608516576909148
-0.6602875025900284
-0.6595331045832026
-0.6585865675134602
-0.6574454984211993
-0.6561069919133354
-0.6545676109361538
-0.6528233636757951
-0.6508696762467859
-0.6487013607560774
-0.6463125782452929
-0.6436967959143015
-0.6408467379111208
-0.6377543288318293
-0.6344106289036939
-0.630805759617461
-0.6269288183208952
-0.6227677799723397
-0.6183093838634567
-0.6135390026320421
-0.608440490268974
-0.6029960050375207
-0.5971858022132036
-0.5909879902419659
-0.5843782421970963
-0.5773294521405931
-0.5698113229464948
-0.5617898680079284
-0.5532268035616535
-0.5440788004248422
-0.5342965526773216
-0.5238236045613622
-0.5125948529242472
-0.5005346064829812
-0.4875540275856325
-0.47354769395999113
-0.4583888736150641
-0.44192286114794016
-0.4239572902483137
-0.40424753105595396
-0.3824736901125712
-0.35820235466537714
-0.3308183758217746
-0.2993914494957882
-0.26237904283855507
-0.21681949006594417
-0.1551869168167802
-0.002788855909583914
-0.0026457420509836175
-0.14740083561519848
-0.2061782288820518
-0.24977586354420891
-0.285309234102099
-0.31557344900553336
-0.34202189831129515
-0.36552984891950924
-0.38667534333944026
-0.4058652459505583
-0.4233996315761336
-0.43950785976214735
-0.45437024166475987
-0.46813178209096445
-0.4809112864672857
-0.49280761855550614
-0.5039041329843552
-0.5142718972537296
-0.5239720866488942
-0.5330577993120753
-0.5415754555474438
-0.5495658930187307
-0.5570652355382326
-0.5641055905974444
-0.5707156154871558
-0.5769209812639027
-0.5827447563582027
-0.5882077262777932
-0.5933286619774072
-0.5981245466077848
-0.6026107682247038
-0.6068012844305453
-0.6107087636946106
-0.6143447071539515
-0.6177195539622296
-0.6208427726782307
-0.6237229407301533
-0.6263678136286004
-0.6287843853093618
-0.6309789407507781
-0.6329571018177158
-0.6347238671257323
-0.6362836465877496
-0.6376402911959302
-0.6387971184990728
-0.6397569341572656
-0.6405220498879588
-0.6410942980587911
-0.6414750431305747
-0.641665190107275
-0.641665190107275
-0.6414750431305747
-0.6410942980587911
-0.6405220498879588
-0.6397569341572656
-0.6387971184990728
-0.6376402911959302
-0.6362836465877496
-0.6347238671257323
-0.6329571018177158
-0.6309789407507781
-0.6287843853093619
-0.6263678136286005
-0.6237229407301533
-0.6208427726782307
-0.6177195539622296
-0.6143447071539515
-0.6107087636946106
-0.6068012844305453
-0.6026107682247039
-0.5981245466077848
-0.5933286619774072
-0.5882077262777933
-0.5827447563582027
-0.5769209812639027
-0.5707156154871559
-0.5641055905974444
-0.5570652355382326
-0.5495658930187307
-0.5415754555474438
-0.5330577993120755
-0.523972086648894
-0.5142718972537297
-0.5039041329843553
-0.49280761855550625
-0.4809112864672857
-0.46813178209096423
-0.45437024166476014
-0.43950785976214723
-0.4233996315761336
-0.4058652459505584
-0.38667534333944037
-0.3655298489195094
-0.34202189831129476
-0.31557344900553375
-0.2853092341020988
-0.24977586354420864
-0.20617822888205187
-0.1474008356151985
-0.0026457420509836175
-0.002522616869052115
-0.14068018556861836
-0.19696418005652383
-0.23883018341956383
-0.2730438361390457
-0.3022588126281785
-0.3278530128957858
-0.35065516826830473
-0.37121196052146876
-0.3899078037462786
-0.4070259890167307
-0.4227829152524612
-0.43734863247847783
-0.4508598603143947
-0.46342860795199325
-0.47514809196022617
-0.4860969242448849
-0.49634215349300337
-0.5059415238199345
-0.5149451850308888
-0.5233970099713313
-0.5313356247120312
-0.538795225109069
-0.5458062319051351
-0.5523958220397517
-0.5585883638061316
-0.5644057764297062
-0.5698678295892937
-0.5749923947315668
-0.5797956573278528
-0.584292297208798
-0.5884956425944292
-0.5924178022803919
-0.5960697795508422
-0.5994615706967756
-0.6026022504764357
-0.6055000464259277
-0.6081624035867371
-0.6105960409426916
-0.6128070006370891
-0.6148006908598934
-0.6165819231463718
-0.6181549447056061
-0.6195234662946886
-0.6206906860680244
-0.6216593097577069
-0.6224315674778194
-0.6230092273906024
-0.6233936064239903
-0.6235855781865991
-0.6235855781865991
-0.6233936064239903
-0.6230092273906024
-0.6224315674778195
-0.6216593097577069
-0.6206906860680244
-0.6195234662946886
-0.6181549447056061
-0.6165819231463717
-0.6148006908598934
-0.6128070006370891
-0.6105960409426917
-0.6081624035867372
-0.6055000464259277
-0.6026022504764357
-0.5994615706967756
-0.5960697795508422
-0.5924178022803919
-0.5884956425944293
-0.5842922972087982
-0.5797956573278528
-0.5749923947315668
-0.5698678295892938
-0.5644057764297062
-0.5585883638061316
-0.5523958220397518
-0.5458062319051351
-0.538795225109069
-0.5313356247120312
-0.5233970099713313
-0.514945185030889
-0.5059415238199344
-0.49634215349300337
-0.486096924244885
-0.4751480919602262
-0.46342860795199337
-0.45085986031439457
-0.43734863247847805
-0.4227829152524612
-0.4070259890167307
-0.38990780374627865
-0.3712119605214689
-0.3506551682683049
-0.32785301289578545
-0.3022588126281789
-0.27304383613904554
-0.23883018341956364
-0.19696418005652383
-0.1406801855686184
-0.002522616869052115
-0.0024152224133098077
-0.13480222986741272
-0.18888441532047912
-0.22920789002322725
-0.2622354404196812
-0.29049873015469857
-0.3153107047100167
-0.3374601225565111
-0.3574667498075224
-0.3756957326451669
-0.39241594705208566
-0.4078326450204902
-0.42210703411400197
-0.4353686767702759
-0.4477236944070026
-0.4592603955153479
-0.47005325552113314
-0.48016580481679183
-0.4896527717605852
-0.49856170405989675
-0.5069342166582581
-0.5148069668249773
-0.5222124264451817
-0.5291795011393851
-0.5357340320297228
-0.5418992064186681
-0.547695896922946
-0.5531429437962656
-0.5582573916835519
-0.5630546894809196
-0.5675488600622857
-0.5717526451917354
-0.5756776298426501
-0.579334349299885
-0.5827323817653803
-0.5858804286737913
-0.5887863845188522
-0.5914573976680124
-0.5938999233835333
-0.596119770058554
-0.5981221395058021
-0.5999116619964208
-0.6014924266303966
-0.6028680075233382
-0.60404148621297
-0.6050154706195688
-0.6057921108351991
-0.606373111964989
-0.6067597441981926
-0.6069528502460187
-0.6069528502460187
-0.6067597441981926
-0.606373111964989
-0.6057921108351991
-0.6050154706195688
-0.60404148621297
-0.6028680075233382
-0.6014924266303967
-0.5999116619964208
-0.5981221395058022
-0.596119770058554
-0.5938999233835333
-0.5914573976680124
-0.5887863845188523
-0.5858804286737913
-0.5827323817653804
-0.579334349299885
-0.5756776298426501
-0.5717526451917354
-0.5675488600622857
-0.5630546894809195
-0.5582573916835519
-0.5531429437962657
-0.5476958969229462
-0.5418992064186681
-0.5357340320297229
-0.5291795011393852
-0.5222124264451817
-0.5148069668249773
-0.5069342166582581
-0.49856170405989697
-0.4896527717605852
-0.48016580481679194
-0.47005325552113325
-0.459260395515348
-0.4477236944070026
-0.43536867677027574
-0.4221070341140023
-0.40783264502049016
-0.39241594705208566
-0.375695732645167
-0.3574667498075225
-0.33746012255651125
-0.3153107047100164
-0.29049873015469896
-0.26223544041968105
-0.22920789002322703
-0.18888441532047914
-0.13480222986741278
-0.0024152224133098077
-0.00232047115704735
-0.12960440658318986
-0.18172380983715478
-0.22066214449191132
-0.2526166937028308
-0.2800124824589696
-0.30410582169602435
-0.325650677503502
-0.3451434131486576
-0.3629324280277225
-0.3792740662225975
-0.3943638812843894
-0.408355377336715
-0.4213718707164
-0.4335143336559066
-0.44486677175129147
-0.4555000241052411
-0.46547451907039183
-0.4748423176556488
-0.48364865845261484
-0.49193314581674846
-0.4997306776274865
-0.5070721795594825
-0.5139851933019655
-0.5204943529472288
-0.5266217746326695
-0.5323873780915748
-0.5378091541704166
-0.5429033890342329
-0.5476848533279618
-0.5521669627343939
-0.556361914993074
-0.5602808073966611
-0.5639337379755707
-0.5673298929564073
-0.5704776225901029
-0.5733845070591205
-0.5760574138654437
-0.5785025478543445
-0.5807254948295334
-0.5827312595529853
-0.5845242987895742
-0.5861085499465771
-0.5874874557663736
-0.5886639854535304
-0.5896406525519851
-0.5904195298318604
-0.5910022613966237
-0.591390072178317
-0.5915837749500784
-0.5915837749500784
-0.591390072178317
-0.5910022613966237
-0.5904195298318604
-0.5896406525519851
-0.5886639854535304
-0.5874874557663736
-0.5861085499465771
-0.5845242987895742
-0.5827312595529853
-0.5807254948295334
-0.5785025478543445
-0.5760574138654438
-0.5733845070591205
-0.5704776225901029
-0.5673298929564073
-0.5639337379755707
-0.5602808073966611
-0.556361914993074
-0.5521669627343939
-0.5476848533279617
-0.5429033890342329
-0.5378091541704167
-0.5323873780915749
-0.5266217746326695
-0.5204943529472289
-0.5139851933019655
-0.5070721795594825
-0.49973067762748663
-0.49193314581674846
-0.48364865845261507
-0.4748423176556488
-0.46547451907039195
-0.4555000241052412
-0.4448667717512915
-0.4335143336559066
-0.42137187071639987
-0.40835537733671523
-0.3943638812843893
-0.3792740662225975
-0.3629324280277226
-0.34514341314865765
-0.32565067750350213
-0.304105821696024
-0.28001248245897
-0.25261669370283063
-0.2206621444919111
-0.1817238098371548
-0.1296044065831899
-0.00232047115704735
-0.002236062387350809
-0.1249649205728354
-0.17532034186143375
-0.21300610155170183
-0.2439842400934306
-0.270585550623485
-0.29401640918665384
-0.31500015740022025
-0.3340125830454416
-0.35138737102996165
-0.367369855405002
-0.3821470657679127
-0.3958657301094593
-0.4086436638596446
-0.42057729730884524
-0.4317468335297896
-0.4422198913433361
-0.4520541455402153
-0.4612992834371177
-0.46999848320952997
-0.4781895501226562
-0.48590580314382054
-0.4931767761806089
-0.5000287794625004
-0.5064853538915748
-0.5125676424154244
-0.5182946963038615
-0.5236837297989563
-0.5287503334071132
-0.5335086537483913
-0.5379715461262108
-0.542150704661266
-0.5460567738293755
-0.5496994444712149
-0.5530875367431033
-0.5562290720093757
-0.559131335307031
-0.5618009297191326
-0.564243823757588
-0.5664653926654403
-0.5684704543938086
-0.5702633008815265
-0.5718477251605489
-0.573227044722742
-0.5744041215101975
-0.5753813788288832
-0.5761608154319832
-0.5767440169728889
-0.5771321649869415
-0.5773260435244875
-0.5773260435244875
-0.5771321649869415
-0.5767440169728889
-0.5761608154319833
-0.5753813788288832
-0.5744041215101975
-0.573227044722742
-0.5718477251605489
-0.5702633008815264
-0.5684704543938086
-0.5664653926654404
-0.564243823757588
-0.5618009297191328
-0.559131335307031
-0.5562290720093757
-0.5530875367431033
-0.5496994444712149
-0.5460567738293755
-0.5421507046612661
-0.5379715461262108
-0.5335086537483912
-0.5287503334071132
-0.5236837297989564
-0.5182946963038615
-0.5125676424154244
-0.5064853538915749
-0.5000287794625004
-0.493176776180609
-0.48590580314382065
-0.4781895501226562
-0.46999848320953014
-0.46129928343711757
-0.4520541455402154
-0.4422198913433362
-0.43174683352978976
-0.42057729730884524
-0.40864366385964446
-0.3958657301094596
-0.38214706576791263
-0.367369855405002
-0.3513873710299617
-0.33401258304544174
-0.31500015740022036
-0.2940164091866535
-0.2705855506234854
-0.24398424009343037
-0.21300610155170163
-0.17532034186143375
-0.12496492057283545
-0.002236062387350809
-0.00216024185891083
-0.1207904757125201
-0.1695493466277698
-0.20609537640887704
-0.23618028254072881
-0.26205080786358215
-0.28486887891884843
-0.3053306214134819
-0.3238935596972436
-0.3408783275567564
-0.35652049677519065
-0.3709995383273299
-0.38445616861233606
-0.39700331879555445
-0.40873338179126045
-0.4197231758042331
-0.4300374483440847
-0.43973141446899544
-0.4488526367785183
-0.4574424451142593
-0.46553702710274764
-0.47316827861529137
-0.48036447600642607
-0.4871508139494769
-0.4935498404609361
-0.49958181225606996
-0.5052649876351231
-0.5106158698516111
-0.5156494108331321
-0.5203791828601786
-0.5248175241226906
-0.5289756628050218
-0.5328638233844156
-0.5364913180860978
-0.5398666258626307
-0.5429974608149086
-0.5458908316169708
-0.5485530932243323
-0.5509899919191948
-0.55320670456316
-0.5552078727794446
-0.5569976326648104
-0.5585796405308499
-0.5599570950905554
-0.5611327564357946
-0.5621089620917119
-0.562887640382999
-0.5634703213026611
-0.56385814503492
-0.5640518682490305
-0.5640518682490305
-0.56385814503492
-0.5634703213026611
-0.562887640382999
-0.5621089620917119
-0.5611327564357946
-0.5599570950905554
-0.5585796405308499
-0.5569976326648104
-0.5552078727794446
-0.55320670456316
-0.550989991919195
-0.5485530932243324
-0.5458908316169709
-0.5429974608149086
-0.5398666258626307
-0.5364913180860978
-0.5328638233844156
-0.528975662805022
-0.5248175241226906
-0.5203791828601786
-0.515649410833132
-0.5106158698516111
-0.5052649876351232
-0.49958181225606985
-0.4935498404609362
-0.487150813949477
-0.48036447600642607
-0.47316827861529137
-0.46553702710274764
-0.45744244511425936
-0.4488526367785183
-0.43973141446899555
-0.43003744834408475
-0.41972317580423313
-0.40873338179126056
-0.3970033187955543
-0.38445616861233634
-0.37099953832732985
-0.35652049677519065
-0.34087832755675646
-0.32389355969724365
-0.30533062141348205
-0.28486887891884816
-0.2620508078635825
-0.23618028254072862
-0.20609537640887682
-0.16954934662776983
-0.12079047571252016
-0.00216024185891083
-0.002091645490865682
-0.11700823705437868
-0.16431312489501115
-0.19981639333964796
-0.22908024746231453
-0.25427585549281395
-0.2765252505650093
-0.2965001698680126
-0.31464179136617726
-0.33125907748271854
-0.34657887394829073
-0.3607738962397709
-0.37397948675896475
-0.38630420814432465
-0.39783683933579833
-0.40865116543648144
-0.4188093577442585
-0.4283644211269684
-0.4373620058824585
-0.44584177532832625
-0.4538384557852928
-0.4613826549763205
-0.46850150857128836
-0.4752191971769849
-0.48155736426248774
-0.4875354573501697
-0.493171009064017
-0.4984798705258819
-0.5034764066162218
-0.5081736604299683
-0.5125834926315517
-0.5167167001888094
-0.5205831180341697
-0.5241917064860158
-0.5275506267083366
-0.5306673060528138
-0.5335484947852273
-0.5362003154259908
-0.5386283057166639
-0.5408374560484013
-0.5428322420452913
-0.5446166528784017
-0.5461942157896673
-0.5475680172243174
-0.5487407209030121
-0.5497145831076573
-0.5504914654058579
-0.5510728449964885
-0.5514598228214951
-0.55165312955566
-0.55165312955566
-0.5514598228214951
-0.5510728449964885
-0.5504914654058579
-0.5497145831076573
-0.5487407209030121
-0.5475680172243174
-0.5461942157896673
-0.5446166528784016
-0.5428322420452915
-0.5408374560484014
-0.538628305716664
-0.5362003154259908
-0.5335484947852273
-0.5306673060528138
-0.5275506267083367
-0.5241917064860158
-0.5205831180341697
-0.5167167001888096
-0.5125834926315518
-0.5081736604299681
-0.5034764066162218
-0.4984798705258819
-0.493171009064017
-0.48753545735016957
-0.48155736426248774
-0.475219197176985
-0.46850150857128836
-0.46138265497632064
-0.4538384557852928
-0.4458417753283264
-0.4373620058824585
-0.42836442112696843
-0.41880935774425854
-0.4086511654364815
-0.3978368393357984
-0.38630420814432453
-0.3739794867589651
-0.36077389623977085
-0.34657887394829073
-0.33125907748271854
-0.31464179136617737
-0.2965001698680127
-0.276525250565009
-0.2542758554928143
-0.2290802474623144
-0.19981639333964776
-0.16431312489501118
-0.11700823705437872
-0.002091645490865682
-0.002029194447034597
-0.11356040070329132
-0.15953387918300468
-0.19407841789803035
-0.22258430029430007
-0.24715426362642118
-0.2688742794053479
-0.28839407089337715
-0.3061400786753102
-0.322410751949054
-0.33742508080278205
-0.351349700717991
-0.364315117357026
-0.37642596040148196
-0.3877677533618433
-0.3984115470225683
-0.4084171879544729
-0.41783568425875117
-0.42671095629651
-0.4350811575796064
-0.4429796884486844
-0.45043598580514776
-0.4574761467042833
-0.4641234267407653
-0.47039864272486415
-0.47632050124917147
-0.48190586919156486
-0.4871699982314365
-0.49212671257851115
-0.4967885669988094
-0.5011669806488731
-0.5052723510452788
-0.5091141515958867
-0.512701015427519
-0.5160408077084961
-0.5191406882450729
-0.5220071658001311
-0.5246461453196756
-0.5270629690422024
-0.5292624522962156
-0.5312489146531497
-0.533026206989962
-0.5345977349224199
-0.5359664789925725
-0.5371350119288367
-0.5381055132420355
-0.538879781373561
-0.539459243570957
-0.5398449636302961
-0.5400376476126354
-0.5400376476126354
-0.5398449636302961
-0.539459243570957
-0.538879781373561
-0.5381055132420355
-0.5371350119288367
-0.5359664789925725
-0.5345977349224199
-0.533026206989962
-0.5312489146531497
-0.5292624522962156
-0.5270629690422024
-0.5246461453196756
-0.5220071658001311
-0.5191406882450729
-0.5160408077084963
-0.512701015427519
-0.5091141515958867
-0.5052723510452788
-0.5011669806488731
-0.4967885669988094
-0.49212671257851115
-0.4871699982314365
-0.48190586919156486
-0.47632050124917136
-0.47039864272486426
-0.4641234267407653
-0.4574761467042833
-0.4504359858051478
-0.4429796884486844
-0.4350811575796066
-0.42671095629651
-0.4178356842587512
-0.408417187954473
-0.3984115470225684
-0.3877677533618434
-0.37642596040148185
-0.3643151173570262
-0.351349700717991
-0.33742508080278205
-0.322410751949054
-0.30614007867531023
-0.2883940708933773
-0.26887427940534764
-0.2471542636264215
-0.22258430029429987
-0.19407841789803015
-0.1595338791830047
-0.11356040070329136
-0.002029194447034597
-0.001972022759881567
-0.11040042714048191
-0.15514878745469796
-0.1888079710712401
-0.2166113673356661
-0.2405993691377994
-0.26182514448968564
-0.2809184189426474
-0.2982922608000792
-0.3142355884429186
-0.32896027495264046
-0.3426274495814638
-0.3553632382297887
-0.3672687087756478
-0.3784264354819516
-0.38890499059673855
-0.39876211184989624
-0.40804699433989716
-0.41680198601848084
-0.42506386642717453
-0.43286482763970535
-0.44023323817314086
-0.4471942459290437
-0.45377025985400965
-0.4599813389186831
-0.46584550935331864
-0.47137902569145407
-0.47659658732470295
-0.48151151948143034
-0.48613592549178875
-0.4904808156763403
-0.4945562170477949
-0.49837126714262836
-0.5019342946290549
-0.5052528888182765
-0.5083339597997028
-0.5111837906005704
-0.513808082515925
-0.5162119945511827
-0.5184001777551547
-0.5203768050878896
-0.5221455973583948
-0.5237098456771418
-0.5250724307933219
-0.5262358396239551
-0.5272021792287549
-0.527973188439109
-0.5285502473101085
-0.5289343845298982
-0.5291262828896978
-0.5291262828896978
-0.5289343845298982
-0.5285502473101085
-0.527973188439109
-0.5272021792287549
-0.5262358396239551
-0.5250724307933219
-0.5237098456771418
-0.5221455973583948
-0.5203768050878896
-0.5184001777551547
-0.5162119945511827
-0.513808082515925
-0.5111837906005704
-0.5083339597997028
-0.5052528888182766
-0.5019342946290548
-0.49837126714262836
-0.4945562170477949
-0.4904808156763403
-0.48613592549178875
-0.48151151948143034
-0.47659658732470306
-0.47137902569145407
-0.46584550935331853
-0.4599813389186831
-0.45377025985400976
-0.4471942459290437
-0.440233238173141
-0.4328648276397053
-0.42506386642717475
-0.4168019860184808
-0.4080469943398972
-0.3987621118498963
-0.3889049905967386
-0.3784264354819517
-0.3672687087756477
-0.355363238229789
-0.34262744958146374
-0.32896027495264046
-0.3142355884429186
-0.2982922608000793
-0.2809184189426475
-0.26182514448968536
-0.24059936913779964
-0.216611367335666
-0.1888079710712399
-0.15514878745469798
-0.11040042714048194
-0.001972022759881567
-0.0019194262040929304
-0.1074903674763132
-0.15110648965121895
-0.1839448271340281
-0.2110948334301463
-0.23453979292894855
-0.2553028674507611
-0.27399551342940676
-0.29101859621571
-0.30665234459982854
-0.32110214724090114
-0.33452411885363875
-0.3470403975947138
-0.3587488083853166
-0.36972923973457955
-0.3800480059265136
-0.3897609224482758
-0.3989155306322131
-0.40755274289581833
-0.4157080831805703
-0.4234126381853916
-0.43069379786869855
-0.4375758396852562
-0.4440803951133669
-0.45022682625101745
-0.4560325328157214
-0.46151320464941675
-0.46668303109097903
-0.4715548758684846
-0.4761404241719229
-0.4804503070857292
-0.48449420744598914
-0.4882809503397197
-0.4918185808128689
-0.4951144308493295
-0.49817517728896676
-0.50100689204187
-0.5036150857091253
-0.506004745522757
-0.5081803683580969
-0.5101459894423638
-0.5119052072772791
-0.5134612052061767
-0.5148167699834543
-0.5159743076433321
-0.5169358569133757
-0.5177031003741702
-0.5182773735283766
-0.5186596719089023
-0.5188506563260117
-0.5188506563260117
-0.5186596719089023
-0.5182773735283766
-0.5177031003741702
-0.5169358569133757
-0.5159743076433321
-0.5148167699834543
-0.5134612052061768
-0.511905207277279
-0.5101459894423638
-0.5081803683580969
-0.506004745522757
-0.5036150857091254
-0.50100689204187
-0.49817517728896676
-0.4951144308493296
-0.4918185808128689
-0.4882809503397197
-0.48449420744598914
-0.4804503070857292
-0.47614042417192287
-0.4715548758684846
-0.46668303109097914
-0.46151320464941686
-0.4560325328157214
-0.45022682625101745
-0.444080395113367
-0.4375758396852562
-0.43069379786869866
-0.4234126381853916
-0.41570808318057045
-0.4075527428958183
-0.39891553063221313
-0.3897609224482759
-0.3800480059265137
-0.36972923973457966
-0.3587488083853164
-0.34704039759471395
-0.3345241188536387
-0.32110214724090114
-0.30665234459982854
-0.29101859621571013
-0.2739955134294069
-0.2553028674507608
-0.23453979292894886
-0.21109483343014615
-0.18394482713402793
-0.15110648965121898
-0.10749036747631324
-0.0019194262040929304
-0.0018708254194453515
-0.10479892659645439
-0.1473645318921267
-0.17943909051675128
-0.20597938716240005
-0.2289161402103247
-0.2492449277418298
-0.26756043193904533
-0.284252325472043
-0.29959287399168494
-0.31378152799287895
-0.3269698124085361
-0.3392762165625127
-0.35079559837797347
-0.3616053889858297
-0.37176983620478166
-0.38134299559553997
-0.39037089353700644
-0.39889312651007913
-0.4069440665428483
-0.41455378532556314
-0.42174877336610606
-0.428552507187204
-0.43498590208007953
-0.44106767744044645
-0.4468146544684078
-0.45224200092112143
-0.45736343396908263
-0.46219138956971173
-0.466737164834496
-0.4710110384248848
-0.475022372928019
-0.47877970233912176
-0.4822908071444873
-0.48556277900856254
-0.4886020766852365
-0.4914145744712984
-0.49400560428002255
-0.49637999222072904
-0.4985420904152961
-0.5004958046567993
-0.502244618412539
-0.5037916135888679
-0.5051394884047417
-0.5062905726618203
-0.5072468406489755
-0.5080099218763089
-0.5085811097967945
-0.5089613686411846
-0.5091513384628447
-0.5091513384628447
-0.5089613686411846
-0.5085811097967945
-0.5080099218763089
-0.5072468406489755
-0.5062905726618203
-0.5051394884047417
-0.5037916135888679
-0.5022446184125389
-0.5004958046567994
-0.4985420904152961
-0.49637999222072915
-0.49400560428002255
-0.4914145744712984
-0.4886020766852365
-0.48556277900856265
-0.4822908071444873
-0.47877970233912176
-0.475022372928019
-0.4710110384248848
-0.466737164834496
-0.46219138956971173
-0.45736343396908274
-0.45224200092112155
-0.44681465446840773
-0.44106767744044656
-0.4349859020800796
-0.428552507187204
-0.42174877336610617
-0.4145537853255631
-0.40694406654284854
-0.39889312651007913
-0.3903708935370065
-0.38134299559554
-0.3717698362047817
-0.3616053889858298
-0.3507955983779733
-0.339276216562513
-0.32696981240853606
-0.31378152799287895
-0.299592873991685
-0.28425232547204304
-0.26756043193904544
-0.24924492774182952
-0.22891614021032497
-0.2059793871623999
-0.17943909051675108
-0.14736453189212673
-0.1047989265964544
-0.0018708254194453515
-0.0018257388154550634
-0.10230003461744175
-0.14388747438918795
-0.17524902391868055
-0.20121866855460419
-0.2236785316884058
-0.2435987217388056
-0.261558449438582
-0.27793707439437637
-0.29299953126005696
-0.3069398076243523
-0.31990520825923574
-0.33201086873532143
-0.34334892045369775
-0.35399453640612766
-0.3640100652470253
-0.3734479446472803
-0.38235280772347596
-0.3907630400755508
-0.39871195309332697
-0.406228683189054
-0.41333889138508156
-0.42006531490603644
-0.42642820733019815
-0.4324456936320356
-0.43813405938775923
-0.44350798845289247
-0.4485807598758384
-0.45336441224183877
-0.4578698817540563
-0.4621071189545842
-0.4660851879320713
-0.4698123510597519
-0.4732961416912205
-0.47654342676363803
-0.4795604608847046
-0.4823529331855174
-0.48492600798775654
-0.4872843601466255
-0.48943220578022767
-0.4913733289736251
-0.4931111049456932
-0.49464852008433713
-0.4959881891870766
-0.4971323701865471
-0.49808297659188
-0.49884158783538185
-0.4994094576779936
-0.4997875207954685
-0.4999763976390766
-0.4999763976390766
-0.4997875207954685
-0.4994094576779936
-0.49884158783538185
-0.49808297659188
-0.4971323701865471
-0.4959881891870766
-0.49464852008433724
-0.4931111049456932
-0.4913733289736251
-0.48943220578022767
-0.4872843601466255
-0.48492600798775654
-0.48235293318551753
-0.4795604608847046
-0.47654342676363814
-0.4732961416912205
-0.4698123510597519
-0.4660851879320713
-0.4621071189545842
-0.4578698817540563
-0.45336441224183865
-0.4485807598758384
-0.44350798845289247
-0.43813405938775923
-0.43244569363203567
-0.42642820733019826
-0.42006531490603644
-0.41333889138508156
-0.4062286831890539
-0.39871195309332713
-0.39076304007555074
-0.38235280772347613
-0.37344794464728037
-0.36401006524702534
-0.3539945364061277
-0.3433489204536976
-0.3320108687353217
-0.3199052082592357
-0.3069398076243523
-0.29299953126005696
-0.2779370743943764
-0.2615584494385821
-0.24359872173880534
-0.2236785316884061
-0.20121866855460405
-0.17524902391868036
-0.14388747438918797
-0.10230003461744176
-0.0018257388154550634
-0.0017837623322302365
-0.09997177616305729
-0.14064546854425022
-0.17133940966079889
-0.19677348865856342
-0.21878472919339553
-0.23831962783211505
-0.2559430672379467
-0.27202486517757524
-0.28682317920172873
-0.3005269503033131
-0.3132795868850988
-0.3251931293514822
-0.33635719345572423
-0.34684486892441146
-0.35671675225899996
-0.3660237882220118
-0.37480932391295796
-0.3831106267943234
-0.39096002834558424
-0.39838580035846527
-0.4054128365026911
-0.4120631895589015
-0.4183564999841695
-0.4243103414995571
-0.42994050249984045
-0.4352612172430216
-0.4402853573183843
-0.44502459138486533
-0.4494895193299388
-0.45368978562964823
-0.4576341756602111
-0.4613306979284728
-0.46478665458724217
-0.46800870213569296
-0.471002903840934
-0.4737747751299519
-0.4763293229732921
-0.4786710800995248
-0.48080413473258476
-0.4827321564247544
-0.4844584184604617
-0.4859858172256486
-0.48731688887066293
-0.48845382353867356
-0.4893984773842921
-0.4901523825666441
-0.49071675536615617
-0.49109250254362913
-0.4912802260328113
-0.4912802260328113
-0.49109250254362913
-0.49071675536615617
-0.49015238256664423
-0.4893984773842921
-0.48845382353867356
-0.48731688887066293
-0.4859858172256486
-0.4844584184604616
-0.4827321564247544
-0.4808041347325849
-0.4786710800995248
-0.47632932297329217
-0.4737747751299519
-0.471002903840934
-0.46800870213569296
-0.46478665458724217
-0.4613306979284728
-0.4576341756602111
-0.45368978562964823
-0.4494895193299388
-0.4450245913848652
-0.4402853573183844
-0.43526121724302164
-0.4299405024998404
-0.42431034149955715
-0.4183564999841695
-0.41206318955890153
-0.40541283650269117
-0.39838580035846527
-0.39096002834558446
-0.38311062679432334
-0.374809323912958
-0.36602378822201187
-0.356716752259
-0.3468448689244116
-0.33635719345572407
-0.3251931293514824
-0.31327958688509877
-0.3005269503033131
-0.2868231792017288
-0.27202486517757535
-0.2559430672379468
-0.2383196278321148
-0.21878472919339578
-0.19677348865856328
-0.17133940966079872
-0.14064546854425022
-0.09997177616305732
-0.0017837623322302365
-0.001744554097223079
-0.09779557614486999
-0.1376131716548712
-0.16768029615445973
-0.19261046366766454
-0.21419869367720934
-0.23336951379278503
-0.2506744884472988
-0.2664745740509721
-0.28102163944583863
-0.2944999459745541
-0.3070492910490511
-0.31877884786667465
-0.3297759025207022
-0.340111615821177
-0.349844961996163
-0.3590255034434697
-0.3676953962274089
-0.37589087193284654
-0.38364335384698967
-0.3909803120213679
-0.3979259281685909
-0.4045016196253374
-0.4107264572201426
-0.41661750213817783
-0.422190080144852
-0.4274580067995036
-0.43243377391172944
-0.4371287050441158
-0.44155308606641375
-0.4457162754285621
-0.4496267978138308
-0.45329242406854203
-0.4567202397176964
-0.45991670392094497
-0.46288770036785265
-0.4656385813312895
-0.46817420587535413
-0.4704989730362586
-0.472616850651158
-0.4745314003934573
-0.4762457994778827
-0.4777628594201434
-0.47908504217084036
-0.48021447388869604
-0.4811529565720413
-0.48190197772806453
-0.4824627182252293
-0.4828360584443588
-0.48302258281721966
-0.48302258281721966
-0.4828360584443588
-0.4824627182252293
-0.48190197772806453
-0.4811529565720413
-0.48021447388869604
-0.47908504217084036
-0.4777628594201434
-0.4762457994778827
-0.4745314003934573
-0.472616850651158
-0.4704989730362586
-0.46817420587535413
-0.4656385813312895
-0.46288770036785265
-0.45991670392094497
-0.4567202397176964
-0.45329242406854203
-0.4496267978138308
-0.44571627542856224
-0.44155308606641375
-0.4371287050441158
-0.43243377391172944
-0.4274580067995037
-0.4221900801448519
-0.4166175021381779
-0.41072645722014267
-0.40450161962533754
-0.397925928168591
-0.3909803120213679
-0.3836433538469898
-0.3758908719328465
-0.367695396227409
-0.35902550344346973
-0.34984496199616305
-0.3401116158211771
-0.32977590252070216
-0.31877884786667493
-0.307049291049051
-0.2944999459745541
-0.2810216394458387
-0.26647457405097214
-0.2506744884472989
-0.23336951379278478
-0.21419869367720962
-0.19261046366766438
-0.16768029615445953
-0.13761317165487122
-0.09779557614487001
-0.001744554097223079
-0.0017078226370870703
-0.09575557245204099
-0.13476890846888437
-0.16424602689569628
-0.18870095411634977
-0.20988946244789655
-0.22871557169829163
-0.24571842511762199
-0.2612507216550164
-0.27555847456562427
-0.2888215908196677
-0.30117650977071775
-0.3127297394708833
-0.32356640126898645
-0.33375586399769297
-0.34335559493124335
-0.3524138723484957
-0.36097174578901997
-0.3690644842443598
-0.37672266679192856
-0.38397301792611066
-0.39083905697770244
-0.3973416097656196
-0.40349921654790294
-0.4093284608071316
-0.4148442368233678
-0.42005996936170736
-0.4249877954975764
-0.4296387162084467
-0.4340227236018812
-0.43814890834197134
-0.4420255508525309
-0.44566019912769633
-0.44905973540659516
-0.4522304335240709
-0.45517800840195066
-0.4579076588715506
-0.4604241048007096
-0.46273161932470297
-0.4648340568402098
-0.46673487730770685
-0.46843716731461776
-0.4699436582748777
-0.47125674207692486
-0.47237848443881825
-0.4733106361841281
-0.47405464261374236
-0.4746116511154539
-0.4749825171239972
-0.4751678085181878
-0.4751678085181878
-0.4749825171239972
-0.4746116511154539
-0.47405464261374236
-0.4733106361841281
-0.47237848443881825
-0.47125674207692486
-0.46994365827487783
-0.46843716731461776
-0.46673487730770685
-0.4648340568402098
-0.46273161932470297
-0.4604241048007096
-0.4579076588715506
-0.45517800840195066
-0.45223043352407094
-0.44905973540659516
-0.4456601991276964
-0.4420255508525309
-0.43814890834197134
-0.4340227236018812
-0.4296387162084466
-0.4249877954975765
-0.42005996936170736
-0.4148442368233678
-0.4093284608071317
-0.40349921654790294
-0.3973416097656196
-0.39083905697770255
-0.38397301792611055
-0.3767226667919288
-0.3690644842443598
-0.3609717457890201
-0.3524138723484958
-0.3433555949312434
-0.333755863997693
-0.3235664012689863
-0.3127297394708835
-0.3011765097707177
-0.2888215908196677
-0.2755584745656243
-0.26125072165501645
-0.2457184251176221
-0.2287155716982914
-0.20988946244789683
-0.18870095411634963
-0.16424602689569612
-0.13476890846888437
-0.09575557245204101
-0.0017078226370870703
-0.0016733177104249965
-0.09383812687141967
-0.13209401586500893
-0.16101447968869387
-0.18502023177025276
-0.2058302653437001
-0.2243293987198159
-0.24104515502262977
-0.2563225145042184
-0.27040202096480725
-0.2834595168525099
-0.2956283087946275
-0.30701241971128546
-0.3176949531607421
-0.32774360807628994
-0.3372144476477895
-0.3461545537446194
-0.3546039449013151
-0.36259699307600124
-0.37016349044481495
-0.3773294663345737
-0.384117822220745
-0.390548831916464
-0.3966405402974875
-0.4024090845768972
-0.4078689557003476
-0.4130332129044577
-0.4179136612470289
-0.4225209995741334
-0.4268649446677673
-0.4309543360377672
-0.4347972248589917
-0.4384009498230317
-0.44177220211202356
-0.4449170812670005
-0.4478411433831902
-0.4505494427967699
-0.45304656821488126
-0.45533667407053535
-0.45742350774689916
-0.45931043320413895
-0.46100045145098045
-0.46249621822816384
-0.4638000592087263
-0.46491398296791653
-0.46583969193149344
-0.46657859147353026
-0.46713179730231325
-0.46750014124439454
-0.4676841755114425
-0.4676841755114425
-0.46750014124439454
-0.46713179730231325
-0.46657859147353026
-0.46583969193149344
-0.46491398296791653
-0.4638000592087263
-0.46249621822816384
-0.4610004514509804
-0.45931043320413895
-0.45742350774689916
-0.45533667407053546
-0.45304656821488126
-0.4505494427967699
-0.4478411433831902
-0.4449170812670005
-0.44177220211202345
-0.4384009498230318
-0.4347972248589917
-0.4309543360377672
-0.42686494466776725
-0.4225209995741333
-0.41791366124702894
-0.4130332129044577
-0.4078689557003476
-0.40240908457689734
-0.39664054029748763
-0.390548831916464
-0.38411782222074503
-0.37732946633457365
-0.3701634904448151
-0.36259699307600124
-0.35460394490131514
-0.34615455374461945
-0.3372144476477896
-0.32774360807629
-0.317694953160742
-0.3070124197112857
-0.2956283087946275
-0.2834595168525099
-0.27040202096480725
-0.2563225145042185
-0.24104515502262988
-0.22432939871981564
-0.20583026534370036
-0.18502023177025262
-0.16101447968869373
-0.13209401586500893
-0.0938381268714197
-0.0016733177104249965
-0.0016408230994858946
-0.09203143962477023
-0.12957232519320158
-0.15796646434100584
-0.18154681861573183
-0.20199782198712976
-0.22018626471668776
-0.23662876859802082
-0.2516630781780823
-0.2655246137122909
-0.2783854126525068
-0.290375850598927
-0.3015976264610832
-0.3121319575555401
-0.32204498223254396
-0.33139145175991513
-0.3402173302304342
-0.34856167293349677
-0.3564580136731243
-0.3639354092477953
-0.3710192391727978
-0.3777318271972931
-0.38409293078589923
-0.39012013123182065
-0.39582914792613033
-0.40123409399529053
-0.40634768608268623
-0.41118141788176
-0.41574570473241773
-0.4200500049061249
-0.4241029219512669
-0.4279122915273388
-0.4314852554397869
-0.4348283250371613
-0.43794743570604255
-0.440847993866178
-0.443534917605894
-0.4460126718895352
-0.44828529910203546
-0.4503564455614325
-0.4522293845211419
-0.4539070360946881
-0.45539198446218426
-0.4566864926569142
-0.45779251517934555
-0.458711708642788
-0.45944544061808285
-0.4599947968128769
-0.460360586693125
-0.4605433476295988
-0.4605433476295988
-0.460360586693125
-0.4599947968128769
-0.45944544061808285
-0.458711708642788
-0.45779251517934555
-0.4566864926569142
-0.45539198446218426
-0.4539070360946881
-0.4522293845211419
-0.4503564455614325
-0.44828529910203546
-0.4460126718895352
-0.443534917605894
-0.440847993866178
-0.43794743570604255
-0.4348283250371613
-0.4314852554397869
-0.42791229152733884
-0.4241029219512669
-0.4200500049061249
-0.4157457047324177
-0.4111814178817601
-0.40634768608268623
-0.4012340939952905
-0.39582914792613044
-0.39012013123182077
-0.38409293078589923
-0.3777318271972932
-0.3710192391727977
-0.3639354092477955
-0.35645801367312424
-0.3485616729334968
-0.34021733023043427
-0.3313914517599152
-0.322044982232544
-0.31213195755553996
-0.30159762646108335
-0.29037585059892695
-0.2783854126525068
-0.26552461371229097
-0.25166307817808237
-0.2366287685980209
-0.2201862647166875
-0.20199782198713004
-0.1815468186157317
-0.1579664643410057
-0.12957232519320158
-0.09203143962477026
-0.0016408230994858946
-0.0016101508845675512
-0.09032524254017572
-0.12718974935492264
-0.1550852412401162
-0.17826195745226509
-0.19837177784593796
-0.21626452336802449
-0.23244656233089583
-0.24724883850583046
-0.2609019598673821
-0.2735743922790239
-0.2853937616538939
-0.29645958772898623
-0.306851319839459
-0.31663363404884143
-0.32586005260759
-0.3345754926052499
-0.34281810711547883
-0.3506206448624994
-0.35801147375412207
-0.36501536445847305
-0.3716540992822173
-0.3779469516202521
-0.3839110680059468
-0.3895617758262193
-0.39491283357608786
-0.3999766361775215
-0.4047643847810973
-0.40928622821796223
-0.41355138161638044
-0.41756822646789576
-0.42134439550366026
-0.42488684503883495
-0.4282019169036439
-0.43129539166187475
-0.43417253449117144
-0.43683813484228334
-0.4392965407902551
-0.4415516888271947
-0.44360712971464633
-0.4454660509067639
-0.4471312959681507
-0.4486053813382942
-0.44989051073481456
-0.4509885874377524
-0.45190122465488
-0.45262975413194617
-0.4531752331405839
-0.453538449949274
-0.4537199278584125
-0.4537199278584125
-0.453538449949274
-0.4531752331405839
-0.4526297541319463
-0.45190122465488
-0.4509885874377524
-0.44989051073481456
-0.4486053813382942
-0.4471312959681507
-0.445466050906764
-0.44360712971464633
-0.4415516888271947
-0.4392965407902551
-0.43683813484228334
-0.43417253449117144
-0.43129539166187475
-0.4282019169036438
-0.42488684503883495
-0.42134439550366026
-0.41756822646789576
-0.4135513816163804
-0.4092862282179621
-0.4047643847810974
-0.3999766361775215
-0.39491283357608786
-0.38956177582621937
-0.3839110680059469
-0.37794695162025216
-0.3716540992822174
-0.36501536445847305
-0.35801147375412223
-0.35062064486249933
-0.34281810711547894
-0.33457549260525
-0.32586005260759004
-0.3166336340488415
-0.30685131983945885
-0.29645958772898645
-0.28539376165389385
-0.2735743922790239
-0.2609019598673822
-0.24724883850583051
-0.23244656233089594
-0.21626452336802424
-0.19837177784593824
-0.17826195745226495
-0.15508524124011605
-0.12718974935492267
-0.09032524254017575
-0.0016101508845675512
-0.001581136853664358
-0.08871055257673607
-0.12493395046517448
-0.1523561331476709
-0.17514918420280134
-0.19493424782055546
-0.2125451347387213
-0.22847854608832185
-0.24305901813177438
-0.25651262780883477
-0.269004480177706
-0.28065961516637644
-0.29157550406469845
-0.3018299349620297
-0.31148621036576296
-0.32059669836879917
-0.3292053329920636
-0.3373494202579171
-0.34506097181838813
-0.35236770877383494
-0.35929383006251214
-0.3658606094573109
-0.3720868655906096
-0.37798933643447735
-0.3835829808663366
-0.3888812238764984
-0.3938961577057836
-0.39863870815350505
-0.4031187730874411
-0.4073453385653733
-0.4113265767717065
-0.41506992906568374
-0.4185821767483566
-0.4218695016263628
-0.4249375380407014
-0.42779141770844464
-0.4304358084730393
-0.43287494785855146
-0.4351126721629845
-0.4371524416966977
-0.4389973626671706
-0.4406502061257007
-0.4421134243210718
-0.44338916474666856
-0.44447928211849114
-0.4453853484801003
-0.44610866159515544
-0.44665025175763456
-0.4470108871230346
-0.4471910776399774
-0.4471910776399774
-0.4470108871230346
-0.44665025175763456
-0.44610866159515555
-0.4453853484801003
-0.44447928211849114
-0.44338916474666856
-0.4421134243210718
-0.4406502061257007
-0.4389973626671706
-0.4371524416966977
-0.43511267216298455
-0.4328749478585515
-0.4304358084730393
-0.42779141770844464
-0.4249375380407014
-0.4218695016263628
-0.4185821767483566
-0.4150699290656838
-0.41132657677170653
-0.4073453385653733
-0.4031187730874411
-0.3986387081535051
-0.3938961577057836
-0.3888812238764983
-0.38358298086633663
-0.3779893364344774
-0.3720868655906096
-0.36586060945731097
-0.35929383006251214
-0.35236770877383505
-0.3450609718183881
-0.3373494202579172
-0.3292053329920636
-0.3205966983687993
-0.311486210365763
-0.30182993496202953
-0.2915755040646987
-0.28065961516637644
-0.269004480177706
-0.25651262780883477
-0.24305901813177444
-0.22847854608832197
-0.21254513473872108
-0.19493424782055574
-0.17514918420280118
-0.15235613314767077
-0.12493395046517448
-0.08871055257673612
-0.001581136853664358
-0.00155363679058691
-0.08717947215635716
-0.12279407014743669
-0.14976620960440246
-0.1721939796236315
-0.19166944393896795
-0.20901127518632234
-0.2247070399269602
-0.23907522386920435
-0.2523376280152015
-0.2646561876972464
-0.2761535051987254
-0.28692512179324
-0.2970472610146888
-0.30658193220083074
-0.3155804171226913
-0.32408572468936714
-0.3321343639030844
-0.33975765291027515
-0.346982704221045
-0.3538331787780696
-0.36032987175593145
-0.3664911737089665
-0.3723334379258359
-0.3778712762104821
-0.38311779934510326
-0.38808481429975944
-0.3927829872604891
-0.39722197937922327
-0.4014105605561839
-0.4053567053813288
-0.40906767447090964
-0.41255008375842284
-0.415809963779778
-0.4188528105901318
-0.4216836296354402
-0.4243069736541151
-0.4267269754875405
-0.4289473765209212
-0.43097155134920573
-0.43280252915997236
-0.43444301224108806
-0.43589539195170296
-0.4371617624376692
-0.4382439323243557
-0.43914343457918786
-0.4398615347015232
-0.4403992373674875
-0.4407572916310981
-0.4409361947595889
-0.4409361947595889
-0.4407572916310981
-0.4403992373674875
-0.4398615347015232
-0.43914343457918786
-0.4382439323243557
-0.4371617624376692
-0.43589539195170307
-0.43444301224108806
-0.43280252915997236
-0.43097155134920573
-0.4289473765209212
-0.4267269754875406
-0.4243069736541152
-0.4216836296354402
-0.4188528105901318
-0.415809963779778
-0.41255008375842284
-0.40906767447090964
-0.4053567053813289
-0.4014105605561839
-0.3972219793792232
-0.39278298726048916
-0.3880848142997595
-0.3831177993451032
-0.3778712762104821
-0.37233343792583595
-0.3664911737089666
-0.36032987175593145
-0.3538331787780696
-0.34698270422104516
-0.33975765291027515
-0.3321343639030845
-0.3240857246893672
-0.3155804171226913
-0.30658193220083085
-0.29704726101468865
-0.2869251217932402
-0.27615350519872534
-0.2646561876972464
-0.2523376280152015
-0.2390752238692044
-0.2247070399269603
-0.20901127518632212
-0.1916694439389682
-0.17219397962363137
-0.1497662096044023
-0.12279407014743672
-0.08717947215635719
-0.00155363679058691
-0.0015275234495422951
-0.08572502614766978
-0.12076050897300662
-0.14730402842239126
-0.16938348356146235
-0.18856336943477217
-0.2056480163327819
-0.22111634179012962
-0.2352811061068306
-0.24836006655121304
-0.2605121625635018
-0.27185769367875634
-0.2824903788229473
-0.29248496486778447
-0.3019022410560114
-0.3107924645121794
-0.31919777174248704
-0.327153920248566
-0.3346915743296463
-0.34183727271578995
-0.3486141691025387
-0.35504260737318694
-0.3611405743659984
-0.36692406050546905
-0.3724073501284865
-0.3776032574761301
-0.38252332020397956
-0.387177959323363
-0.39157661235533664
-0.39572784491448665
-0.3996394447763004
-0.40331850160698857
-0.4067714748697565
-0.41000425191120576
-0.41302219783626026
-0.4158301984711579
-0.41843269747075007
-0.42083372843319866
-0.4230369427306551
-0.42504563364001796
-0.4268627572568397
-0.428490950592861
-0.4299325471896415
-0.43118959052429945
-0.43226384543612084
-0.43315680776287846
-0.4338697123416128
-0.43440353949917265
-0.43475902013200013
-0.4349366394516476
-0.4349366394516476
-0.43475902013200013
-0.43440353949917265
-0.4338697123416128
-0.43315680776287846
-0.43226384543612084
-0.43118959052429945
-0.4299325471896415
-0.428490950592861
-0.4268627572568397
-0.42504563364001796
-0.4230369427306551
-0.4208337284331988
-0.41843269747075007
-0.4158301984711579
-0.4130221978362603
-0.41000425191120576
-0.4067714748697565
-0.40331850160698857
-0.3996394447763004
-0.3957278449144866
-0.3915766123553366
-0.38717795932336313
-0.38252332020397956
-0.3776032574761301
-0.3724073501284865
-0.36692406050546905
-0.36114057436599845
-0.355042607373187
-0.3486141691025386
-0.34183727271579006
-0.3346915743296463
-0.32715392024856604
-0.3191977717424871
-0.3107924645121794
-0.3019022410560115
-0.2924849648677843
-0.28249037882294753
-0.2718576936787563
-0.2605121625635018
-0.2483600665512131
-0.2352811061068307
-0.22111634179012973
-0.20564801633278168
-0.18856336943477242
-0.16938348356146224
-0.14730402842239115
-0.12076050897300665
-0.0857250261476698
-0.0015275234495422951
-0.0015026840710159893
-0.08434102780721704
-0.11882474480065862
-0.14495942244882015
-0.16670625890217658
-0.18560356565871333
-0.2024420591002556
-0.21769245181879668
-0.2316620758560738
-0.24456485681298942
-0.25655689690724787
-0.26775631600133076
-0.278255108878628
-0.28812662590386395
-0.2974305028643276
-0.30621602848811735
-0.3145245149616344
-0.32239100982455937
-0.3298455597348957
-0.3369141614394074
-0.34361948949036913
-0.3499814614553853
-0.35601768275538764
-0.36174380093817593
-0.3671737908493253
-0.37232018640085096
-0.37719427058957894
-0.3818062325263848
-0.3861652981428449
-0.3902798397036312
-0.3941574681093454
-0.3978051111144697
-0.40122907993151485
-0.4044351261908003
-0.40742849083674065
-0.41021394623791474
-0.4127958325490421
-0.4151780891731291
-0.4173642820201796
-0.4193576271365061
-0.4211610111793709
-0.42277700913051797
-0.42420789957530336
-0.42545567781865123
-0.4265220670626206
-0.42740852783113364
-0.4281162657939226
-0.4286462381128026
-0.42899915840801556
-0.4291755004197949
-0.4291755004197949
-0.42899915840801556
-0.4286462381128026
-0.4281162657939226
-0.42740852783113364
-0.4265220670626206
-0.42545567781865123
-0.42420789957530336
-0.42277700913051797
-0.4211610111793709
-0.41935762713650615
-0.4173642820201796
-0.41517808917312915
-0.4127958325490421
-0.41021394623791474
-0.4074284908367407
-0.4044351261908003
-0.40122907993151485
-0.39780511111446976
-0.3941574681093454
-0.3902798397036312
-0.38616529814284484
-0.3818062325263848
-0.377194270589579
-0.37232018640085096
-0.3671737908493253
-0.361743800938176
-0.3560176827553877
-0.34998146145538533
-0.343619489490369
-0.33691416143940756
-0.3298455597348957
-0.3223910098245595
-0.31452451496163447
-0.3062160284881174
-0.2974305028643277
-0.28812662590386384
-0.2782551088786282
-0.26775631600133076
-0.25655689690724787
-0.24456485681298942
-0.2316620758560739
-0.21769245181879676
-0.20244205910025534
-0.18560356565871358
-0.16670625890217647
-0.14495942244882
-0.11882474480065862
-0.08434102780721707
-0.0015026840710159893
-0.0014790183280994924
-0.08302196778881822
-0.1169791821599545
-0.14272332252027478
-0.16415209531116204
-0.18277890136812844
-0.19938151198604737
-0.2144228422196602
-0.228205068254379
-0.24093847829915938
-0.2527764826264226
-0.26383513406418313
-0.2742047931014445
-0.28395748691629763
-0.29315175879373156
-0.30183598051831945
-0.3100506839465229
-0.3178302446689843
-0.32520412484764455
-0.33219780836803464
-0.3388335163928632
-0.3451307630750294
-0.3511067928783429
-0.35677692882670053
-0.3621548527926698
-0.36725283326884456
-0.372081912082933
-0.376652058673965
-0.38097229848663916
-0.38505082052780537
-0.38889506800418006
-0.3925118151144863
-0.39590723242634207
-0.3990869427748226
-0.40205606923744647
-0.40481927644173854
-0.407380806226305
-0.4097445084896254
-0.41191386791140183
-0.4138920271109628
-0.41568180670955873
-0.4172857226835522
-0.41870600132976293
-0.41994459210966545
-0.42100317859346376
-0.4218831876864881
-0.42258579728741813
-0.42311194249937645
-0.4234623204899905
-0.4236373940743116
-0.4236373940743116
-0.4234623204899905
-0.42311194249937645
-0.42258579728741813
-0.4218831876864881
-0.42100317859346376
-0.41994459210966545
-0.41870600132976293
-0.41728572268355213
-0.41568180670955873
-0.4138920271109628
-0.4119138679114019
-0.4097445084896254
-0.407380806226305
-0.40481927644173854
-0.4020560692374465
-0.3990869427748226
-0.3959072324263421
-0.3925118151144863
-0.3888950680041801
-0.38505082052780537
-0.38097229848663905
-0.376652058673965
-0.37208191208293306
-0.3672528332688445
-0.3621548527926698
-0.3567769288267006
-0.3511067928783429
-0.3451307630750294
-0.3388335163928632
-0.3321978083680348
-0.3252041248476445
-0.31783024466898435
-0.31005068394652296
-0.3018359805183195
-0.2931517587937317
-0.28395748691629746
-0.27420479310144474
-0.2638351340641831
-0.2527764826264226
-0.24093847829915938
-0.2282050682543791
-0.21442284221966032
-0.19938151198604712
-0.18277890136812872
-0.16415209531116193
-0.14272332252027464
-0.11697918215995451
-0.08302196778881826
-0.0014790183280994924
-0.0014564366178041537
-0.08176292167207548
-0.11521702659735869
-0.14058760956557376
-0.16171184507334802
-0.18007939625571784
-0.19645570513526156
-0.2112962640525467
-0.22489834377146312
-0.23746877360208773
-0.24915840527312128
-0.2600813279624543
-0.2703263503039407
-0.2799642435487046
-0.28905251438848095
-0.297638664859803
-0.3057624868438736
-0.313457718861543
-0.3207532690009185
-0.3276741350265016
-0.3342421083699247
-0.34047632081859514
-0.3463936746962744
-0.35200918539284953
-0.35733625702008276
-0.3623869063919372
-0.3671719466085838
-0.37170113872458793
-0.3759833179540385
-0.38002649937633554
-0.38383796699930967
-0.38742434920387286
-0.39079168296175193
-0.3939454687323061
-0.3968907175683404
-0.3996319916669808
-0.4021734393702141
-0.40451882543593704
-0.40667155725337895
-0.4086347075583439
-0.41041103410760926
-0.4120029966932679
-0.41341277181310415
-0.4146422652594065
-0.41569312284367765
-0.41656673943674366
-0.4172642664713504
-0.4177866180263323
-0.41813447558689976
-0.4183082915537323
-0.4183082915537323
-0.41813447558689976
-0.4177866180263323
-0.4172642664713504
-0.41656673943674366
-0.41569312284367765
-0.4146422652594065
-0.41341277181310426
-0.4120029966932679
-0.4104110341076093
-0.4086347075583439
-0.40667155725337895
-0.40451882543593704
-0.4021734393702142
-0.3996319916669808
-0.3968907175683405
-0.3939454687323061
-0.39079168296175193
-0.3874243492038729
-0.38383796699930967
-0.3800264993763355
-0.37598331795403844
-0.37170113872458793
-0.3671719466085839
-0.3623869063919372
-0.3573362570200828
-0.35200918539284964
-0.3463936746962744
-0.3404763208185952
-0.33424210836992463
-0.3276741350265017
-0.3207532690009185
-0.31345771886154306
-0.30576248684387364
-0.29763866485980306
-0.289052514388481
-0.2799642435487045
-0.2703263503039409
-0.26008132796245426
-0.24915840527312128
-0.23746877360208773
-0.22489834377146314
-0.2112962640525468
-0.1964557051352613
-0.1800793962557181
-0.16171184507334788
-0.14058760956557362
-0.11521702659735872
-0.0817629216720755
-0.0014564366178041537
-0.0014348586308992836
-0.08055947246562561
-0.11353217923852055
-0.13854499035026338
-0.15937728500721096
-0.17749607233082515
-0.19365503357531966
-0.20830258413554806
-0.22173132021481326
-0.23414477666279684
-0.24569136949489384
-0.2564833193878879
-0.26660795896652184
-0.27613486542059495
-0.28512056026708726
-0.293611719198112
-0.3016474312347772
-0.3092608299128323
-0.316480297238522
-0.3233303694677207
-0.3298324300858575
-0.33600524790633085
-0.341865400457261
-0.34742761107168874
-0.3527050201392516
-0.3577094054844856
-0.36245136297741687
-0.3669404557264115
-0.37118533820662974
-0.3751938602112712
-0.3789731544227713
-0.3825297105814576
-0.3858694386062674
-0.38899772254406395
-0.3919194668538004
-0.39463913624247166
-0.3971607900418996
-0.3994881119344829
-0.40162443569133055
-0.40357276746960924
-0.405335805121314
-0.4069159548883364
-0.4083153457950062
-0.40953584199643095
-0.41057905329670735
-0.4114463440137109
-0.4121388403352601
-0.41265743628388174
-0.413002798383247
-0.41317536909783226
-0.41317536909783226
-0.413002798383247
-0.41265743628388174
-0.4121388403352602
-0.4114463440137109
-0.41057905329670735
-0.40953584199643095
-0.4083153457950062
-0.4069159548883363
-0.405335805121314
-0.40357276746960924
-0.40162443569133055
-0.3994881119344829
-0.3971607900418996
-0.39463913624247166
-0.3919194668538004
-0.3889977225440639
-0.3858694386062675
-0.3825297105814576
-0.3789731544227713
-0.3751938602112712
-0.37118533820662974
-0.36694045572641154
-0.362451362977417
-0.35770940548448554
-0.35270502013925165
-0.34742761107168874
-0.341865400457261
-0.3360052479063309
-0.3298324300858575
-0.3233303694677208
-0.316480297238522
-0.3092608299128324
-0.30164743123477733
-0.2936117191981121
-0.2851205602670873
-0.2761348654205948
-0.26660795896652206
-0.2564833193878878
-0.24569136949489384
-0.2341447766627969
-0.22173132021481334
-0.2083025841355482
-0.1936550335753194
-0.17749607233082537
-0.15937728500721082
-0.13854499035026324
-0.11353217923852058
-0.08055947246562564
-0.0014348586308992836
-0.0014142121481616541
-0.07940764530110689
-0.11191914783194316
-0.13658889252248618
-0.1571409996955899
-0.1750208281027518
-0.19097082435652518
-0.20543264667234482
-0.21869443004942965
-0.23095656675434068
-0.24236515047575088
-0.2530306211831837
-0.26303890545032277
-0.27245844345388026
-0.281344818943181
-0.28974392128102605
-0.2976941708472279
-0.30522812577703723
-0.3123736678110407
-0.319154894402328
-0.3255928011946538
-0.3317058119306869
-0.33751019536384835
-0.34302039716644334
-0.34824930698762474
-0.35320847540334765
-0.35790829169832733
-0.3623581307053034
-0.3665664749600294
-0.37054101698609104
-0.37428874544990587
-0.37781601811883375
-0.38112862394173447
-0.3842318361003941
-0.3871304575154895
-0.3898288600057842
-0.3923310180747672
-0.3946405381207401
-0.3967606837238141
-0.398694397548437
-0.40044432030686905
-0.4020128071528463
-0.40340194181193256
-0.4046135487029971
-0.40564920326167275
-0.40651024063983987
-0.40719776292375076
-0.40771264498625637
-0.40805553906480063
-0.4082268781356588
-0.4082268781356588
-0.40805553906480063
-0.40771264498625637
-0.4071977629237508
-0.40651024063983987
-0.40564920326167275
-0.4046135487029971
-0.40340194181193256
-0.4020128071528463
-0.40044432030686905
-0.398694397548437
-0.3967606837238141
-0.3946405381207401
-0.3923310180747672
-0.3898288600057842
-0.3871304575154896
-0.3842318361003941
-0.3811286239417345
-0.37781601811883375
-0.37428874544990587
-0.370541016986091
-0.3665664749600294
-0.3623581307053035
-0.3579082916983274
-0.35320847540334765
-0.34824930698762485
-0.3430203971664434
-0.3375101953638484
-0.33170581193068693
-0.3255928011946538
-0.31915489440232814
-0.31237366781104065
-0.3052281257770373
-0.29769417084722793
-0.2897439212810261
-0.28134481894318103
-0.2724584434538801
-0.26303890545032294
-0.25303062118318365
-0.24236515047575088
-0.2309565667543407
-0.21869443004942968
-0.20543264667234493
-0.19097082435652496
-0.17502082810275205
-0.15714099969558978
-0.13658889252248602
-0.11191914783194318
-0.07940764530110692
-0.0014142121481616541
-0.0013944320218596527
-0.07830385211444495
-0.11037297131340215
-0.13471337551411114
-0.15499628225030482
-0.17264633154367456
-0.18839522340638623
-0.20267815529159044
-0.2157789986438791
-0.22789514375922446
-0.23917046692078833
-0.24971370859345665
-0.2596094539821642
-0.26892505898219726
-0.27771521338735516
-0.28602505720856347
-0.29389237380553734
-0.3013491732542023
-0.30842286089201604
-0.3151371163618996
-0.32151256605925876
-0.32756730521969935
-0.33331730865040676
-0.33877675769380894
-0.3439583032857917
-0.3488732796373335
-0.35353187932113844
-0.357943297869348
-0.3621158540499684
-0.36605709056624264
-0.3697738588649993
-0.37327239094429465
-0.37655836044597557
-0.37963693485471
-0.3825128202655812
-0.3851902999015031
-0.38767326734049845
-0.38996525523726383
-0.3920694601829762
-0.3939887642341227
-0.39572575354929057
-0.3972827344977805
-0.39866174754208444
-0.3998645791449568
-0.4008927719088661
-0.4017476331193337
-0.40243024183269965
-0.40294145462209047
-0.40328191007192166
-0.4034520320903798
-0.4034520320903798
-0.40328191007192166
-0.40294145462209047
-0.40243024183269965
-0.4017476331193337
-0.4008927719088661
-0.3998645791449568
-0.39866174754208444
-0.3972827344977805
-0.39572575354929057
-0.39398876423412277
-0.3920694601829762
-0.3899652552372639
-0.38767326734049845
-0.3851902999015031
-0.38251282026558125
-0.37963693485471
-0.37655836044597557
-0.3732723909442947
-0.3697738588649993
-0.36605709056624264
-0.3621158540499684
-0.35794329786934803
-0.3535318793211385
-0.34887327963733344
-0.34395830328579174
-0.338776757693809
-0.33331730865040676
-0.3275673052196994
-0.32151256605925876
-0.3151371163618998
-0.308422860892016
-0.3013491732542023
-0.2938923738055374
-0.2860250572085635
-0.2777152133873553
-0.2689250589821971
-0.2596094539821644
-0.2497137085934566
-0.23917046692078833
-0.22789514375922446
-0.21577899864387912
-0.2026781552915905
-0.18839522340638606
-0.17264633154367479
-0.15499628225030473
-0.134713375514111
-0.11037297131340215
-0.07830385211444497
-0.0013944320218596527
-0.0013754593097012114
-0.07724484455816301
-0.10888915552764752
-0.1329130545419904
-0.15293704958164572
-0.170365928605876
-0.1859210987314301
-0.2000315720326512
-0.21297713990956857
-0.22495232116557862
-0.23609887198695043
-0.2465239086111283
-0.2563107348145462
-0.26552567106286934
-0.2742225537748565
-0.28244580785564194
-0.2902326089295182
-0.29761444433533857
-0.304618265110775
-0.31126735253748383
-0.317581980993145
-0.3235799325609967
-0.32927690185331304
-0.3346868182503797
-0.3398221051382607
-0.3446938904699434
-0.34931217927971103
-0.3536859961426554
-0.35782350366003784
-0.3617321016478256
-0.36541851066242903
-0.3688888427131651
-0.3721486614148063
-0.37520303337604305
-0.3780565722653083
-0.3807134767185422
-0.3831775630353799
-0.3854522934371109
-0.38754080052127216
-0.38944590843616306
-0.3911701512080219
-0.3927157885795923
-0.39408481965785475
-0.39527899461811616
-0.39629982466930813
-0.39714859044958334
-0.39782634899076247
-0.3983339393638038
-0.39867198709435003
-0.39884090741681877
-0.39884090741681877
-0.39867198709435003
-0.3983339393638038
-0.3978263489907626
-0.39714859044958334
-0.39629982466930813
-0.39527899461811616
-0.3940848196578548
-0.3927157885795923
-0.3911701512080219
-0.38944590843616306
-0.38754080052127216
-0.38545229343711096
-0.3831775630353799
-0.3807134767185422
-0.37805657226530837
-0.37520303337604305
-0.37214866141480635
-0.3688888427131651
-0.36541851066242903
-0.36173210164782554
-0.35782350366003784
-0.35368599614265545
-0.3493121792797111
-0.34469389046994336
-0.3398221051382608
-0.33468681825037977
-0.32927690185331304
-0.32357993256099676
-0.31758198099314494
-0.31126735253748405
-0.304618265110775
-0.2976144443353386
-0.2902326089295182
-0.282445807855642
-0.27422255377485655
-0.2655256710628692
-0.2563107348145464
-0.2465239086111283
-0.23609887198695043
-0.22495232116557862
-0.21297713990956862
-0.20003157203265132
-0.1859210987314299
-0.1703659286058762
-0.1529370495816456
-0.1329130545419903
-0.10888915552764755
-0.07724484455816304
-0.0013754593097012114
-0.0013572405349872017
-0.07622767373540852
-0.10746361820815233
-0.1311830354922467
-0.15095776973192823
-0.1681735646907057
-0.18354195724653236
-0.19748603047369084
-0.21028166647101876
-0.22212063388202097
-0.23314265923825664
-0.24345330448400632
-0.25313464763236115
-0.26225201907356294
-0.2708584395183297
-0.27899765054914694
-0.2867062472319792
-0.2940152176689966
-0.30095107911312313
-0.30753673253905045
-0.3137921163054342
-0.3197347136040767
-0.3253799516283768
-0.33074151929140605
-0.3358316228093676
-0.3406611932791444
-0.3452400567342956
-0.34957707456195014
-0.35368026027796595
-0.35755687727354174
-0.3612135211174568
-0.3646561892243622
-0.36789034011155725
-0.3709209440154314
-0.3737525262892368
-0.3763892047307861
-0.3788347217735725
-0.38109247230405086
-0.38316552773123397
-0.3850566568247185
-0.3867683437479463
-0.38830280364051534
-0.38966199604323426
-0.3908476364097283
-0.3918612059066415
-0.3927039596692099
-0.3933769336488605
-0.39388095016347385
-0.3942166222381444
-0.39438435680397044
-0.39438435680397044
-0.3942166222381444
-0.39388095016347385
-0.3933769336488606
-0.3927039596692099
-0.3918612059066415
-0.3908476364097283
-0.3896619960432343
-0.3883028036405153
-0.38676834374794633
-0.3850566568247185
-0.383165527731234
-0.38109247230405086
-0.3788347217735725
-0.3763892047307861
-0.3737525262892368
-0.37092094401543135
-0.3678903401115573
-0.36465618922436227
-0.3612135211174568
-0.3575568772735417
-0.3536802602779659
-0.3495770745619502
-0.34524005673429564
-0.3406611932791444
-0.33583162280936774
-0.3307415192914061
-0.32537995162837685
-0.3197347136040767
-0.3137921163054342
-0.30753673253905056
-0.30095107911312313
-0.2940152176689966
-0.28670624723197924
-0.278997650549147
-0.2708584395183298
-0.2622520190735628
-0.2531346476323613
-0.24345330448400626
-0.23314265923825664
-0.22212063388202102
-0.21028166647101884
-0.19748603047369093
-0.18354195724653213
-0.1681735646907059
-0.15095776973192815
-0.13118303549224655
-0.10746361820815233
-0.07622767373540854
-0.0013572405349872017
-0.001339727051795558
-0.07524965561767291
-0.10609264167919454
-0.12951885889247464
-0.14905339929427885
-0.16606371695655903
-0.181251873020951
-0.19503526072015373
-0.2076860120349801
-0.2193932585053852
-0.2302947812392532
-0.2404946529905708
-0.2500737778092397
-0.2590965382024346
-0.26761517420593056
-0.2756727736357633
-0.2833053762705234
-0.2905434928277455
-0.2974132258529546
-0.3039371128051317
-0.3101347709062114
-0.31602339772561194
-0.32161816492879675
-0.3269325316638266
-0.33197849664481205
-0.336766802872917
-0.3413071053396109
-0.3456081094895412
-0.34967768636039825
-0.35352296895140084
-0.35715043335673047
-0.36056596743681696
-0.36377492922022936
-0.36678219678370627
-0.3695922110130056
-0.37220901237784015
-0.3746362726419366
-0.3768773222607815
-0.3789351740848609
-0.3808125438776254
-0.38251186806930354
-0.3840353190956626
-0.385384818611503
-0.3865620488194502
-0.3875684621134018
-0.38840528920118444
-0.38907354584126386
-0.3895740383026716
-0.3899073676348181
-0.3900739328138251
-0.3900739328138251
-0.3899073676348181
-0.3895740383026716
-0.38907354584126386
-0.38840528920118444
-0.3875684621134018
-0.3865620488194502
-0.385384818611503
-0.38403531909566246
-0.3825118680693036
-0.3808125438776254
-0.3789351740848609
-0.3768773222607815
-0.3746362726419366
-0.37220901237784015
-0.3695922110130056
-0.3667821967837062
-0.36377492922022936
-0.36056596743681696
-0.3571504333567305
-0.3535229689514008
-0.3496776863603982
-0.34560810948954124
-0.34130710533961095
-0.336766802872917
-0.3319784966448121
-0.3269325316638266
-0.32161816492879675
-0.316023397725612
-0.31013477090621133
-0.3039371128051318
-0.29741322585295454
-0.2905434928277456
-0.28330537627052343
-0.27567277363576337
-0.2676151742059306
-0.25909653820243445
-0.2500737778092399
-0.2404946529905708
-0.2302947812392532
-0.21939325850538524
-0.20768601203498016
-0.19503526072015384
-0.1812518730209508
-0.16606371695655925
-0.14905339929427874
-0.1295188588924745
-0.10609264167919454
-0.07524965561767293
-0.001339727051795558
-0.001322874498017616
-0.07430834122176254
-0.1047728320311858
-0.12791645150994324
-0.14721932930312265
-0.16403133574108447
-0.1790454251340295
-0.192673524386273
-0.20518416404772288
-0.2167639441008734
-0.2275487788273285
-0.23764131251297305
-0.24712132354103586
-0.256052285862073
-0.2644856914826168
-0.2724640019896854
-0.28002272541711115
-0.2871919154547777
-0.2939972777136251
-0.30046100178155294
-0.30660239761200997
-0.31243838951955755
-0.3179839047276433
-0.32325218259998956
-0.3282550233676468
-0.3330029901116297
-0.33750557421161664
-0.341771331937105
-0.34580799802152706
-0.3496225807118011
-0.3532214417836773
-0.35661036425972653
-0.35979460999421925
-0.3627789688497066
-0.36556780084975504
-0.3681650724263719
-0.37057438767119827
-0.37279901533326204
-0.37484191217308027
-0.3767057431757394
-0.3783928990386169
-0.3799055112783224
-0.3812454652428943
-0.38241441126670017
-0.3834137741648235
-0.3842447612293655
-0.38490836886076035
-0.385405387941861
-0.38573640804034537
-0.3859018205052158
-0.3859018205052158
-0.38573640804034537
-0.385405387941861
-0.38490836886076035
-0.3842447612293655
-0.3834137741648235
-0.38241441126670017
-0.3812454652428943
-0.37990551127832234
-0.3783928990386169
-0.37670574317573946
-0.3748419121730803
-0.37279901533326204
-0.37057438767119827
-0.3681650724263719
-0.3655678008497551
-0.36277896884970656
-0.35979460999421925
-0.35661036425972653
-0.35322144178367737
-0.349622580711801
-0.34580799802152706
-0.34177133193710507
-0.3375055742116167
-0.33300299011162965
-0.3282550233676468
-0.3232521825999896
-0.3179839047276433
-0.3124383895195576
-0.3066023976120099
-0.3004610017815531
-0.2939972777136251
-0.28719191545477774
-0.2800227254171112
-0.27246400198968546
-0.26448569148261686
-0.2560522858620729
-0.24712132354103608
-0.237641312512973
-0.2275487788273285
-0.2167639441008734
-0.20518416404772294
-0.19267352438627308
-0.1790454251340293
-0.1640313357410847
-0.1472193293031225
-0.1279164515099431
-0.10477283203118583
-0.07430834122176255
-0.001322874498017616
-0.001306642322230579
-0.07340149079083821
-0.10350108374762759
-0.12637208437868827
-0.14545133827356013
-0.1620717936819573
-0.17691764365571636
-0.19039555803345534
-0.20277060506701733
-0.21422695189491162
-0.22489871944687426
-0.2348871802806902
-0.24427103222527385
-0.2531128773967728
-0.26146349024880455
-0.26936473184224335
-0.27685160043786
-0.2839537116956028
-0.2906963908781692
-0.297101494303691
-0.30318803760219754
-0.3089726833797362
-0.3144701247699191
-0.3196933906747155
-0.3246540912690331
-0.3293626173551337
-0.33382830364824206
-0.33805956357260225
-0.342064001334545
-0.3458485057081413
-0.3494193289795851
-0.3527821537524801
-0.3559421497508584
-0.3589040223228939
-0.3616720540122313
-0.364250140301308
-0.3666418204242432
-0.36885030398269525
-0.3708784939667685
-0.3727290066772523
-0.37440418895961103
-0.3759061330899561
-0.3772366895954327
-0.37839747824348186
-0.37938989739428125
-0.38021513187675365
-0.38087415951956904
-0.381367756443542
-0.3816965011999033
-0.3818607778193922
-0.3818607778193922
-0.3816965011999033
-0.381367756443542
-0.38087415951956904
-0.38021513187675365
-0.37938989739428125
-0.37839747824348186
-0.3772366895954327
-0.375906133089956
-0.37440418895961103
-0.37272900667725234
-0.3708784939667685
-0.36885030398269525
-0.3666418204242432
-0.364250140301308
-0.36167205401223135
-0.35890402232289387
-0.3559421497508584
-0.3527821537524801
-0.34941932897958516
-0.3458485057081413
-0.342064001334545
-0.3380595635726023
-0.3338283036482421
-0.3293626173551337
-0.3246540912690331
-0.3196933906747156
-0.31447012476991915
-0.3089726833797362
-0.3031880376021975
-0.2971014943036911
-0.2906963908781691
-0.28395371169560285
-0.27685160043786006
-0.26936473184224347
-0.2614634902488046
-0.2531128773967727
-0.24427103222527408
-0.23488718028069014
-0.22489871944687426
-0.21422695189491162
-0.20277060506701738
-0.19039555803345545
-0.17691764365571613
-0.1620717936819575
-0.14545133827356002
-0.12637208437868813
-0.10350108374762762
-0.07340149079083823
-0.001306642322230579
-0.0012909933729084433
-0.07252705135931464
-0.10227454894370909
-0.1248823362701056
-0.14374555129956185
-0.16018084136835756
-0.17486396252563882
-0.18819652379557675
-0.2004402615466171
-0.21177700255545714
-0.22233914320437365
-0.23222663743427033
-0.24151714473127336
-0.2502724297271764
-0.2585425778230604
-0.2663688735854525
-0.27378582604261525
-0.28082263058366125
-0.2875042476278823
-0.29385221387357086
-0.29988526273018723
-0.30561980589204213
-0.31107031208496144
-0.316249608470335
-0.3211691230523667
-0.32583908150712976
-0.3302686683904464
-0.33446616021031295
-0.3384390360592305
-0.3421940701872347
-0.3457374099191954
-0.3490746415851758
-0.3522108465742844
-0.3551506491939486
-0.3578982576846541
-0.36045749948089945
-0.36283185160486986
-0.36502446691718987
-0.36703819681942385
-0.3688756108984961
-0.3705390139184055
-0.37203046049528493
-0.3733517677347717
-0.3745045260632735
-0.37549010844505437
-0.376309678143565
-0.37696419515683416
-0.3774544214320253
-0.3777809249426024
-0.3779440826922592
-0.3779440826922592
-0.3777809249426024
-0.3774544214320253
-0.37696419515683416
-0.376309678143565
-0.37549010844505437
-0.3745045260632735
-0.37335176773477174
-0.37203046049528493
-0.37053901391840555
-0.3688756108984961
-0.36703819681942385
-0.3650244669171899
-0.36283185160486986
-0.36045749948089945
-0.3578982576846541
-0.3551506491939486
-0.3522108465742844
-0.34907464158517587
-0.3457374099191954
-0.3421940701872347
-0.3384390360592304
-0.334466160210313
-0.33026866839044644
-0.3258390815071297
-0.3211691230523668
-0.3162496084703351
-0.31107031208496144
-0.30561980589204224
-0.29988526273018723
-0.293852213873571
-0.2875042476278823
-0.2808226305836613
-0.2737858260426153
-0.2663688735854525
-0.25854257782306045
-0.2502724297271763
-0.2415171447312736
-0.23222663743427027
-0.22233914320437365
-0.21177700255545714
-0.20044026154661715
-0.1881965237955768
-0.17486396252563863
-0.16018084136835778
-0.14374555129956174
-0.12488233627010546
-0.10227454894370909
-0.07252705135931467
-0.0012909933729084433
-0.0012758935404912808
-0.07168313718967995
-0.10109061052244252
-0.12344406179191708
-0.1420984043083038
-0.15835456855505115
-0.17288017831317745
-0.1860719661363073
-0.19818845895053092
-0.20940922995679662
-0.2198650155273506
-0.22965450078301805
-0.23885434642983996
-0.2475255117995987
-0.255717419937357
-0.2634708014215145
-0.2708196952816939
-0.27779289326414175
-0.2844150054616532
-0.2907072617332353
-0.2966881246006933
-0.30237376495781537
-0.3077784361914547
-0.31291477189293027
-0.3177940252850879
-0.3224262636222281
-0.32682052740007517
-0.3309849617713545
-0.33492692579371686
-0.33865308383800474
-0.34216948251940144
-0.34548161578808356
-0.34859448026437023
-0.3515126224800326
-0.35424017935954566
-0.3567809130188998
-0.3591382407578112
-0.361315260960982
-0.36331477549593566
-0.36513930909171777
-0.36679112609897474
-0.36827224496343786
-0.3695844506884385
-0.370729305515273
-0.3717081580110485
-0.37252215072054295
-0.3731722265103512
-0.37365913370916665
-0.37398343012665164
-0.37414548601428566
-0.37414548601428566
-0.37398343012665164
-0.37365913370916665
-0.3731722265103512
-0.37252215072054295
-0.3717081580110485
-0.370729305515273
-0.3695844506884385
-0.36827224496343786
-0.3667911260989748
-0.36513930909171777
-0.36331477549593566
-0.361315260960982
-0.3591382407578112
-0.3567809130188998
-0.35424017935954566
-0.3515126224800326
-0.3485944802643703
-0.3454816157880836
-0.3421694825194015
-0.3386530838380047
-0.33492692579371686
-0.3309849617713546
-0.3268205274000753
-0.32242626362222804
-0.3177940252850879
-0.3129147718929303
-0.30777843619145473
-0.3023737649578154
-0.29668812460069327
-0.2907072617332354
-0.2844150054616532
-0.27779289326414186
-0.270819695281694
-0.2634708014215146
-0.2557174199373571
-0.24752551179959859
-0.23885434642984016
-0.22965450078301802
-0.2198650155273506
-0.20940922995679667
-0.198188458950531
-0.1860719661363074
-0.17288017831317726
-0.15835456855505137
-0.1420984043083037
-0.12344406179191696
-0.10109061052244253
-0.07168313718967997
-0.0012758935404912808
-0.00126131144445826
-0.07086801265663069
-0.09994685867204943
-0.12205436343805054
-0.14050661271967027
-0.1565893701328723
-0.1709624140103316
-0.1840177738582971
-0.19601088229284008
-0.20711914050682997
-0.21747168549254142
-0.22716598031354462
-0.23627772403446204
-0.24486710088984778
-0.2529828966149373
-0.26066530891049167
-0.26794792484578905
-0.27485914811705975
-0.28142325210321695
-0.2876611718085089
-0.29359110949475553
-0.29922900473820313
-0.3045889040933189
-0.3096832552467326
-0.3145231435739521
-0.31911848420035493
-0.3234781792880115
-0.32761024785693643
-0.3315219337013117
-0.3352197956777423
-0.33870978368851107
-0.3419973029654208
-0.3450872687146816
-0.3479841527649596
-0.35069202353668505
-0.3532145803975733
-0.35555518326991203
-0.35771687819686865
-0.3597024194484544
-0.3615142886457654
-0.3631547112993251
-0.3646256710896762
-0.365928922162632
-0.3670659996653341
-0.3680382287105411
-0.3688467319238611
-0.36949243570070556
-0.36997607527561194
-0.37029819868542724
-0.37045916968901044
-0.37045916968901044
-0.37029819868542724
-0.36997607527561194
-0.3694924357007056
-0.3688467319238611
-0.3680382287105411
-0.3670659996653341
-0.365928922162632
-0.36462567108967614
-0.3631547112993251
-0.3615142886457654
-0.35970241944845444
-0.35771687819686865
-0.35555518326991203
-0.3532145803975733
-0.35069202353668505
-0.3479841527649596
-0.3450872687146816
-0.3419973029654208
-0.3387097836885111
-0.3352197956777423
-0.33152193370131167
-0.3276102478569365
-0.3234781792880115
-0.3191184842003549
-0.31452314357395217
-0.3096832552467327
-0.3045889040933189
-0.29922900473820313
-0.29359110949475553
-0.2876611718085091
-0.28142325210321695
-0.2748591481170598
-0.26794792484578905
-0.2606653089104917
-0.25298289661493734
-0.24486710088984767
-0.23627772403446223
-0.22716598031354462
-0.21747168549254142
-0.20711914050682997
-0.19601088229284017
-0.18401777385829718
-0.17096241401033138
-0.1565893701328725
-0.14050661271967016
-0.12205436343805044
-0.09994685867204943
-0.07086801265663072
-0.00126131144445826
-0.0012472181588664565
-0.07008007722474327
-0.09884107022396425
-0.12071056702387432
-0.13896714388338985
-0.15488191618128924
-0.16910708714726233
-0.18203014662668032
-0.19390354134466475
-0.20490257726286706
-0.21515484903802956
-0.22475664165616108
-0.2337827274561447
-0.24229254396123473
-0.25033426313003937
-0.25794756961661863
-0.26516561547207923
-0.27201643098633765
-0.2785239656076756
-0.2847088707398377
-0.29058909836511937
-0.2961803656484427
-0.30149652030208335
-0.30654983130918795
-0.31135122271331644
-0.3159104634251657
-0.32023632265639557
-0.32433669820518657
-0.32821872309015715
-0.3318888547605315
-0.3353529501673146
-0.3386163292711046
-0.3416838290233161
-0.3445598494440573
-0.3472483930996214
-0.34975309903232094
-0.3520772719982898
-0.3542239077124028
-0.3561957146743008
-0.3579951330486679
-0.359624350991064
-0.3610853187437165
-0.36237976077057543
-0.36350918615520644
-0.3644748974468147
-0.36527799810735495
-0.36591939868506856
-0.36639982181593
-0.36671980613357397
-0.36687970914965035
-0.36687970914965035
-0.36671980613357397
-0.36639982181593
-0.3659193986850686
-0.36527799810735495
-0.3644748974468147
-0.36350918615520644
-0.3623797607705755
-0.36108531874371647
-0.35962435099106405
-0.3579951330486679
-0.35619571467430083
-0.3542239077124028
-0.3520772719982898
-0.34975309903232094
-0.3472483930996214
-0.34455984944405726
-0.3416838290233161
-0.33861632927110463
-0.3353529501673146
-0.3318888547605315
-0.3282187230901571
-0.3243366982051866
-0.3202363226563956
-0.3159104634251656
-0.31135122271331656
-0.30654983130918795
-0.30149652030208335
-0.29618036564844274
-0.2905890983651193
-0.2847088707398378
-0.2785239656076756
-0.2720164309863377
-0.2651656154720793
-0.2579475696166187
-0.2503342631300394
-0.24229254396123467
-0.2337827274561449
-0.22475664165616102
-0.21515484903802956
-0.20490257726286706
-0.19390354134466484
-0.1820301466266804
-0.16910708714726214
-0.15488191618128944
-0.1389671438833897
-0.1207105670238742
-0.09884107022396428
-0.0700800772247433
-0.0012472181588664565
-0.0012335869708894973
-0.06931785222362866
-0.09777119046887171
-0.11941020003262687
-0.1374771927672081
-0.1532291255366873
-0.16731088163355362
-0.1801055653863404
-0.19186273986962968
-0.20275568818361978
-0.21291051639696743
-0.2224223728396529
-0.2313651359977909
-0.23979752340009763
-0.24776711537192414
-0.25531310217622205
-0.2624682167812097
-0.2692601298422131
-0.27571247889806005
-0.2818456423350601
-0.2876773312414188
-0.29322304874650024
-0.29849645123545965
-0.30350963576189777
-0.308273371167284
-0.3127972857130216
-0.31709002072720294
-0.32115935740954304
-0.32501232222936455
-0.32865527509701054
-0.33209398355652575
-0.33533368554628873
-0.33837914274148445
-0.34123468608342894
-0.34390425478407877
-0.34639142984664345
-0.3486994629483367
-0.3508313013765836
-0.3527896095862537
-0.3545767878457764
-0.35619498835907576
-0.3576461291841128
-0.35893190621433985
-0.3600538034441574
-0.3610131017016076
-0.36181088599956407
-0.36244805162937
-0.3629253090972835
-0.363243187983412
-0.3634020397843972
-0.3634020397843972
-0.363243187983412
-0.3629253090972835
-0.36244805162937
-0.36181088599956407
-0.3610131017016076
-0.3600538034441574
-0.3589319062143399
-0.3576461291841128
-0.3561949883590758
-0.3545767878457764
-0.3527896095862537
-0.3508313013765836
-0.3486994629483367
-0.34639142984664345
-0.34390425478407877
-0.34123468608342894
-0.33837914274148445
-0.33533368554628873
-0.3320939835565258
-0.32865527509701054
-0.3250123222293645
-0.3211593574095431
-0.31709002072720305
-0.3127972857130215
-0.30827337116728404
-0.30350963576189777
-0.29849645123545965
-0.29322304874650024
-0.2876773312414188
-0.2818456423350602
-0.27571247889806005
-0.2692601298422131
-0.26246821678120974
-0.2553131021762221
-0.2477671153719242
-0.23979752340009752
-0.2313651359977911
-0.22242237283965288
-0.21291051639696743
-0.20275568818361978
-0.19186273986962973
-0.18010556538634045
-0.16731088163355343
-0.1532291255366875
-0.13747719276720796
-0.11941020003262677
-0.09777119046887174
-0.06931785222362868
-0.0012335869708894973
-0.0012203931677671274
-0.06857996917179711
-0.0967353170921829
-0.11815097247389816
-0.13603416045242506
-0.15162814239878084
-0.1655707228213796
-0.178240766148771
-0.18988504834794
-0.2006748979655036
-0.2107349831920498
-0.2201593547671599
-0.22902102831649854
-0.23737802655459286
-0.24527735903779008
-0.25275773921187394
-0.25985149597081636
-0.2665859533045245
-0.27298444816204415
-0.2790670958773404
-0.2848513754819571
-0.29035258395677266
-0.2955841934370096
-0.3005581354267148
-0.30528502933950175
-0.3097743680309233
-0.31403466972020516
-0.3180736033663633
-0.32189809287385723
-0.32551440426221157
-0.32892821901174785
-0.3321446961041185
-0.335168524749405
-0.3380039693871625
-0.3406549082356003
-0.3431248664183992
-0.3454170445059264
-0.34753434315459775
-0.34947938440574566
-0.3512545301067417
-0.35286189783708605
-0.35430337465675743
-0.3555806289402303
-0.3566951205148465
-0.35764810928478813
-0.35844066249026985
-0.35907366072456315
-0.35954780280812515
-0.3598636095986522
-0.36002142679766114
-0.36002142679766114
-0.3598636095986522
-0.35954780280812515
-0.3590736607245632
-0.35844066249026985
-0.35764810928478813
-0.3566951205148465
-0.35558062894023035
-0.35430337465675743
-0.3528618978370861
-0.3512545301067417
-0.34947938440574566
-0.34753434315459775
-0.3454170445059264
-0.3431248664183992
-0.3406549082356003
-0.3380039693871625
-0.335168524749405
-0.3321446961041185
-0.3289282190117479
-0.32551440426221157
-0.3218980928738572
-0.31807360336636337
-0.3140346697202052
-0.30977436803092323
-0.3052850293395018
-0.30055813542671483
-0.2955841934370096
-0.2903525839567727
-0.2848513754819571
-0.2790670958773405
-0.2729844481620441
-0.26658595330452456
-0.2598514959708164
-0.252757739211874
-0.24527735903779013
-0.23737802655459275
-0.22902102831649873
-0.22015935476715984
-0.2107349831920498
-0.2006748979655036
-0.18988504834794007
-0.1782407661487711
-0.16557072282137944
-0.15162814239878106
-0.13603416045242495
-0.11815097247389804
-0.09673531709218292
-0.06857996917179712
-0.0012203931677671274
-0.0012076138482976766
-0.06786515943935892
-0.09573168594305677
-0.11693075991685822
-0.13463563506155155
-0.15007631557089188
-0.1638837553637733
-0.17643271670413405
-0.18796727973097802
-0.1986568829946211
-0.20862480471414876
-0.2179640349307426
-0.22674675566730132
-0.2350303185877072
-0.24286118216419506
-0.2502775996021002
-0.25731150987548407
-0.26398990253805377
-0.27033582462187233
-0.27636913780369254
-0.2821070973902763
-0.28756480165012277
-0.29275554514149243
-0.2976910998350769
-0.3023819411623261
-0.30683743151882453
-0.3110659705194907
-0.31507511899468554
-0.3188717020445916
-0.32246189524183166
-0.3258512971599234
-0.3290449907191776
-0.33204759532038736
-0.3348633113366327
-0.3374959582237047
-0.3399490072676013
-0.34222560979688216
-0.34432862153630883
-0.3462606236571214
-0.34802394098175526
-0.3496206577216257
-0.35105263106189266
-0.3523215028538076
-0.35342870963100786
-0.35437549112907896
-0.3551628974564201
-0.35579179503772507
-0.35626287142830393
-0.3565766390772319
-0.35673343809928887
-0.35673343809928887
-0.3565766390772319
-0.35626287142830393
-0.3557917950377251
-0.3551628974564201
-0.35437549112907896
-0.35342870963100786
-0.35232150285380764
-0.35105263106189266
-0.34962065772162576
-0.34802394098175526
-0.3462606236571214
-0.34432862153630883
-0.3422256097968822
-0.3399490072676013
-0.33749595822370476
-0.3348633113366327
-0.3320475953203874
-0.3290449907191776
-0.3258512971599234
-0.3224618952418316
-0.31887170204459153
-0.3150751189946856
-0.3110659705194908
-0.3068374315188245
-0.30238194116232614
-0.297691099835077
-0.29275554514149243
-0.2875648016501228
-0.2821070973902763
-0.2763691378036927
-0.2703358246218723
-0.2639899025380539
-0.2573115098754841
-0.2502775996021003
-0.2428611821641951
-0.23503031858770704
-0.2267467556673015
-0.21796403493074257
-0.20862480471414876
-0.19865688299462111
-0.1879672797309781
-0.17643271670413413
-0.16388375536377311
-0.15007631557089207
-0.13463563506155143
-0.11693075991685813
-0.09573168594305678
-0.06786515943935895
-0.0012076138482976766
-0.0011952277556005874
-0.0671722450718346
-0.09475865839466695
-0.11574758841213305
-0.13327937479954868
-0.14857117999065778
-0.16224732350512816
-0.17467859588039772
-0.1861064678363655
-0.196698549015103
-0.20657677297870985
-0.21583310395297345
-0.2245389180129412
-0.23275091822659666
-0.24051503057767307
-0.2478690636868074
-0.25484457997352084
-0.261468246101151
-0.2677628292600885
-0.27374794633847216
-0.27944063678302716
-0.28485580716916903
-0.29000658077744795
-0.29490457572493384
-0.2995601286026271
-0.30398247601659933
-0.30817990323186345
-0.31215986683452124
-0.31592909667358454
-0.319493681129379
-0.3228591388526742
-0.3260304794399193
-0.3290122549941945
-0.3318086041256852
-0.3344232896389292
-0.3368597309145921
-0.3391210318048685
-0.34121000471184293
-0.3431291913983471
-0.344880880984327
-0.3464671255033945
-0.34788975333019934
-0.34915038073651317
-0.35025042179013605
-0.3511910967740878
-0.3519734392725827
-0.352598302043844
-0.3530663617769671
-0.35337812281001313
-0.35353391986867627
-0.35353391986867627
-0.35337812281001313
-0.3530663617769671
-0.352598302043844
-0.3519734392725827
-0.3511910967740878
-0.35025042179013605
-0.34915038073651317
-0.3478897533301993
-0.3464671255033945
-0.344880880984327
-0.34312919139834713
-0.34121000471184293
-0.3391210318048685
-0.3368597309145921
-0.33442328963892926
-0.3318086041256852
-0.32901225499419456
-0.3260304794399193
-0.3228591388526742
-0.319493681129379
-0.31592909667358454
-0.3121598668345213
-0.3081799032318635
-0.30398247601659933
-0.2995601286026271
-0.2949045757249339
-0.290006580777448
-0.28485580716916903
-0.27944063678302716
-0.2737479463384723
-0.26776282926008843
-0.26146824610115105
-0.2548445799735209
-0.24786906368680744
-0.2405150305776731
-0.23275091822659652
-0.22453891801294137
-0.2158331039529734
-0.20657677297870985
-0.19669854901510303
-0.18610646783636556
-0.1746785958803978
-0.16224732350512797
-0.148571179990658
-0.13327937479954857
-0.11574758841213294
-0.09475865839466696
-0.06717224507183461
-0.0011952277556005874
