5000 9898 0
6.123233995736766e-17 1.0 0
-0.0317279334980677 0.9994965423831851 0
-0.06342391965656444 0.9979866764718844 0
-0.0950560433041827 0.9954719225730846 0
-0.12659245357374918 0.9919548128307953 0
-0.15800139597334992 0.9874388886763943 0
-0.1892512443604101 0.9819286972627067 0
-0.22031053278654064 0.975429786885407 0
-0.2511479871810791 0.9679487013963562 0
-0.28173255684142967 0.9594929736144974 0
-0.312033445698487 0.9500711177409454 0
-0.3420201433256687 0.9396926207859084 0
-0.3716624556603274 0.9283679330160727 0
-0.40093053540661366 0.9161084574320696 0
-0.42979491208917164 0.9029265382866212 0
-0.45822652172741035 0.8888354486549235 0
-0.48619673610046854 0.873849377069785 0
-0.5136773915734061 0.8579834132349772 0
-0.5406408174555977 0.8412535328311811 0
-0.5670598638627706 0.8236765814298328 0
-0.5929079290546403 0.8052702575310587 0
-0.6181589862206053 0.7860530947427874 0
-0.6427876096865394 0.766044443118978 0
-0.6667690005162915 0.7452644496757548 0
-0.6900790114821118 0.7237340381050703 0
-0.7126941713788629 0.7014748877063212 0
-0.7345917086575332 0.6785094115571322 0
-0.7557495743542582 0.6548607339452852 0
-0.7761464642917569 0.6305526670845224 0
-0.7957618405308322 0.6056096871376666 0
-0.8145759520503357 0.5800569095711983 0
-0.8325698546347713 0.5539200638661104 0
-0.8497254299495143 0.5272254676105027 0
-0.8660254037844387 0.49999999999999994 0
-0.881453363447582 0.47227107477268276 0
-0.895993774291336 0.4440666126057739 0
-0.9096319953545184 0.4154150130018863 0
-0.9223542941045814 0.3863451256931286 0
-0.9341478602651067 0.35688622159187194 0
-0.9450008187146685 0.32706796331742183 0
-0.9549022414440738 0.2969203753282752 0
-0.963842158559942 0.26647381369003503 0
-0.9718115683235417 0.23575893550942736 0
-0.9788024462147787 0.2048066680651905 0
-0.984807753012208 0.17364817766693028 0
-0.9898214418809327 0.14231483827328517 0
-0.9938384644612541 0.11083819990101117 0
-0.9968547759519423 0.07924995685678872 0
-0.998867339183008 0.047581915823742243 0
-0.9998741276738751 0.01586596383480799 0
-0.9998741276738751 -0.01586596383480819 0
-0.998867339183008 -0.047581915823742445 0
-0.9968547759519424 -0.07924995685678848 0
-0.9938384644612541 -0.11083819990101092 0
-0.9898214418809328 -0.14231483827328492 0
-0.9848077530122081 -0.17364817766693003 0
-0.9788024462147787 -0.20480666806519068 0
-0.9718115683235418 -0.23575893550942711 0
-0.963842158559942 -0.2664738136900352 0
-0.9549022414440739 -0.296920375328275 0
-0.9450008187146685 -0.3270679633174216 0
-0.9341478602651068 -0.3568862215918717 0
-0.9223542941045815 -0.3863451256931284 0
-0.9096319953545186 -0.4154150130018861 0
-0.8959937742913359 -0.44406661260577407 0
-0.8814533634475821 -0.47227107477268254 0
-0.8660254037844386 -0.5000000000000001 0
-0.8497254299495144 -0.5272254676105025 0
-0.8325698546347714 -0.5539200638661103 0
-0.8145759520503358 -0.580056909571198 0
-0.7957618405308321 -0.6056096871376667 0
-0.7761464642917568 -0.6305526670845225 0
-0.7557495743542584 -0.654860733945285 0
-0.7345917086575334 -0.678509411557132 0
-0.7126941713788628 -0.7014748877063214 0
-0.690079011482112 -0.7237340381050702 0
-0.6667690005162917 -0.7452644496757546 0
-0.6427876096865395 -0.7660444431189779 0
-0.6181589862206055 -0.7860530947427873 0
-0.5929079290546402 -0.8052702575310589 0
-0.5670598638627712 -0.8236765814298325 0
-0.5406408174555974 -0.8412535328311812 0
-0.5136773915734063 -0.8579834132349771 0
-0.48619673610046876 -0.8738493770697849 0
-0.4582265217274106 -0.8888354486549234 0
-0.42979491208917187 -0.9029265382866211 0
-0.4009305354066133 -0.9161084574320698 0
-0.371662455660328 -0.9283679330160725 0
-0.34202014332566855 -0.9396926207859084 0
-0.312033445698487 -0.9500711177409454 0
-0.2817325568414297 -0.9594929736144974 0
-0.25114798718107934 -0.9679487013963562 0
-0.22031053278654086 -0.975429786885407 0
-0.1892512443604097 -0.9819286972627068 0
-0.1580013959733504 -0.9874388886763943 0
-0.126592453573749 -0.9919548128307953 0
-0.09505604330418249 -0.9954719225730846 0
-0.06342391965656445 -0.9979866764718844 0
-0.03172793349806772 -0.9994965423831851 0
-1.8369701987210297e-16 -1.0 0
0.07142857142857148 1.0 0
0.0395568291070669 1.004026822358654 0
0.007429995545635226 1.0070289945842952 0
-0.02491827921398937 1.008989868598828 0
-0.05745326061686659 1.009893954772301 0
-0.09013917327756811 1.009726991940572 0
-0.12293924914497635 1.0084760155241588 0
-0.15581578005178198 1.006129423463205 0
-0.18873017453323732 1.0026770396892468 0
-0.22164301878205958 0.9981101748613258 0
-0.25451414158912566 0.9924216841019912 0
-0.28730268310288454 0.9856060214778041 0
-0.31996716722425095 0.9776592909790807 0
-0.3524655774382471 0.9685792937647505 0
-0.38475543586884864 0.9583655714503181 0
-0.4167938853294676 0.9470194452299474 0
-0.44853777412828977 0.9345440506376075 0
-0.4799437433753573 0.9209443677669473 0
-0.5109683165268915 0.9062272467850753 0
-0.5415679908919226 0.8904014285916261 0
-0.5716993308169064 0.8734775604913497 0
-0.6013190622556462 0.8554682067658975 0
-0.6303841684246158 0.8363878540484214 0
-0.6588519862376478 0.8162529114229872 0
-0.6866803032089873 0.7950817051895709 0
-0.7138274545099207 0.7728944682544551 0
-0.7402524198615895 0.749713324125128 0
-0.7659149199452071 0.725562265508209 0
-0.7907755120106992 0.7004671275284352 0
-0.8147956843658347 0.6744555556062339 0
-0.8379379494301515 0.6475569680508174 0
-0.8601659350414234 0.619802513445009 0
-0.8814444737070696 0.5912250229170267 0
-0.9017396894987244 0.5618589574131742 0
-0.9210190822951613 0.5317403501037379 0
-0.9392516090868837 0.5009067440722619 0
-0.956407762064896 0.4693971254557619 0
-0.9724596432264615 0.43725185222019025 0
-0.9873810352419463 0.40451257877160707 0
-1.0011474683391532 0.3712221766188937 0
-1.013736282974776 0.33742465131847316 0
-1.025126688076726 0.30316505594527837 0
-1.0352998146560362 0.26848940134709953 0
-1.0442387646027838 0.23344456345137715 0
-1.0519286544969157 0.19807818790447804 0
-1.0583566542819682 0.1624385923333873 0
-1.0635120206673547 0.12657466652862123 0
-1.0673861251431134 0.09053577085488518 0
-1.0699724765096568 0.05437163320261243 0
-1.0712667378441025 0.01813224479895569 0
-1.0712667378441025 -0.018132244798955918 0
-1.0699724765096568 -0.05437163320261266 0
-1.0673861251431134 -0.09053577085488491 0
-1.0635120206673547 -0.12657466652862095 0
-1.0583566542819685 -0.162438592333387 0
-1.051928654496916 -0.19807818790447773 0
-1.0442387646027838 -0.23344456345137737 0
-1.0352998146560364 -0.26848940134709925 0
-1.025126688076726 -0.30316505594527854 0
-1.0137362829747762 -0.3374246513184729 0
-1.0011474683391532 -0.3712221766188934 0
-0.9873810352419464 -0.40451257877160685 0
-0.9724596432264616 -0.43725185222019003 0
-0.9564077620648961 -0.4693971254557617 0
-0.9392516090868835 -0.5009067440722621 0
-0.9210190822951614 -0.5317403501037377 0
-0.9017396894987243 -0.5618589574131743 0
-0.8814444737070697 -0.5912250229170265 0
-0.8601659350414235 -0.6198025134450089 0
-0.8379379494301517 -0.6475569680508172 0
-0.8147956843658346 -0.674455555606234 0
-0.7907755120106991 -0.7004671275284353 0
-0.7659149199452073 -0.7255622655082088 0
-0.7402524198615897 -0.7497133241251278 0
-0.7138274545099205 -0.7728944682544553 0
-0.6866803032089877 -0.7950817051895708 0
-0.6588519862376481 -0.816252911422987 0
-0.6303841684246159 -0.8363878540484213 0
-0.6013190622556465 -0.8554682067658974 0
-0.5716993308169063 -0.8734775604913498 0
-0.5415679908919233 -0.8904014285916259 0
-0.5109683165268912 -0.9062272467850754 0
-0.47994374337535756 -0.9209443677669472 0
-0.44853777412829005 -0.9345440506376074 0
-0.4167938853294679 -0.9470194452299474 0
-0.38475543586884886 -0.958365571450318 0
-0.35246557743824664 -0.9685792937647507 0
-0.3199671672242516 -0.9776592909790806 0
-0.28730268310288437 -0.9856060214778041 0
-0.25451414158912566 -0.9924216841019912 0
-0.22164301878205966 -0.9981101748613258 0
-0.18873017453323757 -1.0026770396892468 0
-0.15581578005178223 -1.006129423463205 0
-0.1229392491449759 -1.0084760155241588 0
-0.0901391732775686 -1.009726991940572 0
-0.0574532606168664 -1.009893954772301 0
-0.024918279213989147 -1.008989868598828 0
0.007429995545635212 -1.0070289945842952 0
0.03955682910706688 -1.004026822358654 0
0.07142857142857124 -1.0 0
0.1428571428571429 1.0 0
0.1108415917122015 1.0085571023341229 0
0.07828391074783489 1.0160713126967058 0
0.04521948487620396 1.0225078146245719 0
0.011685932340015998 1.0278330967138067 0
-0.022276950581786303 1.0320150952047495 0
-0.0566272539295426 1.0350233337856105 0
-0.09132102731702335 1.036829060041003 0
-0.12631236188539555 1.0374053779821375 0
-0.1615534807226895 1.0367273761081541 0
-0.19699483747976435 1.034772250463037 0
-0.23258522288010042 1.0315194221696997 0
-0.2682718787881745 1.0269506489420888 0
-0.3040006194698805 1.0210501300974315 0
-0.33971595964852563 1.013804604614015 0
-0.3753612489315249 1.0052034418049713 0
-0.410878812156111 0.9952387242054299 0
-0.4462100951773085 0.9839053222989174 0
-0.48129581559818535 0.9712009607389694 0
-0.5160761179210747 0.9571262757534195 0
-0.5504907325791724 0.9416848634516407 0
-0.5844791382906871 0.9248833187890076 0
-0.6179807271626921 0.9067312649778649 0
-0.6509349719590042 0.8872413731702197 0
-0.6832815949358628 0.8664293722740715 0
-0.7149607376409784 0.8443140488025891 0
-0.7459131310656458 0.8209172366931239 0
-0.7760802655361559 0.7962637970711327 0
-0.8054045597296413 0.7703815879723479 0
-0.8338295282008372 0.7433014240748012 0
-0.8612999468099674 0.7150570265304367 0
-0.8877620154480753 0.6856849630239077 0
-0.9131635174646248 0.6552245782235507 0
-0.9374539752130102 0.6237179148263483 0
-0.9605848011427406 0.5912096254347929 0
-0.9825094438824312 0.5577468755387499 0
-1.0031835287752735 0.5233792379096375 0
-1.0225649923483415 0.4881585787472519 0
-1.0406142102187859 0.4521389359513422 0
-1.0572941179636381 0.41537638992036546 0
-1.0725703245054783 0.3779289273086711 0
-1.0864112175935103 0.33985629820052166 0
-1.0987880609885308 0.30121986718477173 0
-1.1096750829907887 0.2620824588375638 0
-1.1190495559816236 0.2225081981420258 0
-1.1268918666830037 0.18256234639348942 0
-1.1331855768734551 0.14231113315623128 0
-1.1379174743342844 0.10182158485298165 0
-1.1410776138363057 0.06116135058148261 0
-1.1426593480143301 0.020398525763103387 0
-1.1426593480143301 -0.020398525763103647 0
-1.1410776138363057 -0.061161350581482865 0
-1.1379174743342844 -0.10182158485298133 0
-1.1331855768734551 -0.14231113315623098 0
-1.126891866683004 -0.18256234639348912 0
-1.1190495559816236 -0.22250819814202547 0
-1.1096750829907887 -0.2620824588375641 0
-1.0987880609885308 -0.30121986718477145 0
-1.0864112175935101 -0.3398562982005219 0
-1.0725703245054785 -0.37792892730867084 0
-1.0572941179636381 -0.4153763899203652 0
-1.040614210218786 -0.4521389359513419 0
-1.0225649923483418 -0.48815857874725166 0
-1.0031835287752737 -0.5233792379096373 0
-0.9825094438824311 -0.5577468755387501 0
-0.9605848011427407 -0.5912096254347927 0
-0.93745397521301 -0.6237179148263485 0
-0.913163517464625 -0.6552245782235505 0
-0.8877620154480755 -0.6856849630239076 0
-0.8612999468099676 -0.7150570265304363 0
-0.8338295282008371 -0.7433014240748013 0
-0.8054045597296412 -0.770381587972348 0
-0.7760802655361563 -0.7962637970711325 0
-0.7459131310656462 -0.8209172366931237 0
-0.7149607376409782 -0.8443140488025892 0
-0.6832815949358632 -0.8664293722740714 0
-0.6509349719590045 -0.8872413731702194 0
-0.6179807271626924 -0.9067312649778647 0
-0.5844791382906874 -0.9248833187890075 0
-0.5504907325791722 -0.9416848634516408 0
-0.5160761179210753 -0.9571262757534191 0
-0.48129581559818513 -0.9712009607389696 0
-0.44621009517730875 -0.9839053222989174 0
-0.41087881215611133 -0.9952387242054299 0
-0.37536124893152517 -1.0052034418049713 0
-0.33971595964852586 -1.013804604614015 0
-0.30400061946988 -1.0210501300974317 0
-0.26827187878817527 -1.0269506489420885 0
-0.23258522288010025 -1.0315194221696997 0
-0.19699483747976435 -1.034772250463037 0
-0.16155348072268957 -1.0367273761081541 0
-0.1263123618853958 -1.0374053779821375 0
-0.0913210273170236 -1.036829060041003 0
-0.056627253929542126 -1.0350233337856105 0
-0.022276950581786803 -1.0320150952047498 0
0.011685932340016192 -1.0278330967138065 0
0.0452194848762042 -1.0225078146245716 0
0.07828391074783488 -1.0160713126967058 0
0.11084159171220148 -1.0085571023341229 0
0.14285714285714265 -1.0 0
0.21428571428571433 1.0 0
0.1821263543173361 1.0130873823095918 0
0.14913782595003455 1.0251136308091164 0
0.1153572489663973 1.0360257606503154 0
0.08082512529689859 1.0457722386553123 0
0.04558527211399549 1.0543031984689273 0
0.009684741285891169 1.0615706520470627 0
-0.026826274582264692 1.067528696618801 0
-0.06389454923755375 1.0721337162750282 0
-0.10146394266331943 1.0753445773549826 0
-0.139475533370403 1.0771228168240827 0
-0.17786776265731627 1.0774328228615955 0
-0.21657659035209806 1.0762420069050966 0
-0.2555356615015139 1.0735209664301124 0
-0.29467648342820263 1.069243637777712 0
-0.3339286125335822 1.0633874383799955 0
-0.3732198501839322 1.0559333977732523 0
-0.41247644697925967 1.0468662768308876 0
-0.4516233146694792 1.0361746746928637 0
-0.4905842449502266 1.0238511229152127 0
-0.5292821343414384 1.0098921664119316 0
-0.5676392143257281 0.9942984308121178 0
-0.6055772859007685 0.9770746759073083 0
-0.6430179576803605 0.9582298349174521 0
-0.6798828866627383 0.937777039358572 0
-0.7160940207720362 0.915733629350723 0
-0.7515738422697021 0.8921211492611199 0
-0.7862456111271049 0.8669653286340565 0
-0.8200336074485836 0.8402960484162607 0
-0.8528633720358397 0.8121472925433685 0
-0.8846619441897832 0.7825570850100558 0
-0.9153580958547274 0.7515674126028064 0
-0.9448825612221801 0.7192241335300747 0
-0.9731682609272959 0.6855768722395225 0
-1.0001505199903198 0.650678900765848 0
-1.025767278677979 0.6145870070052378 0
-1.049959295485651 0.5773613503635131 0
-1.0726703414702217 0.5390653052743135 0
-1.0938473851956254 0.4997652931310773 0
-1.1134407675881228 0.45953060322183725 0
-1.1314043660361808 0.418433203298869 0
-1.1476957471102942 0.376547540455765 0
-1.1622763073210252 0.3339503330224439 0
-1.1751114013787936 0.2907203542237505 0
-1.1861704574663312 0.24693820837957356 0
-1.1954270790840393 0.20268610045359156 0
-1.2028591330795555 0.15804759978384136 0
-1.2084488235254554 0.1131073988510781 0
-1.2121827511629546 0.06795106796035279 0
-1.2140519581845577 0.022664806727251085 0
-1.2140519581845577 -0.022664806727251373 0
-1.2121827511629546 -0.06795106796035308 0
-1.2084488235254556 -0.11310739885107776 0
-1.2028591330795557 -0.15804759978384103 0
-1.1954270790840393 -0.2026861004535912 0
-1.1861704574663314 -0.2469382083795732 0
-1.1751114013787936 -0.29072035422375075 0
-1.1622763073210254 -0.3339503330224436 0
-1.1476957471102942 -0.3765475404557652 0
-1.1314043660361808 -0.41843320329886874 0
-1.113440767588123 -0.45953060322183703 0
-1.0938473851956256 -0.499765293131077 0
-1.0726703414702219 -0.5390653052743133 0
-1.0499592954856511 -0.5773613503635128 0
-1.0257672786779788 -0.6145870070052382 0
-1.00015051999032 -0.6506789007658478 0
-0.9731682609272957 -0.6855768722395227 0
-0.9448825612221803 -0.7192241335300744 0
-0.9153580958547276 -0.7515674126028062 0
-0.8846619441897834 -0.7825570850100556 0
-0.8528633720358396 -0.8121472925433686 0
-0.8200336074485834 -0.8402960484162608 0
-0.7862456111271052 -0.8669653286340563 0
-0.7515738422697025 -0.8921211492611196 0
-0.7160940207720359 -0.9157336293507232 0
-0.6798828866627387 -0.9377770393585719 0
-0.6430179576803609 -0.9582298349174518 0
-0.6055772859007688 -0.9770746759073082 0
-0.5676392143257284 -0.9942984308121177 0
-0.5292821343414382 -1.0098921664119318 0
-0.49058424495022745 -1.0238511229152125 0
-0.4516233146694789 -1.0361746746928637 0
-0.41247644697926 -1.0468662768308874 0
-0.37321985018393256 -1.0559333977732523 0
-0.33392861253358247 -1.0633874383799953 0
-0.29467648342820285 -1.069243637777712 0
-0.2555356615015134 -1.0735209664301126 0
-0.21657659035209886 -1.0762420069050966 0
-0.17786776265731608 -1.0774328228615955 0
-0.139475533370403 -1.0771228168240827 0
-0.10146394266331951 -1.0753445773549826 0
-0.06389454923755403 -1.0721337162750282 0
-0.02682627458226497 -1.0675286966188011 0
0.009684741285891668 -1.0615706520470625 0
0.04558527211399499 -1.0543031984689275 0
0.08082512529689878 -1.045772238655312 0
0.11535724896639754 -1.0360257606503154 0
0.14913782595003455 -1.0251136308091164 0
0.1821263543173361 -1.0130873823095918 0
0.21428571428571408 -1.0 0
0.28571428571428575 1.0 0
0.2534111169224707 1.0176176622850608 0
0.21999174115223422 1.034155948921527 0
0.1854950130565906 1.049543706676059 0
0.14996431825378118 1.063711380596818 0
0.11344749480977731 1.076591301733105 0
0.07599673650132491 1.0881179703085144 0
0.03766847815249394 1.098228333196599 0
-0.00147673658971198 1.1068620545679186 0
-0.04137440460394934 1.113961778601811 0
-0.08195622926104168 1.1194733831851285 0
-0.12315030243453212 1.123346223553491 0
-0.16488130191602163 1.1255333648681045 0
-0.20707070353314733 1.1259918027627933 0
-0.24963700720787957 1.1246826709414088 0
-0.29249597613563943 1.1215714349550194 0
-0.33556088821175345 1.1166280713410748 0
-0.37874279878121087 1.1098272313628577 0
-0.42195081374077303 1.1011483886467577 0
-0.4650923719793786 1.0905759700770061 0
-0.5080735361037045 1.0780994693722228 0
-0.550799290360769 1.0637135428352278 0
-0.593173844638845 1.0474180868367517 0
-0.6351009434017169 1.0292182966646846 0
-0.6764841783896138 1.0091247064430726 0
-0.7172273039030939 0.9871532098988569 0
-0.7572345534737585 0.9633250618291156 0
-0.7964109567180538 0.9376668601969802 0
-0.8346626551675258 0.9102105088601735 0
-0.8718972158708422 0.8809931610119357 0
-0.908023941569599 0.8500571434896751 0
-0.9429541762613793 0.817449862181705 0
-0.9766016049797354 0.7832236888365988 0
-1.0088825466415816 0.7474358296526966 0
-1.039716238837899 0.7101481760969032 0
-1.0690251134735265 0.6714271384717259 0
-1.0967350621960286 0.6313434628173886 0
-1.1227756905921018 0.5899720318013753 0
-1.1470805601724652 0.5473916503108125 0
-1.1695874172126077 0.5036848165233091 0
-1.190238407566883 0.45893747928906703 0
-1.2089802766270785 0.41323878271100833 0
-1.2257645536535198 0.3666807988601161 0
-1.2405477197667987 0.31935824960993714 0
-1.253291358951039 0.27136821861712135 0
-1.263962291485075 0.22280985451369367 0
-1.272532689285656 0.17378406641145144 0
-1.2789801727166263 0.12439321284917457 0
-1.2832878884896035 0.07474078533922297 0
-1.285444568354785 0.024931087691398783 0
-1.285444568354785 -0.024931087691399102 0
-1.2832878884896035 -0.07474078533922329 0
-1.2789801727166266 -0.12439321284917418 0
-1.272532689285656 -0.17378406641145105 0
-1.263962291485075 -0.22280985451369328 0
-1.253291358951039 -0.2713682186171209 0
-1.2405477197667987 -0.3193582496099375 0
-1.22576455365352 -0.36668079886011573 0
-1.2089802766270783 -0.41323878271100856 0
-1.1902384075668833 -0.4589374792890667 0
-1.1695874172126077 -0.5036848165233088 0
-1.1470805601724652 -0.547391650310812 0
-1.122775690592102 -0.5899720318013748 0
-1.0967350621960288 -0.6313434628173883 0
-1.0690251134735265 -0.6714271384717261 0
-1.0397162388378995 -0.7101481760969028 0
-1.0088825466415814 -0.7474358296526968 0
-0.9766016049797356 -0.7832236888365984 0
-0.9429541762613796 -0.8174498621817049 0
-0.9080239415695993 -0.8500571434896746 0
-0.871897215870842 -0.8809931610119359 0
-0.8346626551675256 -0.9102105088601735 0
-0.7964109567180543 -0.93766686019698 0
-0.7572345534737589 -0.9633250618291154 0
-0.7172273039030936 -0.9871532098988571 0
-0.6764841783896143 -1.0091247064430724 0
-0.6351009434017172 -1.0292182966646843 0
-0.5931738446388451 -1.0474180868367515 0
-0.5507992903607694 -1.0637135428352278 0
-0.5080735361037043 -1.0780994693722228 0
-0.4650923719793795 -1.090575970077006 0
-0.42195081374077276 -1.101148388646758 0
-0.3787427987812112 -1.1098272313628577 0
-0.33556088821175384 -1.1166280713410748 0
-0.29249597613563977 -1.1215714349550194 0
-0.2496370072078799 -1.1246826709414088 0
-0.20707070353314677 -1.1259918027627935 0
-0.1648813019160225 -1.1255333648681047 0
-0.12315030243453193 -1.123346223553491 0
-0.08195622926104168 -1.1194733831851285 0
-0.04137440460394942 -1.113961778601811 0
-0.0014767365897122575 -1.1068620545679189 0
0.03766847815249366 -1.098228333196599 0
0.07599673650132543 -1.0881179703085144 0
0.11344749480977678 -1.0765913017331052 0
0.14996431825378137 -1.063711380596818 0
0.18549501305659089 -1.049543706676059 0
0.2199917411522342 -1.034155948921527 0
0.25341111692247065 -1.0176176622850608 0
0.28571428571428553 -1.0 0
0.35714285714285715 1.0 0
0.32469587952760526 1.0221479422605295 0
0.2908456563544338 1.0431982670339377 0
0.2556327771467839 1.0630616527018026 0
0.21910351121066377 1.0816505225383235 0
0.1813097175055591 1.0988794049972825 0
0.14230873171675865 1.1146652885699664 0
0.10216323088725257 1.1289279697743968 0
0.06094107605812982 1.1415903928608093 0
0.018715133455420696 1.1525789798486394 0
-0.024436925151680333 1.1618239495461742 0
-0.068432842211748 1.1692596242453868 0
-0.11318601347994517 1.1748247228311126 0
-0.15860574556478077 1.1784626390954742 0
-0.20459753098755656 1.1801217041051058 0
-0.2510633397376967 1.1797554315300434 0
-0.29790192623957473 1.1773227449088972 0
-0.34500915058316206 1.1727881858948277 0
-0.39227831281206693 1.1661221026006519 0
-0.4396004990085306 1.1573008172387993 0
-0.48686493786597057 1.1463067723325135 0
-0.5339593663958099 1.133128654858338 0
-0.5807704033769214 1.1177614977661952 0
-0.6271839291230732 1.1002067584119168 0
-0.6730854701164893 1.0804723735275732 0
-0.7183605870341516 1.0585727904469908 0
-0.7628952646778148 1.0345289743971116 0
-0.8065763023090027 1.008368391759904 0
-0.8492917028864679 0.9801249693040862 0
-0.8909310597058449 0.949839029480503 0
-0.9313859389494149 0.9175572019692941 0
-0.9705502566680314 0.8833323117606038 0
-1.0083206487372907 0.8472232441431227 0
-1.0445968323558674 0.8092947870658709 0
-1.0792819576854784 0.7696174514279582 0
-1.1122829482690741 0.7282672699382138 0
-1.143510828906406 0.6853255752712641 0
-1.172881039713982 0.6408787583284368 0
-1.2003137351493047 0.5950180074905476 0
-1.2257340668370924 0.5478390298247809 0
-1.2490724490975853 0.49944175527926493 0
-1.2702648061438624 0.4499300249662516 0
-1.2892527999860142 0.3994112646977883 0
-1.3059840381548036 0.3479961449961238 0
-1.3204122604357469 0.29579822885466905 0
-1.3324975038861104 0.2429336085737958 0
-1.3422062454917565 0.1895205330390615 0
-1.3495115219077973 0.135679026847271 0
-1.3543930258162524 0.08153050271809315 0
-1.3568371785250126 0.027197368655546485 0
-1.3568371785250126 -0.027197368655546825 0
-1.3543930258162524 -0.0815305027180935 0
-1.3495115219077976 -0.13567902684727062 0
-1.3422062454917567 -0.18952053303906108 0
-1.3324975038861104 -0.24293360857379537 0
-1.3204122604357469 -0.2957982288546686 0
-1.3059840381548036 -0.34799614499612413 0
-1.2892527999860146 -0.39941126469778787 0
-1.2702648061438624 -0.4499300249662519 0
-1.2490724490975855 -0.4994417552792646 0
-1.2257340668370926 -0.5478390298247806 0
-1.200313735149305 -0.5950180074905472 0
-1.1728810397139822 -0.6408787583284365 0
-1.1435108289064062 -0.6853255752712639 0
-1.1122829482690741 -0.7282672699382141 0
-1.0792819576854789 -0.7696174514279579 0
-1.044596832355867 -0.8092947870658711 0
-1.0083206487372909 -0.8472232441431224 0
-0.9705502566680316 -0.8833323117606036 0
-0.9313859389494151 -0.9175572019692939 0
-0.8909310597058445 -0.9498390294805031 0
-0.8492917028864678 -0.9801249693040863 0
-0.8065763023090032 -1.0083683917599038 0
-0.7628952646778152 -1.0345289743971113 0
-0.7183605870341513 -1.058572790446991 0
-0.6730854701164899 -1.080472373527573 0
-0.6271839291230736 -1.1002067584119166 0
-0.5807704033769217 -1.1177614977661952 0
-0.5339593663958103 -1.133128654858338 0
-0.48686493786597035 -1.1463067723325138 0
-0.4396004990085316 -1.1573008172387993 0
-0.3922783128120666 -1.166122102600652 0
-0.3450091505831625 -1.1727881858948277 0
-0.2979019262395751 -1.1773227449088972 0
-0.2510633397376971 -1.1797554315300434 0
-0.20459753098755692 -1.1801217041051058 0
-0.15860574556478016 -1.1784626390954742 0
-0.11318601347994611 -1.1748247228311128 0
-0.06843284221174778 -1.1692596242453868 0
-0.024436925151680333 -1.1618239495461742 0
0.01871513345542064 -1.1525789798486394 0
0.060941076058129484 -1.1415903928608093 0
0.1021632308872523 -1.128927969774397 0
0.14230873171675917 -1.1146652885699664 0
0.18130971750555852 -1.098879404997283 0
0.21910351121066396 -1.0816505225383235 0
0.2556327771467842 -1.0630616527018024 0
0.2908456563544338 -1.0431982670339377 0
0.3246958795276052 -1.0221479422605295 0
0.35714285714285693 -1.0000000000000002 0
0.4285714285714286 1.0 0
0.3959806421327399 1.0266782222359985 0
0.36169957155663357 1.0522405851463483 0
0.3257705412369773 1.0765795987275462 0
0.2882427041675464 1.0995896644798293 0
0.2491719402013409 1.1211675082614603 0
0.20862072693219244 1.1412126068314183 0
0.16665798362201126 1.1596276063521949 0
0.12335888870597161 1.1763187311537 0
0.07880467151479081 1.1911961810954679 0
0.03308237895768101 1.20417451590722 0
-0.013715381988963826 1.2151730249372825 0
-0.06149072504386871 1.2241160807941207 0
-0.11014078759641416 1.2309334754281553 0
-0.15955805476723356 1.2355607372688027 0
-0.20963070333975398 1.2379394281050673 0
-0.26024296426739596 1.2380174184767196 0
-0.31127550238511326 1.235749140426798 0
-0.3626058118833607 1.231095816554546 0
-0.4141086260376826 1.2240256644005927 0
-0.4656563396282366 1.2145140752928048 0
-0.5171194424308508 1.202543766881448 0
-0.5683669621149978 1.1881049086956386 0
-0.6192669148444295 1.1711952201591493 0
-0.6696867618433648 1.1518200406120738 0
-0.7194938701652094 1.129992370995125 0
-0.7685559758818711 1.1057328869651073 0
-0.8167416478999516 1.0790699233228278 0
-0.8639207506054102 1.050039429747999 0
-0.9099649035408474 1.0186848979490704 0
-0.9547479363292307 0.9850572604489134 0
-0.9981463370746834 0.9492147613395023 0
-1.0400396924948458 0.9112227994496468 0
-1.080311118070153 0.871153744479045 0
-1.1188476765330577 0.8290867267590134 0
-1.1555407830646218 0.7851074014047018 0
-1.1902865956167834 0.7393076877251399 0
-1.2229863888358619 0.6917854848554985 0
-1.2535469101261443 0.6426443646702826 0
-1.2818807164615773 0.5919932431262527 0
-1.3079064906282876 0.5399460312694628 0
-1.3315493356606467 0.48662126722149496 0
-1.3527410463185088 0.43214173053546046 0
-1.3714203565428087 0.3766340403823105 0
-1.3875331619204545 0.32022823909221687 0
-1.4010327162871459 0.26305736263389795 0
-1.411879801697857 0.20525699966667155 0
-1.4200428710989685 0.14696484084536748 0
-1.4254981631429013 0.08832022009696333 0
-1.4282297886952402 0.02946364961969418 0
-1.4282297886952402 -0.029463649619694554 0
-1.4254981631429013 -0.08832022009696372 0
-1.4200428710989685 -0.14696484084536704 0
-1.4118798016978573 -0.20525699966667113 0
-1.401032716287146 -0.26305736263389745 0
-1.3875331619204547 -0.3202282390922163 0
-1.3714203565428087 -0.37663404038231085 0
-1.352741046318509 -0.43214173053546 0
-1.3315493356606463 -0.48662126722149524 0
-1.3079064906282878 -0.5399460312694625 0
-1.2818807164615775 -0.5919932431262525 0
-1.2535469101261445 -0.6426443646702823 0
-1.2229863888358623 -0.6917854848554981 0
-1.1902865956167838 -0.7393076877251394 0
-1.1555407830646218 -0.7851074014047021 0
-1.1188476765330582 -0.8290867267590131 0
-1.0803111180701528 -0.8711537444790454 0
-1.040039692494846 -0.9112227994496465 0
-0.9981463370746837 -0.9492147613395022 0
-0.954747936329231 -0.9850572604489131 0
-0.909964903540847 -1.0186848979490706 0
-0.86392075060541 -1.0500394297479991 0
-0.8167416478999522 -1.0790699233228276 0
-0.7685559758818716 -1.1057328869651073 0
-0.719493870165209 -1.129992370995125 0
-0.6696867618433654 -1.1518200406120735 0
-0.61926691484443 -1.1711952201591491 0
-0.568366962114998 -1.1881049086956386 0
-0.5171194424308513 -1.202543766881448 0
-0.4656563396282364 -1.2145140752928048 0
-0.4141086260376837 -1.2240256644005927 0
-0.3626058118833604 -1.2310958165545463 0
-0.3112755023851137 -1.235749140426798 0
-0.26024296426739635 -1.2380174184767196 0
-0.20963070333975437 -1.2379394281050673 0
-0.1595580547672339 -1.2355607372688029 0
-0.11014078759641349 -1.2309334754281553 0
-0.06149072504386971 -1.2241160807941207 0
-0.013715381988963604 -1.2151730249372823 0
0.03308237895768101 -1.20417451590722 0
0.0788046715147907 -1.1911961810954679 0
0.12335888870597128 -1.1763187311537 0
0.16665798362201092 -1.159627606352195 0
0.20862072693219302 -1.1412126068314181 0
0.24917194020134037 -1.1211675082614605 0
0.28824270416754655 -1.099589664479829 0
0.3257705412369776 -1.076579598727546 0
0.3616995715566335 -1.0522405851463483 0
0.39598064213273987 -1.0266782222359985 0
0.4285714285714284 -1.0000000000000002 0
0.5000000000000001 0.9999999999999999 0
0.46726540473787453 1.0312085022114674 0
0.4325534867588332 1.061282903258759 0
0.39590830532717064 1.0900975447532897 0
0.357381897124429 1.117528806421335 0
0.3170341628971227 1.143455611525638 0
0.2749327221476262 1.1677599250928705 0
0.23115273635676994 1.190327242929993 0
0.1857767013538134 1.2110470694465905 0
0.13889420957416093 1.229813382342296 0
0.09060168306704236 1.2465250822682656 0
0.04100207823382035 1.261086425629178 0
-0.009795436607792252 1.2734074387571286 0
-0.061675829628047574 1.2834043117608362 0
-0.1145185785469105 1.2909997704324998 0
-0.16819806694181122 1.2961234246800912 0
-0.2225840022952172 1.298712092044542 0
-0.27754185418706445 1.298710094958768 0
-0.33293331095465456 1.2960695305084404 0
-0.3886167530668346 1.290750511562386 0
-0.44444774139050264 1.2827213782530955 0
-0.5002795184658917 1.2719588789045582 0
-0.5559635208530742 1.258448319625082 0
-0.6113499005657859 1.2421836819063818 0
-0.6662880535702405 1.2231677076965743 0
-0.7206271532962671 1.2014119515432589 0
-0.7742166870859274 1.1769367995331033 0
-0.8269069934909006 1.1497714548857516 0
-0.8785497983243524 1.1199538901919117 0
-0.9289987473758499 1.0875307664176377 0
-0.9781099337090465 1.0525573189285327 0
-1.0257424174813354 1.015097210918401 0
-1.0717587362524013 0.9752223547561708 0
-1.1160254037844388 0.9330127018922192 0
-1.158413395380637 0.8885560020900685 0
-1.1987986178601695 0.8419475328711898 0
-1.237062362327161 0.7932898001790154 0
-1.273091737957742 0.7426922113825601 0
-1.306780085102984 0.6902707218500178 0
-1.3380273660860622 0.6361474564277245 0
-1.3667405321589898 0.5804503072596608 0
-1.3928338651774306 0.5233125094767384 0
-1.4162292926510034 0.4648721963731327 0
-1.4368566749308136 0.4052719357684972 0
-1.4546540634051623 0.34465824932976463 0
-1.4695679286881815 0.2831811166940001 0
-1.4815533579039575 0.22099346629428163 0
-1.4905742202901395 0.15825065484346396 0
-1.4966033004695503 0.09510993747583352 0
-1.4996223988654678 0.03172993058384188 0
-1.4996223988654678 -0.031729930583842283 0
-1.4966033004695503 -0.09510993747583393 0
-1.4905742202901395 -0.15825065484346346 0
-1.481553357903958 -0.22099346629428118 0
-1.4695679286881815 -0.2831811166939996 0
-1.4546540634051626 -0.3446582493297641 0
-1.4368566749308136 -0.4052719357684975 0
-1.4162292926510036 -0.4648721963731322 0
-1.3928338651774306 -0.5233125094767386 0
-1.3667405321589903 -0.5804503072596605 0
-1.3380273660860622 -0.6361474564277243 0
-1.306780085102984 -0.6902707218500175 0
-1.2730917379577424 -0.7426922113825598 0
-1.2370623623271615 -0.793289800179015 0
-1.1987986178601693 -0.8419475328711902 0
-1.1584133953806375 -0.8885560020900682 0
-1.1160254037844384 -0.9330127018922195 0
-1.0717587362524015 -0.9752223547561705 0
-1.0257424174813359 -1.0150972109184009 0
-0.9781099337090469 -1.0525573189285322 0
-0.9289987473758495 -1.087530766417638 0
-0.8785497983243522 -1.119953890191912 0
-0.8269069934909011 -1.1497714548857514 0
-0.774216687085928 -1.176936799533103 0
-0.7206271532962667 -1.2014119515432589 0
-0.6662880535702409 -1.2231677076965743 0
-0.6113499005657863 -1.2421836819063816 0
-0.5559635208530744 -1.258448319625082 0
-0.5002795184658922 -1.2719588789045582 0
-0.4444477413905024 -1.2827213782530957 0
-0.3886167530668358 -1.290750511562386 0
-0.3329333109546542 -1.2960695305084404 0
-0.2775418541870649 -1.298710094958768 0
-0.22258400229521763 -1.2987120920445423 0
-0.16819806694181166 -1.2961234246800912 0
-0.11451857854691089 -1.2909997704324998 0
-0.06167582962804685 -1.2834043117608362 0
-0.009795436607793306 -1.2734074387571288 0
0.04100207823382057 -1.261086425629178 0
0.09060168306704236 -1.2465250822682656 0
0.13889420957416082 -1.2298133823422963 0
0.18577670135381308 -1.2110470694465907 0
0.2311527363567696 -1.1903272429299931 0
0.2749327221476268 -1.16775992509287 0
0.31703416289712216 -1.1434556115256382 0
0.3573818971244292 -1.1175288064213347 0
0.3959083053271709 -1.0900975447532895 0
0.4325534867588332 -1.061282903258759 0
0.4672654047378745 -1.0312085022114674 0
0.49999999999999983 -1.0000000000000002 0
0.5714285714285715 0.9999999999999999 0
0.5385501673430091 1.0357387821869364 0
0.5034074019610328 1.0703252213711696 0
0.46604606941736393 1.1036154907790334 0
0.42652109008131156 1.1354679483628405 0
0.3848963855929045 1.1657437147898155 0
0.34124471736305995 1.1943072433543223 0
0.2956474890915285 1.2210268795077908 0
0.24819451400165515 1.2457754077394811 0
0.198983747633531 1.2684305835891245 0
0.14812098717640365 1.2888756486293114 0
0.09571953845660447 1.3069998263210738 0
0.04189985182828415 1.3226987967201365 0
-0.01321087165968099 1.3358751480935172 0
-0.0694791023265875 1.3464388035961967 0
-0.12676543054386852 1.3543074212551152 0
-0.18492504032303841 1.3594067656123645 0
-0.24380820598901565 1.361671049490738 0
-0.3032608100259484 1.3610432444623344 0
-0.3631248800959866 1.3574753587241792 0
-0.42323914315276867 1.3509286812133867 0
-0.48343959450093266 1.3413739909276683 0
-0.5435600795911506 1.3287917305545256 0
-0.6034328862871422 1.3131721436536141 0
-0.662889345297116 1.2945153747810747 0
-0.7217604364273249 1.2728315320913928 0
-0.7798773982899837 1.2481407121010992 0
-0.8370723390818495 1.2204729864486752 0
-0.8931788460432947 1.1898683506358245 0
-0.9480325912108524 1.1563766348862048 0
-1.0014719310888625 1.120057377408152 0
-1.0533384978879874 1.0809796604972997 0
-1.1034777800099564 1.039221910062695 0
-1.1517396894987244 0.9948716593053935 0
-1.1979791142282163 0.9480252774211235 0
-1.2420564526557172 0.8987876643376778 0
-1.2838381290375385 0.8472719126328909 0
-1.3231970870796221 0.7935989379096218 0
-1.3600132600798236 0.737897079029753 0
-1.3941740157105469 0.6803016697291964 0
-1.4255745736896923 0.6209545832498589 0
-1.4541183946942149 0.5600037517319816 0
-1.4797175389834978 0.49760266221080485 0
-1.5022929933188185 0.43390983115468384 0
-1.52177496488987 0.3690882595673124 0
-1.5381031410892172 0.3033048707541022 0
-1.551226914110058 0.2367299329218917 0
-1.5611055694813105 0.16953646884156043 0
-1.5677084377961992 0.1018996548547037 0
-1.5710150090356951 0.03399621154798958 0
-1.5710150090356951 -0.03399621154799001 0
-1.5677084377961992 -0.10189965485470413 0
-1.5611055694813105 -0.16953646884155987 0
-1.5512269141100583 -0.2367299329218912 0
-1.5381031410892172 -0.3033048707541016 0
-1.5217749648898702 -0.3690882595673118 0
-1.5022929933188185 -0.43390983115468423 0
-1.4797175389834982 -0.49760266221080435 0
-1.4541183946942144 -0.5600037517319819 0
-1.4255745736896925 -0.6209545832498584 0
-1.394174015710547 -0.680301669729196 0
-1.3600132600798238 -0.7378970790297525 0
-1.3231970870796226 -0.7935989379096213 0
-1.283838129037539 -0.8472719126328905 0
-1.242056452655717 -0.8987876643376782 0
-1.1979791142282168 -0.9480252774211233 0
-1.1517396894987242 -0.9948716593053937 0
-1.1034777800099569 -1.0392219100626945 0
-1.0533384978879878 -1.0809796604972997 0
-1.0014719310888627 -1.1200573774081515 0
-0.948032591210852 -1.156376634886205 0
-0.8931788460432943 -1.1898683506358245 0
-0.8370723390818501 -1.2204729864486752 0
-0.7798773982899843 -1.2481407121010988 0
-0.7217604364273243 -1.2728315320913928 0
-0.6628893452971165 -1.2945153747810747 0
-0.6034328862871428 -1.3131721436536141 0
-0.5435600795911509 -1.3287917305545254 0
-0.4834395945009332 -1.3413739909276683 0
-0.42323914315276845 -1.3509286812133867 0
-0.36312488009598787 -1.3574753587241792 0
-0.30326081002594807 -1.3610432444623346 0
-0.24380820598901615 -1.361671049490738 0
-0.18492504032303891 -1.3594067656123645 0
-0.12676543054386896 -1.3543074212551154 0
-0.06947910232658794 -1.3464388035961967 0
-0.013210871659680268 -1.3358751480935172 0
0.04189985182828304 -1.322698796720137 0
0.09571953845660469 -1.3069998263210736 0
0.14812098717640365 -1.2888756486293114 0
0.19898374763353088 -1.2684305835891245 0
0.24819451400165482 -1.2457754077394814 0
0.29564748909152816 -1.2210268795077912 0
0.34124471736306056 -1.194307243354322 0
0.38489638559290396 -1.165743714789816 0
0.4265210900813117 -1.1354679483628403 0
0.46604606941736426 -1.1036154907790332 0
0.5034074019610328 -1.0703252213711696 0
0.5385501673430091 -1.0357387821869364 0
0.5714285714285712 -1.0000000000000002 0
0.6428571428571429 0.9999999999999999 0
0.6098349299481437 1.0402690621624051 0
0.5742613171632325 1.0793675394835802 0
0.5361838335075573 1.117133436804777 0
0.4956602830381942 1.153407090304346 0
0.4527586082886863 1.1880318180539933 0
0.4075567125784937 1.2208545616157742 0
0.3601422418262872 1.2517265160855888 0
0.3106123266494969 1.2805037460323718 0
0.25907328569290106 1.307047784835953 0
0.205640291285765 1.331226214990357 0
0.1504369986793886 1.3529132270129693 0
0.09359514026436061 1.3719901546831446 0
0.03525408630868554 1.388345984426198 0
-0.02443962610626449 1.4018778367598936 0
-0.08533279414592582 1.412491417830139 0
-0.1472660783508597 1.420101439180187 0
-0.2100745577909669 1.4246320040227083 0
-0.27358830909724224 1.4260169584162286 0
-0.33763300712513855 1.4242002058859726 0
-0.40203054491503476 1.4191359841736775 0
-0.4665996705359736 1.4107891029507784 0
-0.531156638329227 1.3991351414839688 0
-0.5955158720084985 1.3841606054008466 0
-0.6594906370239915 1.3658630418655755 0
-0.7228937195583827 1.3442511126395267 0
-0.78553810949404 1.319344624669095 0
-0.8472376846727984 1.2911745180115992 0
-0.9078078937622368 1.259782811079737 0
-0.9670664350458549 1.2252225033547721 0
-1.024833928468678 1.187557435887771 0
-1.0809345782946393 1.1468621100761984 0
-1.1351968237675116 1.1032214653692187 0
-1.1874539752130102 1.0567306167185675 0
-1.2375448330757957 1.0074945527521786 0
-1.2853142874512646 0.9556277958041657 0
-1.330613895747916 0.9012540250867664 0
-1.3733024362015023 0.8445056644366834 0
-1.4132464350566631 0.7855234362094881 0
-1.4503206653350316 0.7244558830306682 0
-1.4844086152203944 0.6614588592400568 0
-1.5154029242109988 0.5966949939872249 0
-1.5432057853159922 0.530333128048477 0
-1.5677293117068234 0.46254772654087045 0
-1.5888958663745778 0.3935182698048601 0
-1.6066383534902524 0.3234286248142043 0
-1.6209004703161585 0.2524663995495018 0
-1.6316369186724815 0.18082228283965687 0
-1.6388135751228479 0.10868937223357389 0
-1.6424076192059225 0.03626249251213728 0
-1.6424076192059225 -0.036262492512137735 0
-1.6388135751228479 -0.10868937223357435 0
-1.6316369186724815 -0.18082228283965632 0
-1.6209004703161587 -0.25246639954950123 0
-1.6066383534902526 -0.32342862481420376 0
-1.5888958663745778 -0.3935182698048595 0
-1.5677293117068234 -0.46254772654087095 0
-1.5432057853159926 -0.5303331280484764 0
-1.5154029242109985 -0.5966949939872253 0
-1.4844086152203948 -0.6614588592400563 0
-1.450320665335032 -0.7244558830306678 0
-1.4132464350566634 -0.7855234362094876 0
-1.3733024362015027 -0.844505664436683 0
-1.3306138957479163 -0.9012540250867661 0
-1.2853142874512646 -0.9556277958041661 0
-1.237544833075796 -1.0074945527521784 0
-1.1874539752130098 -1.0567306167185677 0
-1.135196823767512 -1.1032214653692183 0
-1.0809345782946398 -1.1468621100761982 0
-1.0248339284686785 -1.1875574358877705 0
-0.9670664350458544 -1.2252225033547723 0
-0.9078078937622366 -1.2597828110797373 0
-0.847237684672799 -1.2911745180115988 0
-0.7855381094940407 -1.3193446246690947 0
-0.7228937195583821 -1.3442511126395267 0
-0.6594906370239921 -1.3658630418655753 0
-0.5955158720084991 -1.3841606054008464 0
-0.5311566383292273 -1.3991351414839688 0
-0.4665996705359742 -1.4107891029507784 0
-0.40203054491503454 -1.4191359841736775 0
-0.33763300712514 -1.4242002058859726 0
-0.2735883090972419 -1.4260169584162288 0
-0.2100745577909674 -1.4246320040227083 0
-0.1472660783508602 -1.4201014391801872 0
-0.08533279414592632 -1.4124914178301393 0
-0.024439626106264933 -1.4018778367598936 0
0.03525408630868637 -1.3883459844261978 0
0.09359514026435944 -1.371990154683145 0
0.15043699867938887 -1.3529132270129693 0
0.205640291285765 -1.331226214990357 0
0.2590732856929009 -1.307047784835953 0
0.31061232664949656 -1.2805037460323718 0
0.36014224182628685 -1.251726516085589 0
0.4075567125784943 -1.220854561615774 0
0.45275860828868564 -1.1880318180539937 0
0.49566028303819437 -1.1534070903043459 0
0.5361838335075575 -1.1171334368047767 0
0.5742613171632325 -1.0793675394835802 0
0.6098349299481437 -1.0402690621624051 0
0.6428571428571426 -1.0000000000000002 0
0.7142857142857143 0.9999999999999999 0
0.6811196925532782 1.044799342137874 0
0.6451152323654321 1.0884098575959908 0
0.6063215975977505 1.1306513828305205 0
0.5647994759950767 1.1713462322458519 0
0.5206208309844681 1.2103199213181708 0
0.4738687077939274 1.2474018798772262 0
0.42463699456104576 1.2824261526633869 0
0.37303013929733875 1.3152320843252623 0
0.31916282375227106 1.3456649860827814 0
0.26315959539512634 1.3735767813514026 0
0.2051544589021727 1.398826627704865 0
0.14529042870043707 1.4212815126461524 0
0.08371904427705212 1.440816820758879 0
0.020599850114058516 1.4573168699235906 0
-0.04390015774798306 1.470675414405163 0
-0.10960711637868092 1.4807961127480094 0
-0.1763409095929181 1.4875929585546783 0
-0.24391580816853614 1.4909906723701227 0
-0.31214113415429057 1.490925053047766 0
-0.38082194667730085 1.4873432871339685 0
-0.4497597465710146 1.4802042149738885 0
-0.5187531970673035 1.4694785524134124 0
-0.5875988577298549 1.4551490671480791 0
-0.656091928750867 1.4372107089500759 0
-0.7240270026894404 1.4156706931876606 0
-0.7911988206980963 1.3905485372370907 0
-0.8574030302637473 1.3618760495745228 0
-0.922436941481179 1.3296972715236501 0
-0.9861002788808574 1.2940683718233394 0
-1.048195925848494 1.25505749436739 0
-1.1085306587012915 1.2127445596550972 0
-1.1669158675250668 1.1672210206757427 0
-1.223168260927296 1.1185895741317418 0
-1.277110551923375 1.0669638280832336 0
-1.3285721222468123 1.0124679272706538 0
-1.3773896624582935 0.9552361375406421 0
-1.4234077853233824 0.895412390963745 0
-1.4664796100335027 0.8331497933892231 0
-1.5064673149595165 0.7686100963321401 0
-1.5432426567510968 0.7019631352302547 0
-1.5766874537277829 0.6333862362424683 0
-1.6066940316484868 0.5630635938861492 0
-1.6331656300948283 0.4911856219270571 0
-1.6560167678592856 0.41794828004240786 0
-1.675173565891288 0.34355237887430645 0
-1.6905740265222589 0.2682028661771118 0
-1.7021682678636525 0.19210809683775332 0
-1.7099187124494968 0.11547908961244406 0
-1.71380022937615 0.03852877347628497 0
-1.71380022937615 -0.03852877347628546 0
-1.7099187124494968 -0.11547908961244455 0
-1.7021682678636525 -0.19210809683775273 0
-1.6905740265222593 -0.26820286617711125 0
-1.675173565891288 -0.3435523788743058 0
-1.6560167678592856 -0.41794828004240725 0
-1.6331656300948283 -0.4911856219270576 0
-1.6066940316484872 -0.5630635938861486 0
-1.5766874537277826 -0.6333862362424685 0
-1.5432426567510973 -0.7019631352302542 0
-1.506467314959517 -0.7686100963321396 0
-1.466479610033503 -0.8331497933892227 0
-1.4234077853233829 -0.8954123909637446 0
-1.377389662458294 -0.9552361375406416 0
-1.3285721222468123 -1.012467927270654 0
-1.2771105519233754 -1.0669638280832334 0
-1.2231682609272956 -1.1185895741317422 0
-1.1669158675250673 -1.1672210206757425 0
-1.1085306587012917 -1.2127445596550968 0
-1.0481959258484945 -1.2550574943673896 0
-0.9861002788808569 -1.2940683718233394 0
-0.9224369414811788 -1.3296972715236501 0
-0.857403030263748 -1.3618760495745226 0
-0.791198820698097 -1.3905485372370907 0
-0.7240270026894398 -1.4156706931876606 0
-0.6560919287508676 -1.4372107089500759 0
-0.5875988577298555 -1.4551490671480787 0
-0.5187531970673038 -1.4694785524134122 0
-0.44975974657101514 -1.4802042149738885 0
-0.3808219466773005 -1.4873432871339687 0
-0.31214113415429207 -1.490925053047766 0
-0.24391580816853575 -1.4909906723701227 0
-0.17634090959291865 -1.4875929585546785 0
-0.10960711637868148 -1.4807961127480094 0
-0.043900157747983615 -1.4706754144051633 0
0.020599850114058016 -1.4573168699235906 0
0.08371904427705296 -1.4408168207588787 0
0.1452904287004358 -1.421281512646153 0
0.205154458902173 -1.3988266277048649 0
0.26315959539512634 -1.3735767813514026 0
0.319162823752271 -1.3456649860827814 0
0.3730301392973383 -1.3152320843252625 0
0.4246369945610454 -1.282426152663387 0
0.47386870779392803 -1.2474018798772257 0
0.5206208309844674 -1.2103199213181715 0
0.564799475995077 -1.1713462322458514 0
0.6063215975977508 -1.1306513828305202 0
0.6451152323654321 -1.088409857595991 0
0.6811196925532782 -1.044799342137874 0
0.714285714285714 -1.0000000000000002 0
0.7857142857142858 0.9999999999999999 0
0.7524044551584129 1.049329622113343 0
0.7159691475676319 1.0974521757084017 0
0.676459361687944 1.144169328856264 0
0.6339386689519594 1.1892853741873575 0
0.5884830536802499 1.2326080245823485 0
0.5401807030093613 1.2739491981386784 0
0.48913174729580455 1.3131257892411847 0
0.4354479519451806 1.349960422618153 0
0.3792523618116413 1.3842821873296098 0
0.3206788995044877 1.4159273477124485 0
0.25987191912495694 1.4447400283967609 0
0.19698571713651358 1.4705728706091605 0
0.13218400224541876 1.4932876570915599 0
0.06563932633438158 1.5127559030872875 0
-0.0024675213500403026 1.5288594109801872 0
-0.07194815440650215 1.541490786315832 0
-0.14260726139486923 1.5505539130866486 0
-0.21424330723982993 1.5559643863240171 0
-0.2866492611834425 1.5576499002095594 0
-0.3596133484395668 1.5555505900942594 0
-0.43291982260605544 1.5496193269969987 0
-0.5063497558053798 1.5398219633428558 0
-0.5796818434512112 1.5261375288953116 0
-0.6526932204777425 1.5085583760345767 0
-0.7251602858204981 1.4870902737357947 0
-0.7968595319021526 1.4617524498050867 0
-0.8675683758546963 1.4325775811374468 0
-0.9370659892001213 1.3996117319675627 0
-1.00513412271586 1.3629142402919068 0
-1.07155792322831 1.3225575528470093 0
-1.1361267391079435 1.2786270092339957 0
-1.1986349112826222 1.2312205759822668 0
-1.2588825466415816 1.180448531544916 0
-1.3166762707709543 1.126433103414289 0
-1.37182995704236 1.0693080587371417 0
-1.4241654291686712 1.0092182499945177 0
-1.4735131344452626 0.9463191174908067 0
-1.5197127850103422 0.8807761505689582 0
-1.5626139645840014 0.8127643096336119 0
-1.6020766982817993 0.7424674112204526 0
-1.637971983244567 0.6700774784977116 0
-1.6701822779809814 0.5957940597238214 0
-1.6986019484828336 0.5198235173132438 0
-1.7231376693439935 0.4423782902799557 0
-1.7437087782923237 0.3636761329344086 0
-1.7602475827283595 0.2839393328047219 0
-1.7726996170548237 0.2033939108358498 0
-1.7810238497761457 0.12226880699131426 0
-1.7851928395463776 0.040795054440432674 0
-1.7851928395463776 -0.040795054440433194 0
-1.7810238497761457 -0.12226880699131476 0
-1.772699617054824 -0.20339391083584918 0
-1.76024758272836 -0.28393933280472133 0
-1.7437087782923237 -0.3636761329344079 0
-1.7231376693439935 -0.44237829027995496 0
-1.6986019484828336 -0.5198235173132443 0
-1.6701822779809818 -0.5957940597238208 0
-1.6379719832445667 -0.6700774784977119 0
-1.6020766982817998 -0.7424674112204521 0
-1.5626139645840018 -0.8127643096336115 0
-1.5197127850103427 -0.8807761505689577 0
-1.473513134445263 -0.9463191174908062 0
-1.4241654291686716 -1.0092182499945173 0
-1.37182995704236 -1.0693080587371422 0
-1.3166762707709547 -1.1264331034142885 0
-1.2588825466415812 -1.1804485315449162 0
-1.1986349112826227 -1.2312205759822663 0
-1.136126739107944 -1.2786270092339955 0
-1.0715579232283103 -1.3225575528470088 0
-1.0051341227158594 -1.362914240291907 0
-0.937065989200121 -1.399611731967563 0
-0.867568375854697 -1.4325775811374464 0
-0.7968595319021534 -1.4617524498050867 0
-0.7251602858204975 -1.4870902737357947 0
-0.6526932204777431 -1.5085583760345767 0
-0.5796818434512119 -1.5261375288953114 0
-0.5063497558053802 -1.5398219633428556 0
-0.4329198226060561 -1.5496193269969987 0
-0.35961334843956655 -1.5555505900942597 0
-0.28664926118344414 -1.5576499002095594 0
-0.21424330723982954 -1.5559643863240171 0
-0.1426072613948698 -1.5505539130866486 0
-0.0719481544065027 -1.541490786315832 0
-0.0024675213500408577 -1.5288594109801874 0
0.06563932633438108 -1.5127559030872875 0
0.1321840022454197 -1.4932876570915599 0
0.1969857171365122 -1.470572870609161 0
0.2598719191249572 -1.4447400283967606 0
0.3206788995044877 -1.4159273477124485 0
0.3792523618116411 -1.3842821873296098 0
0.43544795194518016 -1.3499604226181532 0
0.4891317472958041 -1.3131257892411852 0
0.5401807030093619 -1.2739491981386777 0
0.5884830536802493 -1.2326080245823492 0
0.6339386689519595 -1.189285374187357 0
0.6764593616879443 -1.1441693288562638 0
0.7159691475676319 -1.0974521757084017 0
0.7524044551584129 -1.049329622113343 0
0.7857142857142855 -1.0000000000000002 0
0.8571428571428572 0.9999999999999999 0
0.8236892177635475 1.053859902088812 0
0.7868230627698315 1.1064944938208123 0
0.7465971257781373 1.1576872748820077 0
0.7030778619088419 1.207224516128863 0
0.6563452763760317 1.2548961278465263 0
0.606492698224795 1.30049651640013 0
0.5536265000305631 1.3438254258189828 0
0.49786576459302234 1.3846887609110436 0
0.4393418998710113 1.4228993885764383 0
0.37819820361384904 1.4582779140734943 0
0.31458937934774106 1.4906534290886564 0
0.24868100557258999 1.5198642285721684 0
0.18064896021378535 1.5457584934242408 0
0.11067880255470453 1.5681949362509844 0
0.0389651150479024 1.5870434075552111 0
-0.03428919243432338 1.6021854598836542 0
-0.10887361319682043 1.6135148676186186 0
-0.18457080631112377 1.620938100277911 0
-0.26115738821259454 1.6243747473713528 0
-0.3384047502018329 1.6237578930545506 0
-0.4160798986410964 1.6190344390201088 0
-0.4939463145434563 1.6101653742722992 0
-0.5717648291725675 1.5971259906425441 0
-0.649294512204618 1.579906043119077 0
-0.7262935689515558 1.5585098542839284 0
-0.802520243106209 1.5329563623730826 0
-0.8777337214456451 1.5032791127003704 0
-0.9516950369190635 1.4695261924114755 0
-1.0241679665508625 1.431760108760474 0
-1.0949199206081257 1.3900576113266285 0
-1.1637228195145954 1.3445094588128943 0
-1.2303539550401774 1.295220131288791 0
-1.2945968323558674 1.24230748895809 0
-1.3562419896185336 1.185902378745344 0
-1.4150877918379077 1.1261481902036297 0
-1.4709411958790486 1.0632003624483932 0
-1.5236184835671427 0.9972258440178683 0
-1.572945959987182 0.9284025077486935 0
-1.618760614208486 0.8569185229350836 0
-1.6609107398125014 0.7829716872106506 0
-1.6992565127613513 0.7067687207529549 0
-1.7336705243134758 0.6285245255614936 0
-1.7640382668708385 0.5484614126994305 0
-1.790258570828701 0.46680830051750344 0
-1.8122439906933594 0.38379988699451073 0
-1.82992113893446 0.29967579943233197 0
-1.8432309662459947 0.21467972483394626 0
-1.8521289871027946 0.12905852437018445 0
-1.8565854497166052 0.043061335404580375 0
-1.8565854497166052 -0.04306133540458092 0
-1.8521289871027946 -0.12905852437018497 0
-1.843230966245995 -0.2146797248339456 0
-1.8299211389344605 -0.29967579943233136 0
-1.8122439906933594 -0.38379988699451 0
-1.7902585708287013 -0.46680830051750266 0
-1.7640382668708385 -0.548461412699431 0
-1.7336705243134762 -0.628524525561493 0
-1.6992565127613508 -0.7067687207529553 0
-1.6609107398125018 -0.78297168721065 0
-1.6187606142084865 -0.8569185229350832 0
-1.5729459599871822 -0.9284025077486928 0
-1.5236184835671431 -0.9972258440178678 0
-1.470941195879049 -1.0632003624483928 0
-1.4150877918379074 -1.1261481902036303 0
-1.356241989618534 -1.1859023787453435 0
-1.294596832355867 -1.2423074889580905 0
-1.230353955040178 -1.2952201312887905 0
-1.163722819514596 -1.3445094588128943 0
-1.0949199206081262 -1.390057611326628 0
-1.024167966550862 -1.431760108760474 0
-0.9516950369190632 -1.4695261924114758 0
-0.877733721445646 -1.5032791127003702 0
-0.8025202431062097 -1.5329563623730824 0
-0.7262935689515552 -1.5585098542839284 0
-0.6492945122046188 -1.579906043119077 0
-0.5717648291725682 -1.5971259906425437 0
-0.4939463145434566 -1.6101653742722992 0
-0.41607989864109707 -1.6190344390201088 0
-0.3384047502018326 -1.6237578930545506 0
-0.26115738821259626 -1.6243747473713528 0
-0.18457080631112338 -1.6209381002779113 0
-0.10887361319682104 -1.6135148676186186 0
-0.03428919243432399 -1.6021854598836545 0
0.038965115047901844 -1.5870434075552113 0
0.11067880255470408 -1.5681949362509844 0
0.1806489602137863 -1.5457584934242408 0
0.2486810055725886 -1.519864228572169 0
0.31458937934774134 -1.4906534290886562 0
0.37819820361384904 -1.4582779140734943 0
0.43934189987101113 -1.4228993885764383 0
0.4978657645930219 -1.3846887609110439 0
0.5536265000305627 -1.343825425818983 0
0.6064926982247958 -1.3004965164001296 0
0.6563452763760311 -1.254896127846527 0
0.703077861908842 -1.2072245161288628 0
0.7465971257781376 -1.1576872748820073 0
0.7868230627698315 -1.1064944938208123 0
0.8236892177635475 -1.053859902088812 0
0.8571428571428569 -1.0000000000000002 0
0.9285714285714286 0.9999999999999999 0
0.894973980368682 1.0583901820642807 0
0.8576769779720311 1.115536811933223 0
0.8167348898683305 1.1712052209077513 0
0.7722170548657246 1.2251636580703686 0
0.7242074990718135 1.2771842311107038 0
0.6728046934402288 1.327043834661582 0
0.6181212527653218 1.3745250623967806 0
0.5602835772408641 1.419417099203934 0
0.4994314379303814 1.4615165898232667 0
0.4357175077232103 1.50062848043454 0
0.3693068395705252 1.536566829780552 0
0.3003762940086664 1.5691555865351765 0
0.22911391818215193 1.5982293297569217 0
0.15571827877502753 1.6236339694146813 0
0.0803977514458451 1.645227404130235 0
0.0033697695378553383 1.6628801334514767 0
-0.07513996499877168 1.6764758221505889 0
-0.15489830538241767 1.6859118142318053 0
-0.23566551524174656 1.691099594533146 0
-0.31719615196409895 1.6919651960148414 0
-0.3992399746761373 1.688449551043219 0
-0.48154287328153267 1.6805087852017426 0
-0.5638478148939239 1.6681144523897764 0
-0.6458958039314935 1.6512537102035776 0
-0.7274268520826136 1.6299294348320625 0
-0.8081809543102653 1.6041602749410786 0
-0.887899067036594 1.5739806442632942 0
-0.9663240846380057 1.5394406528553883 0
-1.043201810385865 1.5006059772290414 0
-1.1182819179879415 1.4575576698062478 0
-1.1913188999212476 1.410391908391793 0
-1.2620729987977328 1.3592196865953148 0
-1.3303111180701532 1.3041664463712643 0
-1.395807708466113 1.245371654076399 0
-1.4583456266334553 1.1829883216701178 0
-1.517716962589426 1.1171824749022687 0
-1.5737238326890228 1.0481325705449298 0
-1.6261791349640216 0.9760288649284286 0
-1.6749072638329707 0.9010727362365555 0
-1.7197447813432039 0.8234759632008485 0
-1.7605410422781351 0.7434599630081982 0
-1.7971587706459702 0.6612549913991658 0
-1.8294745852588434 0.577099308085617 0
-1.8573794723134087 0.4912383107550512 0
-1.8807792030943946 0.40392364105461287 0
-1.8995946951405605 0.31541226605994205 0
-1.9137623154371657 0.22596553883204273 0
-1.9232341244294435 0.13584824174905463 0
-1.9279780598868328 0.04532761636872807 0
-1.9279780598868328 -0.045327616368728646 0
-1.9232341244294435 -0.1358482417490552 0
-1.913762315437166 -0.225965538832042 0
-1.899594695140561 -0.3154122660599414 0
-1.8807792030943948 -0.4039236410546121 0
-1.857379472313409 -0.49123831075505037 0
-1.8294745852588434 -0.5770993080856177 0
-1.7971587706459708 -0.6612549913991651 0
-1.7605410422781347 -0.7434599630081986 0
-1.7197447813432043 -0.8234759632008479 0
-1.6749072638329712 -0.901072736236555 0
-1.6261791349640218 -0.9760288649284279 0
-1.5737238326890233 -1.0481325705449294 0
-1.5177169625894265 -1.1171824749022683 0
-1.4583456266334553 -1.1829883216701182 0
-1.3958077084661134 -1.2453716540763986 0
-1.3303111180701526 -1.3041664463712648 0
-1.2620729987977333 -1.3592196865953143 0
-1.191318899921248 -1.4103919083917928 0
-1.118281917987942 -1.4575576698062473 0
-1.0432018103858645 -1.5006059772290414 0
-0.9663240846380053 -1.5394406528553883 0
-0.8878990670365949 -1.573980644263294 0
-0.808180954310266 -1.6041602749410782 0
-0.7274268520826129 -1.6299294348320625 0
-0.6458958039314944 -1.6512537102035776 0
-0.5638478148939247 -1.6681144523897762 0
-0.4815428732815331 -1.6805087852017424 0
-0.39923997467613803 -1.688449551043219 0
-0.3171961519640986 -1.6919651960148414 0
-0.23566551524174834 -1.6910995945331462 0
-0.15489830538241722 -1.6859118142318055 0
-0.07513996499877229 -1.6764758221505889 0
0.0033697695378547277 -1.662880133451477 0
0.08039775144584455 -1.6452274041302353 0
0.15571827877502709 -1.6236339694146813 0
0.22911391818215288 -1.5982293297569214 0
0.300376294008665 -1.5691555865351772 0
0.36930683957052546 -1.536566829780552 0
0.4357175077232103 -1.50062848043454 0
0.49943143793038125 -1.4615165898232667 0
0.5602835772408636 -1.4194170992039346 0
0.6181212527653214 -1.374525062396781 0
0.6728046934402294 -1.3270438346615814 0
0.7242074990718128 -1.2771842311107047 0
0.7722170548657248 -1.2251636580703684 0
0.8167348898683309 -1.1712052209077508 0
0.8576769779720311 -1.115536811933223 0
0.894973980368682 -1.058390182064281 0
0.9285714285714283 -1.0000000000000004 0
1.0 0.9999999999999999 0
0.9662587429738168 1.0629204620397497 0
0.9285308931742309 1.1245791300456336 0
0.886872653958524 1.1847231669334948 0
0.8413562478226072 1.2431028000118745 0
0.7920697217675954 1.2994723343748815 0
0.7391166886556626 1.353591152923034 0
0.6826160055000805 1.4052246989745787 0
0.6227013898887059 1.454145437496825 0
0.5595209759897515 1.5001337910700951 0
0.49323681183257173 1.5429790467955857 0
0.4240242997933094 1.5824802304724477 0
0.3520715824447429 1.6184469444981846 0
0.2775788761505185 1.6507001660896028 0
0.20075775499535065 1.6790730025783782 0
0.12183038784378791 1.7034114007052592 0
0.041028731510034167 1.723574807019299 0
-0.04140631680072282 1.739436776682559 0
-0.12522580445371145 1.7508855281856994 0
-0.21017364227089852 1.7578244416949393 0
-0.295987553726365 1.7601724989751326 0
-0.3824000507111782 1.757864663066329 0
-0.46913943201960906 1.750852196131186 0
-0.5559308006152802 1.739102914137009 0
-0.642497095658369 1.7226013772880782 0
-0.7285601352136714 1.7013490153801964 0
-0.8138416655143216 1.6753641875090746 0
-0.898064412627543 1.644682175826218 0
-0.9809531323569479 1.6093551132993011 0
-1.0622356542208675 1.5694518456976088 0
-1.1416439153677573 1.525057728285867 0
-1.2189149803278996 1.4762743579706918 0
-1.293792042555288 1.423219241901839 0
-1.3660254037844388 1.3660254037844386 0
-1.4353734273136922 1.304840929407454 0
-1.501603461429003 1.2398284531366057 0
-1.5644927292998037 1.1711645873561445 0
-1.623829181810903 1.0990392970719918 0
-1.679412309940861 1.0236552221081636 0
-1.7310539134574556 0.9452269495380273 0
-1.7785788228739061 0.8639802391910465 0
-1.8218255717949194 0.7801512052634416 0
-1.860647016978465 0.693985457236838 0
-1.8949109036468483 0.6057372034718038 0
-1.9245003737981166 0.515668320992599 0
-1.9493144154954303 0.424047395114715 0
-1.969268251346661 0.3311487326875521 0
-1.984293664628337 0.2372513528301392 0
-1.9943392617560924 0.14263795912792482 0
-1.9993706700570604 0.04759389733287577 0
-1.9993706700570604 -0.047593897332876375 0
-1.9943392617560924 -0.1426379591279254 0
-1.984293664628337 -0.23725135283013846 0
-1.9692682513466615 -0.3311487326875514 0
-1.9493144154954305 -0.42404739511471423 0
-1.9245003737981168 -0.5156683209925981 0
-1.8949109036468483 -0.6057372034718044 0
-1.8606470169784655 -0.6939854572368374 0
-1.821825571794919 -0.780151205263442 0
-1.7785788228739068 -0.8639802391910459 0
-1.731053913457456 -0.9452269495380269 0
-1.6794123099408615 -1.0236552221081632 0
-1.6238291818109034 -1.099039297071991 0
-1.564492729299804 -1.1711645873561438 0
-1.5016034614290028 -1.2398284531366062 0
-1.4353734273136929 -1.3048409294074539 0
-1.3660254037844384 -1.3660254037844388 0
-1.2937920425552885 -1.4232192419018386 0
-1.2189149803279 -1.4762743579706916 0
-1.1416439153677578 -1.5250577282858666 0
-1.062235654220867 -1.5694518456976088 0
-0.9809531323569476 -1.6093551132993014 0
-0.8980644126275439 -1.6446821758262178 0
-0.8138416655143225 -1.6753641875090741 0
-0.7285601352136706 -1.7013490153801964 0
-0.6424970956583699 -1.7226013772880782 0
-0.555930800615281 -1.7391029141370087 0
-0.4691394320196095 -1.750852196131186 0
-0.382400050711179 -1.757864663066329 0
-0.29598755372636465 -1.7601724989751326 0
-0.2101736422709004 -1.7578244416949396 0
-0.125225804453711 -1.7508855281856996 0
-0.041406316800723486 -1.7394367766825591 0
0.0410287315100335 -1.7235748070192995 0
0.12183038784378725 -1.7034114007052592 0
0.2007577549953501 -1.6790730025783784 0
0.27757887615051957 -1.6507001660896026 0
0.3520715824447414 -1.6184469444981853 0
0.4240242997933097 -1.5824802304724477 0
0.49323681183257173 -1.5429790467955857 0
0.5595209759897514 -1.5001337910700951 0
0.6227013898887055 -1.4541454374968252 0
0.6826160055000801 -1.4052246989745791 0
0.7391166886556633 -1.3535911529230333 0
0.7920697217675947 -1.2994723343748824 0
0.8413562478226073 -1.243102800011874 0
0.8868726539585243 -1.1847231669334946 0
0.9285308931742309 -1.1245791300456336 0
0.9662587429738168 -1.0629204620397497 0
0.9999999999999998 -1.0000000000000004 0
1.0714285714285714 0.9999999999999999 0
1.0375435055789513 1.0674507420152186 0
0.9993848083764305 1.1336214481580442 0
0.9570104180487173 1.1982411129592385 0
0.9104954407794897 1.26104194195338 0
0.8599319444633771 1.321760437639059 0
0.8054286838710963 1.3801384711844862 0
0.7471107582348391 1.4359243355523765 0
0.6851192025365477 1.4888737757897155 0
0.6196105140491215 1.5387509923169236 0
0.5507561159419331 1.5853296131566315 0
0.47874176001609353 1.6283936311643434 0
0.4037668708808193 1.6677383024611925 0
0.3260438341188851 1.7031710024222837 0
0.24579723121567365 1.7345120357420751 0
0.16326302424173061 1.7615953972802831 0
0.07868769348221294 1.7842694805871218 0
-0.007672668602674015 1.802397731214529 0
-0.0955533035250053 1.8158592421395938 0
-0.18468176930005054 1.8245492888567327 0
-0.274778955488631 1.8283798019354234 0
-0.3655601267462191 1.8272797750894392 0
-0.45673599075768545 1.8211956070606297 0
-0.5480137863366366 1.8100913758842414 0
-0.6390983873852445 1.7939490443725787 0
-0.7296934183447291 1.7727685959283304 0
-0.8195023767183779 1.7465681000770703 0
-0.908229758218492 1.7153837073891418 0
-0.9955821800758902 1.679269573743214 0
-1.0812694980558701 1.6382977141661759 0
-1.1650059127475731 1.592557786765486 0
-1.2465110607345515 1.5421568075495906 0
-1.3255110863128432 1.4872187972083628 0
-1.4017396894987246 1.4278843611976126 0
-1.4749391461612715 1.3643102047385092 0
-1.5448612962245507 1.2966685846030936 0
-1.6112684960101813 1.22514669981002 0
-1.673934530932783 1.1499460235990533 0
-1.7326454849177009 1.0712815792878987 0
-1.7872005630819405 0.9893811628394992 0
-1.8374128644046084 0.9044845151812444 0
-1.8831101013117033 0.8168424475186848 0
-1.9241352633109594 0.7267159230745102 0
-1.9603472220348532 0.6343750988579905 0
-1.9916212752828244 0.5400983312301467 0
-2.017849627896466 0.44417114917481715 0
-2.0389418075527614 0.34688519931516215 0
-2.054825013819508 0.24853716682823562 0
-2.0654443990827414 0.149427676506795 0
-2.070763280227288 0.049860178297023466 0
-2.070763280227288 -0.049860178297024105 0
-2.0654443990827414 -0.14942767650679561 0
-2.054825013819508 -0.24853716682823487 0
-2.038941807552762 -0.34688519931516143 0
-2.017849627896466 -0.44417114917481626 0
-1.9916212752828246 -0.5400983312301458 0
-1.9603472220348532 -0.634375098857991 0
-1.9241352633109599 -0.7267159230745095 0
-1.8831101013117029 -0.8168424475186853 0
-1.8374128644046088 -0.9044845151812438 0
-1.787200563081941 -0.9893811628394986 0
-1.7326454849177013 -1.0712815792878982 0
-1.6739345309327835 -1.1499460235990528 0
-1.6112684960101817 -1.2251466998100193 0
-1.5448612962245507 -1.2966685846030943 0
-1.4749391461612722 -1.364310204738509 0
-1.401739689498724 -1.427884361197613 0
-1.3255110863128439 -1.4872187972083624 0
-1.2465110607345522 -1.5421568075495902 0
-1.1650059127475738 -1.5925577867654857 0
-1.0812694980558695 -1.638297714166176 0
-0.9955821800758897 -1.679269573743214 0
-0.9082297582184928 -1.7153837073891416 0
-0.8195023767183788 -1.74656810007707 0
-0.7296934183447282 -1.7727685959283304 0
-0.6390983873852454 -1.793949044372579 0
-0.5480137863366373 -1.8100913758842412 0
-0.45673599075768595 -1.8211956070606294 0
-0.36556012674621996 -1.8272797750894392 0
-0.2747789554886307 -1.8283798019354236 0
-0.18468176930005248 -1.824549288856733 0
-0.09555330352500485 -1.8158592421395938 0
-0.0076726686026746815 -1.8023977312145292 0
0.07868769348221216 -1.7842694805871218 0
0.16326302424172995 -1.7615953972802831 0
0.2457972312156731 -1.7345120357420754 0
0.32604383411888616 -1.7031710024222835 0
0.4037668708808178 -1.6677383024611934 0
0.4787417600160938 -1.6283936311643432 0
0.5507561159419331 -1.5853296131566315 0
0.6196105140491214 -1.5387509923169236 0
0.6851192025365472 -1.488873775789716 0
0.7471107582348386 -1.4359243355523772 0
0.8054286838710971 -1.3801384711844853 0
0.8599319444633764 -1.32176043763906 0
0.9104954407794899 -1.2610419419533796 0
0.9570104180487176 -1.198241112959238 0
0.9993848083764305 -1.1336214481580442 0
1.0375435055789513 -1.0674507420152186 0
1.0714285714285712 -1.0000000000000004 0
1.1428571428571428 0.9999999999999999 0
1.1088282681840858 1.0719810219906876 0
1.0702387235786301 1.1426637662704549 0
1.0271481821389106 1.211759058984982 0
0.9796346337363723 1.2789810838948856 0
0.927794167159159 1.3440485409032368 0
0.87174067908653 1.406685789445938 0
0.8116055109695977 1.4666239721301746 0
0.7475370151843894 1.5236021140826062 0
0.6797000521084917 1.5773681935637518 0
0.6082754200512943 1.6276801795176772 0
0.5334592202388777 1.6743070318562392 0
0.4554621593168957 1.7170296604242004 0
0.3745087920872517 1.7556418387549646 0
0.29083670743599666 1.789951068905772 0
0.20469566063967332 1.819779393855307 0
0.11634665545439171 1.844964154154944 0
0.02606097959537479 1.8653586857464992 0
-0.06588080259629914 1.8808329560934878 0
-0.15918989632920255 1.891274136018526 0
-0.2535703572508971 1.8965871048957146 0
-0.3487202027812601 1.8966948871125493 0
-0.4443325494957619 1.8915390179900728 0
-0.5400967720579929 1.8810798376314737 0
-0.63569967911212 1.8652967114570793 0
-0.7308267014757869 1.8441881764764645 0
-0.8251630879224342 1.817772012645066 0
-0.9183951038094408 1.7860852389520654 0
-1.0102112277948323 1.7491840341871265 0
-1.1003033418908725 1.7071435826347432 0
-1.188367910127389 1.6600578452451054 0
-1.2741071411412035 1.6080392571284892 0
-1.3572301300703984 1.551218352514887 0
-1.4374539752130104 1.489743318610787 0
-1.5145048650088506 1.4237794800695642 0
-1.5881191310200982 1.3535087160695818 0
-1.6580442627205585 1.2791288122638957 0
-1.724039880054663 1.2008527501261148 0
-1.7858786598945404 1.118907936467634 0
-1.8433472127064254 1.033535376140971 0
-1.8962469059353106 0.9449887911714424 0
-1.9443946308284876 0.8535336897739281 0
-1.9876235096434538 0.7594463889121824 0
-2.025783540422858 0.6630129942441771 0
-2.0587421767675322 0.5645283414676945 0
-2.0863848402975016 0.46429490323491923 0
-2.108615363758862 0.36262166594277223 0
-2.125356363010679 0.2598229808263321 0
-2.1365495364093903 0.15621739388566516 0
-2.142155890397515 0.05212645926117117 0
-2.142155890397515 -0.05212645926117183 0
-2.1365495364093903 -0.15621739388566583 0
-2.125356363010679 -0.25982298082633126 0
-2.1086153637588625 -0.36262166594277145 0
-2.0863848402975016 -0.4642949032349184 0
-2.0587421767675322 -0.5645283414676936 0
-2.025783540422858 -0.6630129942441778 0
-1.9876235096434545 -0.7594463889121816 0
-1.944394630828487 -0.8535336897739286 0
-1.8962469059353113 -0.9449887911714417 0
-1.8433472127064259 -1.0335353761409705 0
-1.7858786598945406 -1.1189079364676333 0
-1.7240398800546637 -1.2008527501261144 0
-1.6580442627205594 -1.2791288122638949 0
-1.5881191310200982 -1.3535087160695822 0
-1.5145048650088515 -1.423779480069564 0
-1.4374539752130098 -1.4897433186107873 0
-1.3572301300703993 -1.5512183525148866 0
-1.2741071411412042 -1.608039257128489 0
-1.1883679101273896 -1.6600578452451047 0
-1.1003033418908719 -1.7071435826347434 0
-1.0102112277948319 -1.7491840341871268 0
-0.9183951038094418 -1.7860852389520652 0
-0.8251630879224352 -1.8177720126450658 0
-0.730826701475786 -1.844188176476464 0
-0.635699679112121 -1.8652967114570793 0
-0.5400967720579938 -1.8810798376314735 0
-0.4443325494957624 -1.8915390179900728 0
-0.3487202027812609 -1.8966948871125493 0
-0.2535703572508967 -1.8965871048957146 0
-0.1591898963292046 -1.8912741360185263 0
-0.0658808025962987 -1.880832956093488 0
0.026060979595374012 -1.8653586857464992 0
0.11634665545439093 -1.8449641541549444 0
0.20469566063967265 -1.8197793938553073 0
0.290836707435996 -1.7899510689057723 0
0.37450879208725274 -1.7556418387549644 0
0.4554621593168941 -1.7170296604242012 0
0.5334592202388779 -1.6743070318562387 0
0.6082754200512943 -1.6276801795176772 0
0.6797000521084915 -1.577368193563752 0
0.747537015184389 -1.5236021140826064 0
0.8116055109695972 -1.4666239721301753 0
0.8717406790865307 -1.406685789445937 0
0.9277941671591583 -1.3440485409032377 0
0.9796346337363724 -1.2789810838948852 0
1.027148182138911 -1.2117590589849816 0
1.0702387235786301 -1.1426637662704549 0
1.1088282681840858 -1.0719810219906876 0
1.1428571428571426 -1.0000000000000004 0
1.2142857142857142 0.9999999999999999 0
1.1801130307892203 1.0765113019661563 0
1.1410926387808298 1.1517060843828655 0
1.0972859462291038 1.2252770050107256 0
1.0487738266932547 1.2969202258363914 0
0.9956563898549406 1.3663366441674145 0
0.9380526743019638 1.4332331077073899 0
0.8761002637043565 1.4973236087079727 0
0.8099548278322313 1.5583304523754968 0
0.7397895901678617 1.6159853948105802 0
0.6657947241606557 1.670030745878723 0
0.5881766804616617 1.7202204325481347 0
0.5071574477529722 1.7663210183872082 0
0.42297375005561816 1.8081126750876455 0
0.33587618365631966 1.845390102069469 0
0.24612829703761602 1.877963390430331 0
0.15400561742657037 1.9056588277227664 0
0.059794627793423594 1.928319640278469 0
-0.036208301667593035 1.9458066700473822 0
-0.1336980233583545 1.9579989831803193 0
-0.23236175901316314 1.9647944078560053 0
-0.331880278816301 1.9661099991356594 0
-0.4319291082338383 1.9618824289195165 0
-0.5321797577793492 1.9520682993787062 0
-0.6323009708389955 1.93664437854158 0
-0.7319599846068446 1.9156077570245982 0
-0.8308237991264905 1.888975925213062 0
-0.9285604494003897 1.8567867705149892 0
-1.0248402755137747 1.8190984946310396 0
-1.119337185725875 1.7759894511033105 0
-1.2117299075072048 1.7275579037247244 0
-1.3017032215478557 1.6739217067073877 0
-1.3889491738279538 1.6152179078214108 0
-1.473168260927296 1.5516022760239612 0
-1.55407058385643 1.4832487554006195 0
-1.631376965815646 1.4103488475360697 0
-1.7048200294309361 1.3331109247177713 0
-1.7741452291765432 1.2517594766531766 0
-1.83911183487138 1.166534293647369 0
-1.89949386233091 1.0776895894424428 0
-1.955080947466013 0.9854930671616403 0
-2.0056791603452715 0.8902249320291715 0
-2.051111755975948 0.7921768547498546 0
-2.0912198588108635 0.6916508896303638 0
-2.12586307825224 0.5889583517052421 0
-2.154920052698537 0.48441865729502137 0
-2.178288919964962 0.3783581325703823 0
-2.19588771220185 0.27110879482442857 0
-2.207654673736039 0.16300711126453535 0
-2.2135485005677427 0.05439274022531886 0
-2.2135485005677427 -0.05439274022531956 0
-2.207654673736039 -0.16300711126453604 0
-2.19588771220185 -0.27110879482442773 0
-2.178288919964963 -0.3783581325703815 0
-2.154920052698537 -0.4844186572950204 0
-2.12586307825224 -0.5889583517052412 0
-2.0912198588108635 -0.6916508896303645 0
-2.051111755975949 -0.7921768547498538 0
-2.005679160345271 -0.890224932029172 0
-1.9550809474660138 -0.9854930671616396 0
-1.8994938623309108 -1.0776895894424423 0
-1.8391118348713804 -1.1665342936473684 0
-1.7741452291765438 -1.2517594766531759 0
-1.7048200294309368 -1.3331109247177704 0
-1.6313769658156458 -1.4103488475360701 0
-1.5540705838564308 -1.483248755400619 0
-1.4731682609272956 -1.5516022760239614 0
-1.3889491738279545 -1.6152179078214104 0
-1.3017032215478563 -1.6739217067073877 0
-1.2117299075072054 -1.727557903724724 0
-1.1193371857258745 -1.7759894511033107 0
-1.0248402755137742 -1.8190984946310396 0
-0.9285604494003907 -1.856786770514989 0
-0.8308237991264915 -1.8889759252130618 0
-0.7319599846068436 -1.9156077570245982 0
-0.6323009708389966 -1.9366443785415801 0
-0.5321797577793501 -1.952068299378706 0
-0.4319291082338388 -1.9618824289195163 0
-0.3318802788163019 -1.9661099991356594 0
-0.2323617590131628 -1.9647944078560056 0
-0.13369802335835668 -1.9579989831803197 0
-0.03620830166759248 -1.9458066700473822 0
0.05979462779342282 -1.9283196402784695 0
0.1540056174265696 -1.9056588277227666 0
0.24612829703761535 -1.8779633904303312 0
0.335876183656319 -1.8453901020694692 0
0.42297375005561944 -1.808112675087645 0
0.5071574477529706 -1.7663210183872093 0
0.588176680461662 -1.7202204325481345 0
0.6657947241606557 -1.670030745878723 0
0.7397895901678615 -1.6159853948105805 0
0.8099548278322308 -1.558330452375497 0
0.8761002637043558 -1.497323608707973 0
0.9380526743019646 -1.433233107707389 0
0.99565638985494 -1.3663366441674154 0
1.048773826693255 -1.2969202258363908 0
1.0972859462291042 -1.2252770050107251 0
1.1410926387808298 -1.1517060843828655 0
1.1801130307892203 -1.0765113019661565 0
1.214285714285714 -1.0000000000000004 0
1.2857142857142856 0.9999999999999999 0
1.251397793394355 1.0810415819416253 0
1.2119465539830294 1.160748402495276 0
1.1674237103192973 1.238794951036469 0
1.1179130196501375 1.314859367777897 0
1.0635186125507226 1.3886247474315923 0
1.0043646695173973 1.4597804259688418 0
0.940595016439115 1.5280232452857705 0
0.8723726404800729 1.5930587906683873 0
0.7998791282272317 1.6546025960574084 0
0.723314028270017 1.7123813122397686 0
0.642894140684446 1.7661338332400303 0
0.5588527361890486 1.8156123763502163 0
0.47143870802398474 1.8605835114203266 0
0.38091565987664266 1.9008291352331659 0
0.2875609334355587 1.936147387005355 0
0.19166457939874915 1.9663535012905888 0
0.09352827599147229 1.9912805948104393 0
-0.006535800738886821 2.010780384001276 0
-0.10820615038750653 2.0247238303421122 0
-0.21115316077542923 2.033001710816296 0
-0.31504035485134196 2.0355251111587696 0
-0.41952566697191473 2.0322258398489597 0
-0.5242627435007056 2.0230567611259387 0
-0.628902262565871 2.0079920456260805 0
-0.7330932677379023 1.9870273375727323 0
-0.8364845103305468 1.9601798377810578 0
-0.9387257949913387 1.927488302077913 0
-1.0394693232327168 1.8890129550749521 0
-1.1383710295608775 1.8448353195718776 0
-1.2350919048870206 1.7950579622043437 0
-1.3292993019545076 1.7398041562862865 0
-1.420668217585509 1.6792174631279346 0
-1.5088825466415818 1.6134612334371352 0
-1.5936363027040092 1.5427180307316746 0
-1.6746348006111935 1.4671889790025576 0
-1.7515957961413138 1.3870930371716468 0
-1.824250578298423 1.3026662031802383 0
-1.8923450098482195 1.2141606508271041 0
-1.9556405119553948 1.1218438027439146 0
-2.0139149889967154 1.0259973431518383 0
-2.066963689862056 0.9269161742844148 0
-2.114600002308443 0.8249073205875267 0
-2.1566561771988684 0.7202887850165505 0
-2.1929839797369475 0.6133883619427899 0
-2.2234552650995725 0.5045424113551236 0
-2.247962476171063 0.3940945991979924 0
-2.266419061393021 0.28239460882252504 0
-2.278759811062688 0.1697968286434055 0
-2.2849411107379702 0.056659021189466564 0
-2.2849411107379702 -0.05665902118946728 0
-2.278759811062688 -0.16979682864340626 0
-2.266419061393021 -0.28239460882252415 0
-2.2479624761710637 -0.3940945991979915 0
-2.2234552650995725 -0.5045424113551226 0
-2.1929839797369475 -0.6133883619427889 0
-2.1566561771988684 -0.7202887850165511 0
-2.1146000023084435 -0.8249073205875259 0
-2.066963689862055 -0.9269161742844152 0
-2.013914988996716 -1.0259973431518374 0
-1.9556405119553952 -1.1218438027439142 0
-1.89234500984822 -1.2141606508271034 0
-1.824250578298424 -1.3026662031802374 0
-1.7515957961413142 -1.3870930371716461 0
-1.6746348006111935 -1.4671889790025583 0
-1.5936363027040104 -1.5427180307316741 0
-1.5088825466415812 -1.6134612334371354 0
-1.4206682175855097 -1.6792174631279342 0
-1.3292993019545083 -1.739804156286286 0
-1.2350919048870213 -1.795057962204343 0
-1.1383710295608769 -1.844835319571878 0
-1.0394693232327163 -1.8890129550749521 0
-0.9387257949913397 -1.9274883020779128 0
-0.8364845103305479 -1.9601798377810575 0
-0.7330932677379014 -1.9870273375727319 0
-0.6289022625658721 -2.0079920456260805 0
-0.5242627435007066 -2.0230567611259382 0
-0.4195256669719153 -2.0322258398489597 0
-0.3150403548513429 -2.0355251111587696 0
-0.21115316077542884 -2.033001710816296 0
-0.1082061503875088 -2.024723830342113 0
-0.006535800738886377 -2.010780384001276 0
0.09352827599147151 -1.9912805948104395 0
0.19166457939874837 -1.9663535012905893 0
0.28756093343555794 -1.9361473870053554 0
0.380915659876642 -1.9008291352331663 0
0.471438708023986 -1.860583511420326 0
0.558852736189047 -1.8156123763502174 0
0.6428941406844463 -1.7661338332400303 0
0.723314028270017 -1.7123813122397686 0
0.7998791282272315 -1.654602596057409 0
0.8723726404800725 -1.5930587906683877 0
0.9405950164391146 -1.5280232452857712 0
1.0043646695173982 -1.459780425968841 0
1.0635186125507217 -1.3886247474315931 0
1.1179130196501377 -1.3148593677778964 0
1.1674237103192975 -1.2387949510364686 0
1.2119465539830294 -1.160748402495276 0
1.251397793394355 -1.0810415819416253 0
1.2857142857142854 -1.0000000000000004 0
1.357142857142857 0.9999999999999999 0
1.3226825559994895 1.0855718619170942 0
1.282800469185229 1.1697907206076867 0
1.2375614744094905 1.2523128970622128 0
1.18705221260702 1.3327985097194026 0
1.1313808352465042 1.4109128506957698 0
1.0706766647328312 1.4863277442302938 0
1.0050897691738736 1.5587228818635683 0
0.9347904531279148 1.6277871289612778 0
0.8599686662866017 1.6932197973042369 0
0.7808333323793784 1.7547318786008144 0
0.6976116009072302 1.812047233931926 0
0.610548024625125 1.8649037343132244 0
0.5199036659923513 1.9130543477530075 0
0.42595513609696567 1.9562681683968628 0
0.32899356983350153 1.9943313835803789 0
0.22932354137092792 2.027048174858411 0
0.1272619241895211 2.0542415493424095 0
0.02313670018981928 2.07575409795517 0
-0.08271427741665854 2.091448677503906 0
-0.18994456253769526 2.1012090137765873 0
-0.2982004308863829 2.1049402231818797 0
-0.4071222257099911 2.1025692507784033 0
-0.5163457292220619 2.094045222873171 0
-0.6255035542927465 2.0793397127105813 0
-0.73422655086896 2.058446918120866 0
-0.8421452215346031 2.031383750349054 0
-0.9488911405822875 1.9981898336408368 0
-1.054098370951659 1.9589274155188647 0
-1.1574048733958802 1.913681188040445 0
-1.2584539022668364 1.8625580206839627 0
-1.3568953823611596 1.805686605865185 0
-1.4523872613430644 1.7432170184344589 0
-1.5445968323558676 1.6753201908503095 0
-1.6332020215515883 1.6021873060627296 0
-1.7178926354067412 1.5240291104690458 0
-1.798371562851691 1.4410751496255223 0
-1.8743559274203032 1.3535729297072998 0
-1.945578184825059 1.2617870080068392 0
-2.0117871615798797 1.1659980160453864 0
-2.0727490305274174 1.066501619142036 0
-2.1282482193788397 0.9636074165396582 0
-2.1780882486409374 0.8576377864251988 0
-2.2220924955868733 0.748926680402737 0
-2.2601048812216553 0.6378183721803377 0
-2.291990477500608 0.5246661654152256 0
-2.3176360323771634 0.4098310658256024 0
-2.336950410584192 0.29368042282062146 0
-2.349864948389337 0.1765865460222757 0
-2.356333720908198 0.05892530215361426 0
-2.356333720908198 -0.05892530215361501 0
-2.349864948389337 -0.17658654602227644 0
-2.336950410584192 -0.29368042282062057 0
-2.3176360323771643 -0.4098310658256015 0
-2.291990477500608 -0.5246661654152246 0
-2.2601048812216558 -0.6378183721803367 0
-2.2220924955868733 -0.7489266804027378 0
-2.178088248640938 -0.8576377864251981 0
-2.1282482193788392 -0.9636074165396585 0
-2.0727490305274183 -1.0665016191420356 0
-2.01178716157988 -1.1659980160453858 0
-1.9455781848250595 -1.2617870080068385 0
-1.874355927420304 -1.3535729297072991 0
-1.7983715628516919 -1.4410751496255216 0
-1.717892635406741 -1.5240291104690464 0
-1.6332020215515897 -1.6021873060627292 0
-1.5445968323558668 -1.67532019085031 0
-1.4523872613430648 -1.7432170184344584 0
-1.3568953823611603 -1.8056866058651848 0
-1.258453902266837 -1.8625580206839623 0
-1.1574048733958793 -1.9136811880404454 0
-1.0540983709516585 -1.958927415518865 0
-0.9488911405822886 -1.9981898336408366 0
-0.8421452215346042 -2.0313837503490535 0
-0.734226550868959 -2.058446918120866 0
-0.6255035542927477 -2.079339712710581 0
-0.5163457292220629 -2.094045222873171 0
-0.4071222257099917 -2.1025692507784033 0
-0.29820043088638387 -2.1049402231818797 0
-0.18994456253769487 -2.1012090137765873 0
-0.08271427741666088 -2.091448677503906 0
0.023136700189819837 -2.07575409795517 0
0.12726192418952031 -2.0542415493424095 0
0.22932354137092703 -2.0270481748584115 0
0.32899356983350064 -1.9943313835803793 0
0.425955136096965 -1.9562681683968632 0
0.5199036659923526 -1.9130543477530069 0
0.6105480246251231 -1.8649037343132253 0
0.6976116009072303 -1.8120472339319256 0
0.7808333323793784 -1.7547318786008144 0
0.8599686662866017 -1.693219797304237 0
0.9347904531279143 -1.6277871289612782 0
1.0050897691738732 -1.5587228818635692 0
1.070676664732832 -1.4863277442302927 0
1.1313808352465036 -1.4109128506957709 0
1.1870522126070202 -1.3327985097194022 0
1.237561474409491 -1.2523128970622124 0
1.282800469185229 -1.1697907206076867 0
1.3226825559994895 -1.0855718619170942 0
1.3571428571428568 -1.0000000000000004 0
1.4285714285714284 0.9999999999999998 0
1.393967318604624 1.0901021418925632 0
1.3536543843874287 1.1788330387200974 0
1.3076992384996837 1.2658308430879563 0
1.2561914055639025 1.3507376516609082 0
1.1992430579422861 1.4332009539599473 0
1.1369886599482648 1.5128750624917457 0
1.0695845219086322 1.5894225184413666 0
0.9972082657757566 1.6625154672541687 0
0.9200582043459717 1.7318369985510653 0
0.8383526364887397 1.7970824449618599 0
0.7523290611300142 1.8579606346238218 0
0.6622433130612015 1.9141950922762323 0
0.568368623960718 1.9655251840856884 0
0.4709946123172887 2.0117072015605597 0
0.37042620623144423 2.052515380155403 0
0.2669825033431067 2.0877428484262337 0
0.1609955723875699 2.1172025038743794 0
0.052809201118525384 2.1407278119090645 0
-0.057222404445810504 2.158173524665699 0
-0.16873596429996135 2.169416316736878 0
-0.28136050692142384 2.1743553352049894 0
-0.3947187844480675 2.1729126617078465 0
-0.5084287149434182 2.1650336846204032 0
-0.6221048460196221 2.150687379795081 0
-0.7353598340000178 2.129866498669 0
-0.8478059327386595 2.1025876629170495 0
-0.9590564861732365 2.0688913652037604 0
-1.0687274186706013 2.0288418759627778 0
-1.1764387172308826 1.9825270565090123 0
-1.2818158996466522 1.930058079163582 0
-1.3844914627678118 1.8715690554440838 0
-1.4841063051006196 1.8072165737409827 0
-1.5803111180701532 1.7371791482634835 0
-1.6727677403991676 1.6616565813937847 0
-1.7611504702022889 1.5808692419355337 0
-1.8451473295620686 1.4950572620793978 0
-1.9244612765421834 1.4044796562343613 0
-1.9988113598018988 1.3094133651865743 0
-2.0679338112043646 1.2101522293468583 0
-2.13158307205812 1.1070058951322341 0
-2.1895327488956235 1.0002986587949014 0
-2.241576494973432 0.8903682522628711 0
-2.287528813974878 0.7775645757889238 0
-2.327225782706363 0.6622483824178854 0
-2.3605256899016434 0.5447899194753277 0
-2.387309588583264 0.4255675324532125 0
-2.407481759775363 0.30496623681871793 0
-2.420970085715986 0.18337626340114588 0
-2.427726331078425 0.06119158311776196 0
-2.427726331078425 -0.06119158311776273 0
-2.420970085715986 -0.18337626340114666 0
-2.407481759775363 -0.304966236818717 0
-2.3873095885832645 -0.4255675324532116 0
-2.3605256899016434 -0.5447899194753267 0
-2.327225782706363 -0.6622483824178844 0
-2.287528813974878 -0.7775645757889245 0
-2.2415764949734327 -0.8903682522628702 0
-2.189532748895623 -1.0002986587949019 0
-2.1315830720581204 -1.1070058951322332 0
-2.067933811204365 -1.2101522293468576 0
-1.9988113598018993 -1.3094133651865736 0
-1.924461276542184 -1.4044796562343609 0
-1.8451473295620695 -1.4950572620793972 0
-1.7611504702022887 -1.5808692419355341 0
-1.672767740399169 -1.6616565813937842 0
-1.5803111180701523 -1.737179148263484 0
-1.4841063051006202 -1.8072165737409822 0
-1.3844914627678122 -1.8715690554440836 0
-1.281815899646653 -1.9300580791635813 0
-1.176438717230882 -1.9825270565090123 0
-1.0687274186706008 -2.0288418759627778 0
-0.9590564861732376 -2.0688913652037604 0
-0.8478059327386606 -2.102587662917049 0
-0.7353598340000168 -2.1298664986689997 0
-0.6221048460196232 -2.1506873797950816 0
-0.5084287149434192 -2.1650336846204032 0
-0.3947187844480681 -2.1729126617078465 0
-0.28136050692142484 -2.17435533520499 0
-0.1687359642999609 -2.1694163167368785 0
-0.05722240444581295 -2.1581735246656994 0
0.05280920111852594 -2.1407278119090645 0
0.160995572387569 -2.11720250387438 0
0.2669825033431058 -2.087742848426234 0
0.37042620623144334 -2.0525153801554032 0
0.4709946123172879 -2.01170720156056 0
0.5683686239607192 -1.9655251840856875 0
0.6622433130611995 -1.9141950922762336 0
0.7523290611300145 -1.8579606346238213 0
0.8383526364887397 -1.7970824449618599 0
0.9200582043459717 -1.7318369985510655 0
0.9972082657757559 -1.6625154672541689 0
1.0695845219086317 -1.589422518441367 0
1.1369886599482657 -1.5128750624917449 0
1.1992430579422853 -1.4332009539599486 0
1.2561914055639027 -1.3507376516609078 0
1.3076992384996842 -1.265830843087956 0
1.3536543843874287 -1.1788330387200974 0
1.393967318604624 -1.0901021418925632 0
1.4285714285714282 -1.0000000000000004 0
1.5 0.9999999999999998 0
1.465252081209759 1.094632421868032 0
1.4245082995896285 1.187875356832508 0
1.3778370025898774 1.2793487891136999 0
1.3253305985207853 1.3686767936024138 0
1.267105280638068 1.455489057224125 0
1.2033006551636989 1.539422380753198 0
1.134079274643391 1.6201221550191645 0
1.0596260784235985 1.6972438055470591 0
0.9801477424053422 1.7704541997978938 0
0.895871940598101 1.8394330113229058 0
0.8070465213527986 1.9038740353157175 0
0.713938601497278 1.9634864502392402 0
0.6168335819290844 2.0179960204183693 0
0.5160340885376118 2.067146234724257 0
0.41185884262938705 2.1106993767304267 0
0.30464146531528546 2.1484375219940564 0
0.1947292205856188 2.1801634584063496 0
0.08248170204723171 2.205701525862959 0
-0.03173053147496252 2.224898371827493 0
-0.14752736606222733 2.2376236196971693 0
-0.2645205829564647 2.2437704472281 0
-0.3823153431861439 2.24325607263729 0
-0.5005117006647746 2.236022146367636 0
-0.6187061377464975 2.222035046879582 0
-0.7364931171310756 2.2012860792171343 0
-0.8534666439427158 2.173791575485046 0
-0.9692218317641854 2.1395928967666844 0
-1.0833564663895434 2.0987563364066903 0
-1.1954725610658852 2.0513729249775796 0
-1.3051778970264682 1.9975581376432012 0
-1.4120875431744637 1.9374515050229826 0
-1.5158253488581748 1.871216129047507 0
-1.616025403784439 1.799038105676658 0
-1.7123334592467472 1.72112585672484 0
-1.8044083049978366 1.6377093734020218 0
-1.8919230962724463 1.5490393745332736 0
-1.9745666256640635 1.4553863827614233 0
-2.0520445347787386 1.3570397223663095 0
-2.1240804608288495 1.2543064426483301 0
-2.1904171135888224 1.1475101711224323 0
-2.250817278412408 1.0369899010501449 0
-2.3050647413059266 0.9230987181005433 0
-2.3529651323628835 0.8062024711751106 0
-2.394346684191071 0.6866783926554333 0
-2.4290609023026795 0.5649136735354299 0
-2.4569831447893646 0.44130399908082263 0
-2.478013108966534 0.3162520508168144 0
-2.492075223042635 0.1901659807800161 0
-2.499118941248653 0.06345786408190966 0
-2.499118941248653 -0.06345786408191047 0
-2.492075223042635 -0.1901659807800169 0
-2.4780131089665343 -0.31625205081681346 0
-2.456983144789365 -0.4413039990808217 0
-2.4290609023026795 -0.5649136735354289 0
-2.394346684191071 -0.6866783926554323 0
-2.3529651323628835 -0.8062024711751112 0
-2.3050647413059275 -0.9230987181005423 0
-2.2508172784124074 -1.0369899010501453 0
-2.190417113588823 -1.1475101711224314 0
-2.12408046082885 -1.2543064426483295 0
-2.052044534778739 -1.3570397223663089 0
-1.9745666256640644 -1.4553863827614224 0
-1.8919230962724471 -1.549039374533273 0
-1.8044083049978363 -1.6377093734020223 0
-1.7123334592467483 -1.7211258567248395 0
-1.6160254037844384 -1.7990381056766584 0
-1.5158253488581757 -1.8712161290475064 0
-1.4120875431744646 -1.9374515050229824 0
-1.305177897026469 -1.9975581376432008 0
-1.1954725610658845 -2.05137292497758 0
-1.083356466389543 -2.098756336406691 0
-0.9692218317641866 -2.1395928967666844 0
-0.853466643942717 -2.1737915754850454 0
-0.7364931171310745 -2.201286079217134 0
-0.6187061377464989 -2.2220350468795824 0
-0.5005117006647757 -2.2360221463676355 0
-0.3823153431861445 -2.24325607263729 0
-0.26452058295646574 -2.2437704472281004 0
-0.14752736606222688 -2.2376236196971693 0
-0.031730531474965074 -2.2248983718274933 0
0.08248170204723215 -2.205701525862959 0
0.19472922058561792 -2.18016345840635 0
0.3046414653152846 -2.148437521994057 0
0.41185884262938616 -2.110699376730427 0
0.516034088537611 -2.067146234724257 0
0.616833581929086 -2.017996020418369 0
0.713938601497276 -1.9634864502392415 0
0.8070465213527988 -1.903874035315717 0
0.895871940598101 -1.8394330113229058 0
0.980147742405342 -1.7704541997978942 0
1.0596260784235978 -1.6972438055470596 0
1.1340792746433905 -1.6201221550191653 0
1.2033006551636998 -1.5394223807531966 0
1.2671052806380672 -1.4554890572241264 0
1.3253305985207855 -1.3686767936024133 0
1.3778370025898776 -1.2793487891136994 0
1.4245082995896285 -1.1878753568325082 0
1.465252081209759 -1.0946324218680321 0
1.4999999999999998 -1.0000000000000004 0
1.5714285714285714 0.9999999999999998 0
1.5365368438148934 1.0991627018435008 0
1.4953622147918282 1.1969176749449189 0
1.4479747666800706 1.2928667351394436 0
1.3944697914776678 1.3866159355439196 0
1.3349675033338497 1.4777771604883028 0
1.2696126503791325 1.5659696990146497 0
1.1985740273781498 1.6508217915969625 0
1.1220438910714403 1.7319721438399498 0
1.0402372804647122 1.8090714010447222 0
0.9533912447074624 1.8817835776839515 0
0.8617639815755826 1.949787436007613 0
0.7656338899333546 2.0127778082022485 0
0.6652985398974511 2.0704668567510502 0
0.5610735647579348 2.1225852678879535 0
0.45329147902732975 2.1688833733054507 0
0.34230042728746424 2.209132195561879 0
0.22846286878366762 2.24312441293832 0
0.11215420297593781 2.270675239816853 0
-0.006238658504114425 2.291623218989286 0
-0.12631876782449336 2.3058309226574605 0
-0.2476806589915056 2.31318555925121 0
-0.3699119019242203 2.3135994835667337 0
-0.4925946863861309 2.3070106081148687 0
-0.6153074294733731 2.2933827139640828 0
-0.7376264002621333 2.272705659765268 0
-0.8591273551467721 2.2449954880530414 0
-0.9793871773551344 2.2102944283296084 0
-1.0979855141084855 2.1686707968506034 0
-1.2145064049008876 2.120218793446147 0
-1.3285398944062838 2.0650581961228207 0
-1.4396836235811157 2.003333954601881 0
-1.5475443926157302 1.9352156843540311 0
-1.6517396894987249 1.860897063089832 0
-1.7518991780943265 1.780595132055895 0
-1.8476661397933842 1.6945495048685097 0
-1.9386988629828237 1.603021486987149 0
-2.0246719747859436 1.5062931092884848 0
-2.105277709755578 1.4046660795460446 0
-2.180227110453334 1.298460655949802 0
-2.2492511551195244 1.18801444711263 0
-2.312101807929192 1.073681143305388 0
-2.368552987638421 0.9558291839382155 0
-2.4184014507508884 0.8348403665612971 0
-2.461467585675779 0.711108402892981 0
-2.4975961147037147 0.5850374275955321 0
-2.5266567009954652 0.45704046570843265 0
-2.5485444581577053 0.3275378648149109 0
-2.5631803603692838 0.19695569815888628 0
-2.5705115514188805 0.06572414504605736 0
-2.5705115514188805 -0.0657241450460582 0
-2.5631803603692838 -0.19695569815888708 0
-2.5485444581577053 -0.3275378648149099 0
-2.5266567009954657 -0.4570404657084317 0
-2.4975961147037147 -0.5850374275955309 0
-2.461467585675779 -0.7111084028929799 0
-2.4184014507508884 -0.8348403665612979 0
-2.368552987638422 -0.9558291839382145 0
-2.3121018079291913 -1.0736811433053886 0
-2.2492511551195253 -1.1880144471126295 0
-2.180227110453335 -1.2984606559498013 0
-2.105277709755579 -1.404666079546044 0
-2.0246719747859445 -1.506293109288484 0
-1.9386988629828243 -1.6030214869871484 0
-1.8476661397933842 -1.6945495048685104 0
-1.7518991780943276 -1.7805951320558946 0
-1.651739689498724 -1.8608970630898325 0
-1.5475443926157308 -1.9352156843540302 0
-1.4396836235811166 -2.003333954601881 0
-1.3285398944062847 -2.06505819612282 0
-1.214506404900887 -2.1202187934461474 0
-1.097985514108485 -2.1686707968506034 0
-0.9793871773551356 -2.210294428329608 0
-0.8591273551467733 -2.244995488053041 0
-0.7376264002621321 -2.272705659765268 0
-0.6153074294733744 -2.2933827139640828 0
-0.492594686386132 -2.3070106081148682 0
-0.36991190192422096 -2.3135994835667333 0
-0.2476806589915067 -2.3131855592512105 0
-0.12631876782449292 -2.3058309226574605 0
-0.0062386585041170894 -2.2916232189892867 0
0.11215420297593837 -2.2706752398168533 0
0.22846286878366673 -2.24312441293832 0
0.34230042728746335 -2.209132195561879 0
0.45329147902732886 -2.168883373305451 0
0.561073564757934 -2.122585267887954 0
0.6652985398974527 -2.07046685675105 0
0.7656338899333524 -2.01277780820225 0
0.861763981575583 -1.9497874360076128 0
0.9533912447074624 -1.8817835776839515 0
1.040237280464712 -1.8090714010447224 0
1.1220438910714396 -1.7319721438399502 0
1.198574027378149 -1.6508217915969632 0
1.2696126503791336 -1.5659696990146486 0
1.334967503333849 -1.477777160488304 0
1.394469791477668 -1.386615935543919 0
1.447974766680071 -1.292866735139443 0
1.4953622147918282 -1.1969176749449189 0
1.5365368438148934 -1.099162701843501 0
1.5714285714285712 -1.0000000000000007 0
1.6428571428571428 0.9999999999999998 0
1.607821606420028 1.1036929818189698 0
1.5662161299940278 1.2059599930573295 0
1.5181125307702639 1.3063846811651871 0
1.4636089844345503 1.4045550774854252 0
1.4028297260296316 1.5000652637524805 0
1.3359246455945664 1.5925170172761018 0
1.2630687801129084 1.6815214281747606 0
1.184461703719282 1.7667004821328405 0
1.1003268185240822 1.8476886022915506 0
1.0109105488168237 1.9241341440449973 0
0.9164814417983669 1.9957008366995088 0
0.817329178369431 2.0620691661652564 0
0.7137634978658176 2.122937693083731 0
0.6061130409782577 2.1780243010516505 0
0.49472411542527245 2.2270673698804746 0
0.379959389259643 2.269826869129701 0
0.2621965169817164 2.30608536747029 0
0.1418267039046439 2.335648953770747 0
0.01925321446673356 2.358348066151079 0
-0.10511016958675945 2.3740382256177512 0
-0.23084073502654656 2.38260067127432 0
-0.35750846066229675 2.383942894496177 0
-0.48467767210748725 2.377999069862101 0
-0.6119087212002486 2.3647303810485836 0
-0.7387596833931911 2.344125240313402 0
-0.8647880663508284 2.3161994006210374 0
-0.9895525229460832 2.2809959598925316 0
-1.112614561827428 2.238585257294516 0
-1.2335402487358902 2.1890646619147143 0
-1.3519018917860999 2.1325582546024395 0
-1.4672797039877676 2.06921640418078 0
-1.5792634363732854 1.999215239660555 0
-1.6874539752130104 1.9227560205030063 0
-1.7914648969419056 1.84006440738695 0
-1.8909239745889317 1.7513896363349977 0
-1.9854746296932013 1.6570035994410246 0
-2.0747773239078238 1.5571998358155463 0
-2.1585108847324177 1.45229243672578 0
-2.236373760077819 1.3426148692512736 0
-2.308085196650227 1.228518723102828 0
-2.373386337445976 1.1103723855606313 0
-2.4320412339709154 0.9885596497758877 0
-2.4838377691388933 0.8634782619474839 0
-2.5285884871604867 0.7355384131305288 0
-2.5661313271047503 0.6051611816556342 0
-2.5963302572015654 0.47277693233604273 0
-2.6190758073488762 0.33882367881300735 0
-2.6342854976959327 0.20374541553775644 0
-2.6419041615891077 0.06799042601020505 0
-2.6419041615891077 -0.06799042601020591 0
-2.6342854976959327 -0.2037454155377573 0
-2.6190758073488762 -0.3388236788130063 0
-2.5963302572015663 -0.47277693233604173 0
-2.5661313271047503 -0.605161181655633 0
-2.5285884871604867 -0.7355384131305276 0
-2.4838377691388933 -0.8634782619474846 0
-2.4320412339709163 -0.9885596497758866 0
-2.373386337445975 -1.110372385560632 0
-2.308085196650228 -1.2285187231028272 0
-2.2363737600778197 -1.3426148692512732 0
-2.158510884732418 -1.452292436725779 0
-2.0747773239078247 -1.5571998358155454 0
-1.985474629693202 -1.657003599441024 0
-1.8909239745889317 -1.7513896363349986 0
-1.791464896941907 -1.8400644073869497 0
-1.6874539752130095 -1.9227560205030065 0
-1.5792634363732863 -1.9992152396605545 0
-1.4672797039877685 -2.0692164041807795 0
-1.3519018917861008 -2.132558254602439 0
-1.2335402487358893 -2.1890646619147143 0
-1.1126145618274275 -2.238585257294516 0
-0.9895525229460845 -2.2809959598925316 0
-0.8647880663508297 -2.316199400621037 0
-0.7387596833931899 -2.3441252403134016 0
-0.6119087212002499 -2.3647303810485836 0
-0.48467767210748836 -2.3779990698621005 0
-0.3575084606622974 -2.383942894496177 0
-0.23084073502654767 -2.3826006712743206 0
-0.10511016958675895 -2.3740382256177517 0
0.019253214466730784 -2.3583480661510796 0
0.14182670390464458 -2.335648953770747 0
0.2621965169817154 -2.30608536747029 0
0.379959389259642 -2.2698268691297017 0
0.49472411542527156 -2.227067369880475 0
0.606113040978257 -2.178024301051651 0
0.7137634978658192 -2.1229376930837307 0
0.8173291783694288 -2.0620691661652577 0
0.916481441798367 -1.9957008366995084 0
1.0109105488168237 -1.9241341440449973 0
1.100326818524082 -1.8476886022915509 0
1.1844617037192815 -1.766700482132841 0
1.2630687801129077 -1.681521428174761 0
1.3359246455945673 -1.5925170172761005 0
1.4028297260296307 -1.5000652637524818 0
1.4636089844345506 -1.4045550774854245 0
1.5181125307702643 -1.3063846811651865 0
1.5662161299940278 -1.2059599930573295 0
1.607821606420028 -1.1036929818189698 0
1.6428571428571426 -1.0000000000000007 0
1.7142857142857142 0.9999999999999998 0
1.6791063690251626 1.1082232617944388 0
1.6370700451962275 1.2150023111697401 0
1.5882502948604573 1.3199026271909307 0
1.5327481773914329 1.4224942194269308 0
1.4706919487254133 1.5223533670166582 0
1.40223664081 1.6190643355375536 0
1.327563532847667 1.7122210647525584 0
1.2468795163671238 1.801428820425731 0
1.1604163565834522 1.886305803538379 0
1.068429852926185 1.9664847104060432 0
0.9711989020211509 2.0416142373914044 0
0.8690244668055074 2.1113605241282642 0
0.7622284558341843 2.175408529416412 0
0.6511525171985807 2.2334633342153474 0
0.5361567518232151 2.2852513664554985 0
0.4176183512318218 2.3305215426975234 0
0.2959301651797652 2.36904632200226 0
0.17149920483335013 2.400622667724641 0
0.04474508743758154 2.4250729133128726 0
-0.08390157134902554 2.4422455285780424 0
-0.21400081106158747 2.4520157832974303 0
-0.34510501940037314 2.4542863054256205 0
-0.4767606578288436 2.4489875316093332 0
-0.6085100129271241 2.436078048133084 0
-0.7398929665242489 2.4155448208615358 0
-0.8704487775548847 2.387403313189033 0
-0.9997178685370322 2.3516974914554556 0
-1.12724360954637 2.3084997177384285 0
-1.2525740925708928 2.257910530383281 0
-1.3752638891659155 2.200058313082059 0
-1.4948757843944196 2.1350988537596782 0
-1.6109824801308408 2.063214794967079 0
-1.723168260927296 1.9846149779161804 0
-1.831030615789485 1.8995336827180052 0
-1.9341818093844794 1.8082297678014856 0
-2.0322503964035787 1.7109857118949003 0
-2.124882673029704 1.6081065623426078 0
-2.2117440597092575 1.499918793905515 0
-2.2925204097023038 1.3867690825527454 0
-2.3669192381809294 1.269022999093026 0
-2.4346708669627604 1.1470636278158748 0
-2.49552948030341 1.0212901156135599 0
-2.549274087526898 0.8921161573336704 0
-2.595709388645194 0.7599684233680766 0
-2.634666539505786 0.6252849357157363 0
-2.666003813407666 0.48851339896365276 0
-2.6896071565400472 0.35010949281110376 0
-2.7053906350225816 0.21053513291662662 0
-2.7132967717593353 0.07025670697435275 0
-2.7132967717593353 -0.07025670697435366 0
-2.7053906350225816 -0.2105351329166275 0
-2.6896071565400472 -0.3501094928111027 0
-2.6660038134076665 -0.48851339896365176 0
-2.634666539505786 -0.6252849357157351 0
-2.5957093886451945 -0.7599684233680752 0
-2.549274087526898 -0.8921161573336713 0
-2.4955294803034107 -1.0212901156135588 0
-2.4346708669627595 -1.1470636278158755 0
-2.36691923818093 -1.2690229990930253 0
-2.2925204097023046 -1.3867690825527448 0
-2.2117440597092575 -1.499918793905514 0
-2.124882673029705 -1.6081065623426074 0
-2.0322503964035796 -1.7109857118948995 0
-1.9341818093844791 -1.8082297678014863 0
-1.8310306157894862 -1.8995336827180047 0
-1.7231682609272954 -1.984614977916181 0
-1.6109824801308417 -2.0632147949670783 0
-1.4948757843944205 -2.1350988537596782 0
-1.3752638891659164 -2.2000583130820583 0
-1.252574092570892 -2.2579105303832816 0
-1.1272436095463696 -2.308499717738429 0
-0.9997178685370335 -2.3516974914554556 0
-0.870448777554886 -2.387403313189033 0
-0.7398929665242475 -2.4155448208615358 0
-0.6085100129271255 -2.436078048133084 0
-0.4767606578288448 -2.4489875316093332 0
-0.3451050194003738 -2.4542863054256205 0
-0.21400081106158864 -2.4520157832974303 0
-0.08390157134902498 -2.4422455285780424 0
0.04474508743757866 -2.425072913312873 0
0.17149920483335068 -2.400622667724641 0
0.2959301651797642 -2.3690463220022604 0
0.4176183512318208 -2.330521542697524 0
0.5361567518232142 -2.2852513664554994 0
0.65115251719858 -2.233463334215348 0
0.7622284558341859 -2.1754085294164116 0
0.8690244668055052 -2.1113605241282656 0
0.9711989020211512 -2.0416142373914044 0
1.068429852926185 -1.9664847104060432 0
1.160416356583452 -1.886305803538379 0
1.2468795163671231 -1.8014288204257314 0
1.3275635328476663 -1.7122210647525593 0
1.402236640810001 -1.6190643355375522 0
1.4706919487254126 -1.5223533670166596 0
1.532748177391433 -1.42249421942693 0
1.5882502948604578 -1.3199026271909302 0
1.6370700451962275 -1.2150023111697401 0
1.6791063690251626 -1.1082232617944388 0
1.714285714285714 -1.0000000000000007 0
1.7857142857142856 0.9999999999999998 0
1.7503911316302971 1.1127535417699077 0
1.707923960398427 1.2240446292821507 0
1.6583880589506506 1.3334205732166744 0
1.6018873703483156 1.4404333613684366 0
1.5385541714211952 1.5446414702808358 0
1.4685486360254338 1.6456116537990058 0
1.3920582855824255 1.7429207013303563 0
1.3092973290149654 1.8361571587186216 0
1.2205058946428222 1.9249230047852075 0
1.1259491570355464 2.0088352767670887 0
1.0259163622439351 2.0875276380833 0
0.9207197552415838 2.160651882091272 0
0.8106934138025508 2.227879365749093 0
0.6961919934189037 2.2889023673790443 0
0.5775893882211578 2.3434353630305225 0
0.45527731320400056 2.391216216265346 0
0.3296638133778139 2.43200727653423 0
0.20117170576205623 2.465596381678535 0
0.07023696040842953 2.4917977604746655 0
-0.06269297311129152 2.510452831538333 0
-0.19716088709662843 2.5214308953205404 0
-0.3327015781384496 2.5246297163550637 0
-0.4688436435501999 2.5199759933565655 0
-0.6051113046539996 2.5074257152175843 0
-0.7410262496553065 2.48696440140967 0
-0.876109488758941 2.458607225757029 0
-1.009883214127981 2.4223990230183796 0
-1.1418726572653122 2.3784141781823416 0
-1.2716079364058952 2.326756398851849 0
-1.3986258865457315 2.2675583715616776 0
-1.5224718648010718 2.200981303338577 0
-1.642701523888396 2.127214350273603 0
-1.758882546641582 2.0464739353293546 0
-1.8705963346370642 1.9590029580490602 0
-1.977439644180027 1.8650698992679737 0
-2.079026163113956 1.7649678243487759 0
-2.174988022151584 1.6590132888696698 0
-2.264977234686097 1.54754515108525 0
-2.3486670593267887 1.4309232958542173 0
-2.4257532797116315 1.3095272750832239 0
-2.4959553964795442 1.183754870071118 0
-2.5590177266359047 1.054020581451232 0
-2.614710405914903 0.920754052719857 0
-2.662830290129902 0.7843984336056243 0
-2.703201751906821 0.6454086897758384 0
-2.735677369613766 0.5042498655912628 0
-2.760138505731218 0.36139530680920023 0
-2.7764957723492305 0.2173248502954968 0
-2.784689381929563 0.07252298793850045 0
-2.784689381929563 -0.07252298793850137 0
-2.7764957723492305 -0.21732485029549772 0
-2.760138505731218 -0.3613953068091991 0
-2.735677369613767 -0.5042498655912618 0
-2.703201751906821 -0.6454086897758372 0
-2.662830290129902 -0.7843984336056231 0
-2.614710405914903 -0.920754052719858 0
-2.559017726635905 -1.054020581451231 0
-2.4959553964795433 -1.1837548700711187 0
-2.4257532797116323 -1.309527275083223 0
-2.348667059326789 -1.4309232958542166 0
-2.2649772346860972 -1.5475451510852491 0
-2.174988022151585 -1.659013288869669 0
-2.0790261631139573 -1.764967824348775 0
-1.977439644180027 -1.8650698992679744 0
-1.8705963346370655 -1.9590029580490598 0
-1.758882546641581 -2.046473935329355 0
-1.6427015238883969 -2.1272143502736025 0
-1.5224718648010727 -2.200981303338577 0
-1.3986258865457324 -2.2675583715616776 0
-1.2716079364058943 -2.326756398851849 0
-1.1418726572653117 -2.3784141781823416 0
-1.0098832141279825 -2.422399023018379 0
-0.8761094887589425 -2.458607225757029 0
-0.7410262496553053 -2.4869644014096695 0
-0.6051113046540011 -2.5074257152175843 0
-0.46884364355020114 -2.5199759933565655 0
-0.33270157813845025 -2.5246297163550637 0
-0.19716088709662966 -2.5214308953205404 0
-0.06269297311129107 -2.510452831538333 0
0.07023696040842664 -2.4917977604746664 0
0.2011717057620569 -2.4655963816785356 0
0.3296638133778129 -2.4320072765342307 0
0.45527731320399945 -2.3912162162653465 0
0.5775893882211569 -2.3434353630305234 0
0.696191993418903 -2.2889023673790447 0
0.8106934138025523 -2.2278793657490925 0
0.9207197552415816 -2.160651882091274 0
1.0259163622439353 -2.0875276380832997 0
1.1259491570355464 -2.0088352767670887 0
1.2205058946428222 -1.9249230047852075 0
1.309297329014965 -1.8361571587186223 0
1.392058285582425 -1.7429207013303571 0
1.4685486360254347 -1.6456116537990042 0
1.5385541714211943 -1.5446414702808373 0
1.6018873703483159 -1.4404333613684357 0
1.658388058950651 -1.3334205732166737 0
1.707923960398427 -1.2240446292821507 0
1.7503911316302971 -1.1127535417699077 0
1.7857142857142854 -1.0000000000000007 0
1.857142857142857 0.9999999999999998 0
1.8216758942354316 1.1172838217453764 0
1.7787778756006267 1.2330869473945614 0
1.7285258230408438 1.346938519242418 0
1.6710265633051982 1.4583725033099422 0
1.606416394116977 1.5669295735450133 0
1.5348606312408675 1.6721589720604575 0
1.4565530383171843 1.7736203379081543 0
1.3717151416628073 1.8708854970115123 0
1.2805954327021924 1.963540206032036 0
1.1834684611449076 2.0511858431281347 0
1.0806338224667191 2.133441038775196 0
0.9724150436776602 2.2099432400542804 0
0.8591583717709175 2.280350202081774 0
0.7412314696392267 2.344341400542741 0
0.6190220246191005 2.4016193596055464 0
0.4929362751761792 2.4519108898331683 0
0.3633974615758627 2.4949682310662005 0
0.23084420669076233 2.5305700956324295 0
0.09572883337927751 2.5585226076364593 0
-0.041484374873557606 2.578660134498624 0
-0.18032096313166934 2.59084600734365 0
-0.320298136876526 2.5949731272845074 0
-0.46092662927155625 2.590964455103798 0
-0.6017125963808752 2.578773382302085 0
-0.7421595327863643 2.5583839819578036 0
-0.8817701999629973 2.529811138325025 0
-1.02004855971893 2.493100554581303 0
-1.1565017049842545 2.448328638626254 0
-1.2906417802408978 2.395602267320416 0
-1.421987883925547 2.335058430041297 0
-1.5500679452077237 2.2668637529174758 0
-1.6744205676459512 2.1912139055801267 0
-1.7945968323558676 2.1083328927425287 0
-1.9101620534846435 2.0184722333801153 0
-2.020697478975575 1.9219100307344616 0
-2.125801929824334 1.8189499368026514 0
-2.225093371273464 1.7099200153967313 0
-2.3182104096629366 1.595171508264985 0
-2.404813708951273 1.4750775091556891 0
-2.4845873212423335 1.3500315510734218 0
-2.557239925996328 1.2204461123263615 0
-2.622505972968399 1.0867510472889041 0
-2.680146724302908 0.9493919481060438 0
-2.7299511916146098 0.8088284438431721 0
-2.771736964307857 0.6655324438359406 0
-2.805350925819867 0.5199863322188729 0
-2.830669854922389 0.3726811208072967 0
-2.847600909675879 0.224114567674367 0
-2.8560819920997904 0.07478926890264814 0
-2.8560819920997904 -0.0747892689026491 0
-2.847600909675879 -0.22411456767436794 0
-2.830669854922389 -0.37268112080729554 0
-2.8053509258198677 -0.5199863322188718 0
-2.771736964307857 -0.6655324438359392 0
-2.7299511916146098 -0.8088284438431708 0
-2.680146724302908 -0.9493919481060447 0
-2.6225059729684 -1.086751047288903 0
-2.5572399259963277 -1.220446112326362 0
-2.484587321242335 -1.3500315510734209 0
-2.404813708951274 -1.4750775091556885 0
-2.318210409662937 -1.5951715082649842 0
-2.2250933712734646 -1.7099200153967304 0
-2.1258019298243345 -1.8189499368026505 0
-2.0206974789755745 -1.9219100307344625 0
-1.9101620534846449 -2.018472233380115 0
-1.7945968323558668 -2.108332892742529 0
-1.674420567645952 -2.1912139055801263 0
-1.5500679452077248 -2.2668637529174753 0
-1.4219878839255482 -2.3350584300412964 0
-1.2906417802408967 -2.3956022673204163 0
-1.1565017049842539 -2.448328638626254 0
-1.0200485597189315 -2.4931005545813028 0
-0.8817701999629988 -2.529811138325025 0
-0.7421595327863629 -2.5583839819578036 0
-0.6017125963808766 -2.578773382302085 0
-0.46092662927155753 -2.590964455103798 0
-0.3202981368765267 -2.594973127284507 0
-0.18032096313167062 -2.5908460073436506 0
-0.04148437487355705 -2.578660134498624 0
0.09572883337927451 -2.55852260763646 0
0.230844206690763 -2.5305700956324295 0
0.3633974615758617 -2.4949682310662005 0
0.4929362751761782 -2.4519108898331687 0
0.6190220246190996 -2.4016193596055473 0
0.741231469639226 -2.3443414005427416 0
0.859158371770919 -2.280350202081773 0
0.972415043677658 -2.2099432400542818 0
1.0806338224667194 -2.133441038775195 0
1.1834684611449076 -2.0511858431281347 0
1.2805954327021922 -1.963540206032036 0
1.3717151416628066 -1.8708854970115127 0
1.4565530383171836 -1.773620337908155 0
1.5348606312408686 -1.6721589720604562 0
1.606416394116976 -1.566929573545015 0
1.6710265633051984 -1.4583725033099415 0
1.7285258230408442 -1.3469385192424173 0
1.7787778756006267 -1.2330869473945614 0
1.8216758942354316 -1.1172838217453767 0
1.8571428571428568 -1.0000000000000007 0
1.9285714285714284 0.9999999999999998 0
1.8929606568405664 1.1218141017208454 0
1.8496317908028264 1.242129265506972 0
1.7986635871310372 1.3604564652681614 0
1.7401657562620807 1.4763116452514478 0
1.6742786168127588 1.589217676809191 0
1.6011726264563013 1.6987062903219095 0
1.5210477910519429 1.8043199744859524 0
1.4341329543106491 1.9056138353044028 0
1.3406849707615625 2.0021574072788644 0
1.240987765254269 2.09353640948918 0
1.1353512826895034 2.179354439467091 0
1.0241103321137366 2.2592345980172883 0
0.907623329739284 2.3328210384144548 0
0.7862709458595497 2.399780433706438 0
0.6604546610170432 2.4598033561805703 0
0.5305952371483581 2.5126055634009905 0
0.39713110977391153 2.5579291855981703 0
0.26051670761946855 2.5955438095863235 0
0.1212207063501255 2.6252474547982523 0
-0.020275776635823695 2.646867437458915 0
-0.1634810391667103 2.6602611193667602 0
-0.30789469561460237 2.6653165382139505 0
-0.4530096149929126 2.66195291685103 0
-0.5983138881077507 2.6501210493865854 0
-0.743292815917422 2.6298035625059377 0
-0.8874309111670536 2.6010150508930208 0
-1.0302139053098789 2.5638020861442268 0
-1.1711307527031967 2.5182430990701667 0
-1.3096756240759002 2.464448135788983 0
-1.4453498813053631 2.402558488520916 0
-1.577664025614376 2.3327462024963745 0
-1.7061396114035063 2.255213460886651 0
-1.8303111180701532 2.1701918501557027 0
-1.9497277723322228 2.07794150871117 0
-2.0639553137711224 1.9787501622009496 0
-2.1725776965347112 1.872932049256527 0
-2.2751987203953443 1.7608267419237928 0
-2.371443584639776 1.6427978654447202 0
-2.460960358575758 1.519231722457161 0
-2.543421362773036 1.3905358270636197 0
-2.6185244555131124 1.2571373545816047 0
-2.6859942193008934 1.1194815131265763 0
-2.745583042690913 0.9780298434922303 0
-2.7970720930993176 0.8332584540807197 0
-2.8402721767088925 0.6856561978960427 0
-2.8750244820259674 0.5357227988464829 0
-2.90120120411356 0.3839669348053932 0
-2.918706047002528 0.23090428505323715 0
-2.9274746022700175 0.07705554986679586 0
-2.9274746022700175 -0.07705554986679683 0
-2.918706047002528 -0.23090428505323812 0
-2.90120120411356 -0.38396693480539196 0
-2.8750244820259683 -0.5357227988464819 0
-2.8402721767088925 -0.6856561978960414 0
-2.7970720930993176 -0.8332584540807184 0
-2.745583042690913 -0.9780298434922313 0
-2.6859942193008948 -1.1194815131265752 0
-2.6185244555131115 -1.2571373545816051 0
-2.543421362773037 -1.3905358270636188 0
-2.460960358575759 -1.5192317224571603 0
-2.371443584639777 -1.6427978654447193 0
-2.2751987203953448 -1.760826741923792 0
-2.172577696534712 -1.872932049256526 0
-2.0639553137711224 -1.9787501622009502 0
-1.9497277723322242 -2.0779415087111697 0
-1.8303111180701523 -2.1701918501557036 0
-1.7061396114035072 -2.25521346088665 0
-1.5776640256143768 -2.332746202496374 0
-1.445349881305364 -2.4025584885209157 0
-1.3096756240758993 -2.4644481357889836 0
-1.171130752703196 -2.518243099070167 0
-1.0302139053098804 -2.5638020861442268 0
-0.8874309111670551 -2.6010150508930208 0
-0.7432928159174207 -2.6298035625059373 0
-0.5983138881077522 -2.6501210493865854 0
-0.4530096149929139 -2.66195291685103 0
-0.30789469561460314 -2.6653165382139505 0
-0.16348103916671158 -2.6602611193667607 0
-0.02027577663582314 -2.646867437458915 0
0.12122070635012239 -2.625247454798253 0
0.2605167076194692 -2.5955438095863235 0
0.3971311097739104 -2.5579291855981707 0
0.530595237148357 -2.5126055634009914 0
0.6604546610170423 -2.459803356180571 0
0.7862709458595488 -2.3997804337064386 0
0.9076233297392857 -2.332821038414454 0
1.0241103321137341 -2.25923459801729 0
1.1353512826895038 -2.179354439467091 0
1.240987765254269 -2.09353640948918 0
1.3406849707615622 -2.0021574072788644 0
1.4341329543106485 -1.9056138353044034 0
1.5210477910519422 -1.8043199744859533 0
1.6011726264563022 -1.698706290321908 0
1.674278616812758 -1.5892176768091928 0
1.740165756262081 -1.476311645251447 0
1.7986635871310377 -1.3604564652681608 0
1.8496317908028264 -1.242129265506972 0
1.8929606568405664 -1.1218141017208454 0
1.9285714285714282 -1.0000000000000007 0
2.0 0.9999999999999998 0
1.964245419445701 1.1263443816963143 0
1.9204857060050262 1.2511715836193826 0
1.8688013512212307 1.3739744112939052 0
1.8093049492189635 1.4942507871929536 0
1.7421408395085407 1.6115057800733688 0
1.6674846216717352 1.7252536085833614 0
1.5855425437867017 1.8350196110637502 0
1.496550766958491 1.9403421735972937 0
1.4007745088209327 2.040774608525693 0
1.2985070693636305 2.135886975850226 0
1.1900687429122876 2.2252678401589874 0
1.0758056205498132 2.308525955980296 0
0.9560882877076506 2.385291874747136 0
0.8313104220798729 2.455219466870135 0
0.7018872974149861 2.5179873527555947 0
0.5682541991205369 2.573300236968813 0
0.43086475797196044 2.6208901401301405 0
0.29018920854817476 2.660517523540218 0
0.1467125793209736 2.691972301960046 0
0.0009328216019103275 2.7150747404192064 0
-0.14664111520175116 2.729676231389871 0
-0.29549125435267876 2.735659949143394 0
-0.4450926007142689 2.7329413785982632 0
-0.5949151798346262 2.7214687164710862 0
-0.7444260990484798 2.701223143054072 0
-0.89309162237111 2.6722189634610167 0
-1.0403792509008278 2.634503617707151 0
-1.1857598004221388 2.5881575595140798 0
-1.3287094679109028 2.5332940042575505 0
-1.468711878685179 2.4700585470005354 0
-1.6052601060210279 2.3986286520752733 0
-1.7378586551610617 2.319213016193175 0
-1.8660254037844393 2.232050807568877 0
-1.9892934911798021 2.1374107840422254 0
-2.10721314856667 2.0355902936674375 0
-2.219353463245089 1.9269141617104026 0
-2.3253040695172245 1.8117334684508548 0
-2.4246767596166157 1.6904242226244555 0
-2.517107008200243 1.5633859357586328 0
-2.6022554043037385 1.4310401030538178 0
-2.6798089850298967 1.2938285968368481 0
-2.7494824656333883 1.1522119789642487 0
-2.8110193610789183 1.006667738878417 0
-2.8641929945840254 0.8576884643182676 0
-2.908807389109928 0.7057799519561448 0
-2.944698038232068 0.5514592654740931 0
-2.971732553304731 0.39525274880348965 0
-2.9898111843291773 0.23769400243210737 0
-2.9988672124402456 0.07932183083094355 0
-2.9988672124402456 -0.07932183083094456 0
-2.9898111843291773 -0.23769400243210836 0
-2.971732553304731 -0.39525274880348843 0
-2.944698038232069 -0.551459265474092 0
-2.908807389109928 -0.7057799519561435 0
-2.8641929945840254 -0.8576884643182663 0
-2.8110193610789183 -1.0066677388784182 0
-2.749482465633389 -1.1522119789642475 0
-2.679808985029896 -1.2938285968368488 0
-2.6022554043037394 -1.431040103053817 0
-2.517107008200244 -1.5633859357586322 0
-2.4246767596166166 -1.6904242226244546 0
-2.3253040695172253 -1.811733468450854 0
-2.2193534632450898 -1.9269141617104018 0
-2.10721314856667 -2.0355902936674384 0
-1.9892934911798037 -2.137410784042225 0
-1.8660254037844382 -2.2320508075688776 0
-1.7378586551610629 -2.3192130161931743 0
-1.6052601060210288 -2.398628652075273 0
-1.46871187868518 -2.470058547000535 0
-1.328709467910902 -2.533294004257551 0
-1.1857598004221384 -2.58815755951408 0
-1.0403792509008294 -2.634503617707151 0
-0.8930916223711115 -2.6722189634610167 0
-0.7444260990484783 -2.7012231430540714 0
-0.5949151798346277 -2.7214687164710862 0
-0.44509260071427026 -2.732941378598263 0
-0.29549125435267953 -2.735659949143394 0
-0.1466411152017525 -2.7296762313898713 0
0.0009328216019108826 -2.7150747404192064 0
0.14671257932097037 -2.6919723019600466 0
0.2901892085481754 -2.660517523540218 0
0.43086475797195933 -2.620890140130141 0
0.5682541991205358 -2.573300236968814 0
0.701887297414985 -2.517987352755595 0
0.831310422079872 -2.455219466870136 0
0.9560882877076524 -2.385291874747135 0
1.0758056205498108 -2.308525955980298 0
1.1900687429122878 -2.2252678401589865 0
1.2985070693636305 -2.135886975850226 0
1.4007745088209325 -2.040774608525693 0
1.4965507669584903 -1.940342173597294 0
1.585542543786701 -1.835019611063751 0
1.6674846216717363 -1.72525360858336 0
1.7421408395085398 -1.6115057800733705 0
1.8093049492189637 -1.4942507871929527 0
1.8688013512212311 -1.3739744112939043 0
1.9204857060050262 -1.2511715836193829 0
1.964245419445701 -1.1263443816963143 0
1.9999999999999998 -1.0000000000000007 0
2.071428571428571 0.9999999999999998 0
2.0355301820508354 1.1308746616717833 0
1.9913396212072256 1.2602139017317933 0
1.9389391153114237 1.3874923573196487 0
1.8784441421758458 1.512189929134459 0
1.8100030622043222 1.6337938833375465 0
1.7337966168871688 1.7518009268448134 0
1.65003729652146 1.865719247641548 0
1.5589685796063326 1.9750705118901841 0
1.4608640468803025 2.079391809772521 0
1.3560263734729916 2.1782375422112716 0
1.2447862031350716 2.2711812408508827 0
1.1275009089858894 2.357817313943304 0
1.0045532456760171 2.4377627110798166 0
0.8763498983001957 2.510658500033832 0
0.7433199338129286 2.576171349330618 0
0.6059131610927154 2.633994910536636 0
0.46459840617000914 2.6838510946621104 0
0.31986170947688086 2.725491237494112 0
0.17220445229182146 2.758697149121839 0
0.02214141983964424 2.783282043379497 0
-0.12980119123679212 2.7990913434129805 0
-0.2830878130907552 2.8060033600728373 0
-0.43717558643562526 2.8039298403454955 0
-0.5915164715615017 2.7928163835555866 0
-0.7455593821795375 2.7726427236022055 0
-0.8987523335751663 2.7434228760290127 0
-1.0505445964917768 2.7052051492700744 0
-1.2003888481410812 2.6580720199579924 0
-1.3477433117459054 2.602139872726118 0
-1.4920738760649948 2.5375586054801547 0
-1.6328561864276798 2.464511101654172 0
-1.769577698918617 2.383212571499699 0
-1.9017396894987249 2.2939097649820512 0
-2.0288592100273815 2.1968800593732802 0
-2.1504709833622178 2.092430425133925 0
-2.2661292299554665 1.980896274164278 0
-2.375409418639104 1.8626401949779163 0
-2.477909934593455 1.7380505798041903 0
-2.573253657824728 1.6075401490601045 0
-2.6610894458344405 1.4715443790440157 0
-2.7410935145466806 1.3305198390920914 0
-2.8129707119658827 1.1849424448019206 0
-2.8764556794669227 1.0353056342646036 0
-2.931313896068733 0.8821184745558153 0
-2.9773426015109634 0.7259037060162469 0
-3.014371594438168 0.567195732101703 0
-3.042263902495902 0.40653856280158607 0
-3.0609163216558257 0.24448371981097752 0
-3.0702598226104727 0.08158811179509123 0
-3.0702598226104727 -0.08158811179509227 0
-3.0609163216558257 -0.24448371981097855 0
-3.042263902495902 -0.4065385628015848 0
-3.014371594438169 -0.5671957321017019 0
-2.9773426015109634 -0.7259037060162455 0
-2.9313138960687333 -0.8821184745558139 0
-2.8764556794669227 -1.0353056342646048 0
-2.8129707119658836 -1.1849424448019195 0
-2.7410935145466797 -1.330519839092092 0
-2.6610894458344414 -1.4715443790440146 0
-2.5732536578247287 -1.6075401490601038 0
-2.477909934593456 -1.7380505798041894 0
-2.375409418639105 -1.8626401949779154 0
-2.2661292299554674 -1.980896274164277 0
-2.1504709833622173 -2.0924304251339265 0
-2.028859210027383 -2.19688005937328 0
-1.9017396894987237 -2.2939097649820517 0
-1.769577698918618 -2.383212571499698 0
-1.6328561864276807 -2.464511101654171 0
-1.4920738760649956 -2.5375586054801538 0
-1.3477433117459041 -2.6021398727261182 0
-1.2003888481410805 -2.6580720199579924 0
-1.0505445964917783 -2.705205149270074 0
-0.8987523335751678 -2.7434228760290122 0
-0.745559382179536 -2.772642723602205 0
-0.5915164715615033 -2.7928163835555866 0
-0.43717558643562665 -2.803929840345495 0
-0.28308781309075604 -2.8060033600728373 0
-0.1298011912367935 -2.799091343412981 0
0.022141419839644794 -2.783282043379497 0
0.17220445229181824 -2.75869714912184 0
0.31986170947688153 -2.7254912374941123 0
0.464598406170008 -2.683851094662111 0
0.6059131610927143 -2.6339949105366363 0
0.7433199338129275 -2.576171349330619 0
0.8763498983001948 -2.5106585000338324 0
1.004553245676019 -2.4377627110798157 0
1.127500908985887 -2.357817313943306 0
1.2447862031350718 -2.2711812408508822 0
1.3560263734729916 -2.1782375422112716 0
1.4608640468803022 -2.0793918097725212 0
1.558968579606332 -1.9750705118901846 0
1.6500372965214594 -1.8657192476415492 0
1.73379661688717 -1.7518009268448118 0
1.8100030622043213 -1.633793883337548 0
1.878444142175846 -1.5121899291344583 0
1.9389391153114244 -1.387492357319648 0
1.9913396212072256 -1.2602139017317935 0
2.0355301820508354 -1.1308746616717833 0
2.071428571428571 -1.0000000000000007 0
2.142857142857143 0.9999999999999998 0
2.1068149446559703 1.135404941647252 0
2.0621935364094255 1.2692562198442041 0
2.0090768794016176 1.4010103033453922 0
1.9475833351327285 1.5301290710759647 0
1.877865284900104 1.656081986601724 0
1.8001086121026026 1.7783482451062653 0
1.7145320492562188 1.8964188842193463 0
1.6213863922541745 2.0097988501830746 0
1.5209535849396727 2.1180090110193497 0
1.4135456775823532 2.2205881085723176 0
1.2995036633578558 2.3170946415427784 0
1.179196197421966 2.4071086719063124 0
1.0530182036443838 2.490233547412498 0
0.921389374520519 2.566097533197529 0
0.7847525702108715 2.6343553459056426 0
0.6435721230648944 2.6946895841044585 0
0.49833205436805805 2.746812049194081 0
0.3495342104055871 2.790464951448006 0
0.19769632526266956 2.825421996283633 0
0.04335001807737826 2.8514893463397883 0
-0.11296126727183298 2.8685064554360906 0
-0.2706843718288316 2.876346771002281 0
-0.4292585721569816 2.874918302092728 0
-0.5881177632883772 2.8641640506400874 0
-0.7466926653105953 2.8440623041503397 0
-0.9044130447792226 2.8146267885970087 0
-1.0607099420827257 2.7759066808329984 0
-1.2150178958600233 2.7279864804019054 0
-1.3667771555809078 2.670985741194685 0
-1.5154358734448106 2.605058663959774 0
-1.6604522668343318 2.530393551233071 0
-1.8012967426761723 2.4472121268062232 0
-1.9374539752130104 2.3557687223952253 0
-2.0684249288749608 2.2563493347043355 0
-2.1937288181577657 2.1492705566004133 0
-2.3129049966658437 2.0348783866181535 0
-2.4255147677609847 1.9135469215049778 0
-2.5311431095702948 1.7856769369839256 0
-2.6294003074492127 1.6516943623615765 0
-2.719923487365143 1.5120486550342136 0
-2.802378044063465 1.3672110813473348 0
-2.876458958298377 1.217672910639593 0
-2.941891997854928 1.0639435296507904 0
-2.998434797553441 0.9065484847933631 0
-3.045877813911999 0.7460274600763491 0
-3.0840451506442688 0.5829321987293131 0
-3.112795251687073 0.41782437679968254 0
-3.132021458982475 0.25127343718984774 0
-3.1416524327807007 0.08385439275923895 0
-3.1416524327807007 -0.08385439275924002 0
-3.132021458982475 -0.2512734371898488 0
-3.112795251687073 -0.41782437679968126 0
-3.08404515064427 -0.582932198729312 0
-3.045877813911999 -0.7460274600763477 0
-2.998434797553441 -0.9065484847933616 0
-2.941891997854928 -1.0639435296507915 0
-2.876458958298378 -1.2176729106395918 0
-2.8023780440634636 -1.3672110813473353 0
-2.719923487365144 -1.5120486550342127 0
-2.6294003074492136 -1.6516943623615756 0
-2.5311431095702956 -1.7856769369839247 0
-2.4255147677609856 -1.913546921504977 0
-2.312904996665845 -2.0348783866181526 0
-2.193728818157765 -2.1492705566004147 0
-2.068424928874962 -2.256349334704335 0
-1.9374539752130095 -2.355768722395226 0
-1.8012967426761732 -2.4472121268062224 0
-1.660452266834333 -2.5303935512330704 0
-1.5154358734448117 -2.605058663959773 0
-1.3667771555809067 -2.6709857411946856 0
-1.2150178958600226 -2.7279864804019054 0
-1.0607099420827273 -2.775906680832998 0
-0.9044130447792242 -2.814626788597008 0
-0.7466926653105938 -2.8440623041503392 0
-0.5881177632883788 -2.8641640506400874 0
-0.42925857215698304 -2.874918302092728 0
-0.2706843718288324 -2.876346771002281 0
-0.11296126727183442 -2.868506455436091 0
0.043350018077378816 -2.8514893463397883 0
0.19769632526266623 -2.8254219962836333 0
0.34953421040558774 -2.7904649514480067 0
0.49833205436805694 -2.746812049194081 0
0.6435721230648931 -2.694689584104459 0
0.7847525702108704 -2.634355345905643 0
0.9213893745205181 -2.5660975331975298 0
1.0530182036443856 -2.490233547412497 0
1.1791961974219636 -2.407108671906314 0
1.2995036633578563 -2.317094641542778 0
1.4135456775823532 -2.2205881085723176 0
1.5209535849396725 -2.1180090110193497 0
1.6213863922541738 -2.0097988501830755 0
1.7145320492562182 -1.8964188842193472 0
1.8001086121026038 -1.7783482451062638 0
1.8778652849001032 -1.6560819866017258 0
1.9475833351327287 -1.5301290710759639 0
2.0090768794016176 -1.4010103033453916 0
2.0621935364094255 -1.2692562198442041 0
2.1068149446559703 -1.1354049416472523 0
2.142857142857143 -1.0000000000000009 0
2.214285714285714 0.9999999999999998 0
2.1780997072611044 1.139935221622721 0
2.133047451611625 1.2782985379566145 0
2.0792146434918104 1.414528249371136 0
2.016722528089611 1.5480682130174703 0
1.9457275075958858 1.6783700898659015 0
1.866420607318036 1.8048955633677173 0
1.7790268019909774 1.9271185207971442 0
1.683804204902016 2.044527188475965 0
1.5810431229990427 2.1566262122661777 0
1.4710649816917143 2.262938674933363 0
1.3542211235806398 2.363008042234674 0
1.2308914858580424 2.4564000298693203 0
1.1014831616127503 2.5427043837451784 0
0.9664288507408417 2.621536566361226 0
0.8261852066088142 2.692539342480666 0
0.681231085037073 2.7553842576722802 0
0.5320657025661066 2.809773003726051 0
0.37920671133429307 2.8554386654019 0
0.22318819823351754 2.892146843445426 0
0.06455861631511206 2.919696649300079 0
-0.09612134330687405 2.9379215674592007 0
-0.25828093056690804 2.946690181931724 0
-0.42134155787833794 2.94590676383996 0
-0.5847190550152527 2.9355117177245873 0
-0.747825948441653 2.9154818846984734 0
-0.9100737559832789 2.8858307011650037 0
-1.0708752876736745 2.846608212395922 0
-1.2296469435789654 2.797900940845818 0
-1.3858109994159102 2.7398316096632525 0
-1.5387978708246264 2.6725587224393927 0
-1.6880483472409837 2.596276000811969 0
-1.8330157864337275 2.511211682112747 0
-1.973168260927296 2.4176276798083993 0
-2.10799064772254 2.3158186100353904 0
-2.2369866529533127 2.2061106880669015 0
-2.359680763376221 2.0888604990720294 0
-2.4756201168828644 1.9644536480320394 0
-2.5843762845471345 1.8333032941636607 0
-2.685546957073697 1.6958485756630481 0
-2.778757528895845 1.5525529310244115 0
-2.863662573580249 1.403902323602578 0
-2.9399472046308714 1.250403376477265 0
-3.007328316242933 1.092581425036977 0
-3.0655556990381485 0.9309784950309108 0
-3.1144130263130347 0.7661512141364512 0
-3.1537187068503694 0.5986686653569232 0
-3.183326600878244 0.429110190797779 0
-3.2031265963091236 0.25806315456871787 0
-3.213045042950928 0.08612067372338664 0
-3.213045042950928 -0.08612067372338773 0
-3.2031265963091236 -0.258063154568719 0
-3.183326600878244 -0.4291101907977777 0
-3.1537187068503703 -0.598668665356922 0
-3.1144130263130347 -0.7661512141364497 0
-3.0655556990381485 -0.9309784950309092 0
-3.007328316242933 -1.092581425036978 0
-2.9399472046308723 -1.250403376477264 0
-2.8636625735802475 -1.4039023236025785 0
-2.7787575288958464 -1.5525529310244106 0
-2.685546957073698 -1.6958485756630475 0
-2.584376284547135 -1.8333032941636596 0
-2.4756201168828653 -1.9644536480320385 0
-2.3596807633762222 -2.088860499072028 0
-2.2369866529533127 -2.2061106880669024 0
-2.1079906477225414 -2.31581861003539 0
-1.9731682609272951 -2.4176276798084 0
-1.8330157864337284 -2.511211682112746 0
-1.6880483472409848 -2.5962760008119687 0
-1.5387978708246273 -2.6725587224393923 0
-1.3858109994159094 -2.7398316096632525 0
-1.229646943578965 -2.797900940845818 0
-1.0708752876736762 -2.846608212395922 0
-0.9100737559832806 -2.8858307011650037 0
-0.7478259484416514 -2.915481884698473 0
-0.5847190550152545 -2.9355117177245877 0
-0.42134155787833943 -2.9459067638399596 0
-0.2582809305669089 -2.946690181931724 0
-0.0961213433068755 -2.937921567459201 0
0.06455861631511273 -2.919696649300079 0
0.223188198233514 -2.8921468434454267 0
0.37920671133429384 -2.8554386654019 0
0.5320657025661055 -2.8097730037260513 0
0.6812310850370719 -2.755384257672281 0
0.8261852066088129 -2.692539342480667 0
0.9664288507408408 -2.6215365663612262 0
1.101483161612752 -2.5427043837451775 0
1.2308914858580398 -2.456400029869322 0
1.3542211235806403 -2.3630080422346733 0
1.4710649816917143 -2.262938674933363 0
1.5810431229990425 -2.156626212266178 0
1.6838042049020154 -2.044527188475966 0
1.7790268019909767 -1.927118520797145 0
1.8664206073180374 -1.8048955633677155 0
1.9457275075958849 -1.6783700898659035 0
2.0167225280896113 -1.5480682130174694 0
2.079214643491811 -1.414528249371135 0
2.133047451611625 -1.2782985379566147 0
2.1780997072611044 -1.139935221622721 0
2.214285714285714 -1.0000000000000009 0
2.2857142857142856 0.9999999999999997 0
2.2493844698662393 1.14446550159819 0
2.2039013668138248 1.2873408560690254 0
2.149352407582004 1.4280461953968795 0
2.0858617210464936 1.566007354958976 0
2.013589730291668 1.7006581931300793 0
1.93273260253347 1.8314428816291692 0
1.843521554725736 1.957818157374942 0
1.746222017549858 2.079255526768856 0
1.641132661058413 2.195243413513006 0
1.5285842858010756 2.305289241294409 0
1.408938583803424 2.4089214429265695 0
1.2825867742941188 2.505691387832328 0
1.149948119581117 2.5951752200778597 0
1.011468326961165 2.6769755995249227 0
0.8676178430067569 2.7507233390556904 0
0.718890047009252 2.816078931240103 0
0.5657993507641557 2.872733958258021 0
0.4088792122629994 2.9204123793557946 0
0.24868007120436553 2.9588716906072188 0
0.08576721455284608 2.9879039522603703 0
-0.0792814193419149 3.007336679482311 0
-0.24587748930498443 3.017033592861168 0
-0.41342454359969427 3.0168952255871924 0
-0.5813203467421282 3.006859384809088 0
-0.7489592315727107 2.9869014652466075 0
-0.9157344671873352 2.9570346137329997 0
-1.0810406332646234 2.9173097439588456 0
-1.2442759912979078 2.867815401289731 0
-1.4048448432509129 2.80867747813182 0
-1.5621598682044422 2.7400587809190124 0
-1.715644427647636 2.662158450390868 0
-1.8647348301912827 2.5752112374192713 0
-2.008882546641582 2.479486637221574 0
-2.1475563665701194 2.3752878853664456 0
-2.2802444877488606 2.2629508195333896 0
-2.406456530086599 2.142842611525905 0
-2.5257254660047446 2.0153603745591013 0
-2.6376094595239743 1.880929651343396 0
-2.741693606698182 1.74000278896452 0
-2.8375915704265475 1.5930572070146096 0
-2.924947103097033 1.4405935658578213 0
-3.0034354509633663 1.2831338423149374 0
-3.072764634630938 1.1212193204231637 0
-3.1326766005228563 0.9554085052684587 0
-3.1829482387140704 0.7862749681965533 0
-3.22339226305647 0.6144051319845333 0
-3.253857950069415 0.4403960047958755 0
-3.274231733635773 0.2648528719475881 0
-3.2844376531211554 0.08838695468753435 0
-3.2844376531211554 -0.08838695468753546 0
-3.274231733635773 -0.2648528719475892 0
-3.253857950069415 -0.4403960047958741 0
-3.223392263056471 -0.6144051319845321 0
-3.1829482387140704 -0.7862749681965518 0
-3.1326766005228563 -0.9554085052684571 0
-3.072764634630938 -1.1212193204231649 0
-3.003435450963367 -1.283133842314936 0
-2.9249471030970318 -1.4405935658578222 0
-2.837591570426549 -1.5930572070146085 0
-2.741693606698183 -1.7400027889645193 0
-2.6376094595239747 -1.8809296513433948 0
-2.525725466004746 -2.0153603745591 0
-2.4064565300866 -2.1428426115259036 0
-2.2802444877488606 -2.2629508195333905 0
-2.1475563665701207 -2.375287885366445 0
-2.0088825466415807 -2.4794866372215743 0
-1.864734830191284 -2.5752112374192704 0
-1.715644427647637 -2.6621584503908675 0
-1.5621598682044433 -2.7400587809190116 0
-1.4048448432509117 -2.80867747813182 0
-1.2442759912979071 -2.867815401289731 0
-1.0810406332646252 -2.917309743958845 0
-0.9157344671873369 -2.9570346137329997 0
-0.7489592315727092 -2.986901465246607 0
-0.58132034674213 -3.0068593848090885 0
-0.41342454359969577 -3.0168952255871924 0
-0.24587748930498526 -3.017033592861168 0
-0.07928141934191635 -3.0073366794823113 0
0.08576721455284675 -2.9879039522603703 0
0.24868007120436197 -2.95887169060722 0
0.40887921226300006 -2.9204123793557946 0
0.5657993507641543 -2.8727339582580216 0
0.7188900470092506 -2.8160789312401038 0
0.8676178430067558 -2.7507233390556913 0
1.0114683269611637 -2.6769755995249236 0
1.1499481195811188 -2.595175220077859 0
1.2825867742941162 -2.5056913878323304 0
1.4089385838034243 -2.4089214429265695 0
1.5285842858010756 -2.305289241294409 0
1.6411326610584127 -2.1952434135130066 0
1.7462220175498573 -2.0792555267688564 0
1.8435215547257353 -1.9578181573749434 0
1.9327326025334712 -1.8314428816291675 0
2.0135897302916668 -1.7006581931300813 0
2.085861721046494 -1.566007354958975 0
2.1493524075820045 -1.4280461953968786 0
2.2039013668138248 -1.2873408560690254 0
2.2493844698662393 -1.14446550159819 0
2.2857142857142856 -1.0000000000000009 0
2.357142857142857 0.9999999999999997 0
2.3206692324713742 1.148995781573659 0
2.2747552820160246 1.296383174181436 0
2.2194901716721978 1.441564141422623 0
2.1550009140033763 1.5839464969004817 0
2.0814519529874502 1.722946296394257 0
1.9990445977489042 1.8579901998906214 0
1.9080163074604952 1.9885177939527403 0
1.8086398301976998 2.113983865061747 0
1.7012221991177832 2.2338606147598346 0
1.5861035899104372 2.3476398076554545 0
1.4636560440262083 2.4548348436184657 0
1.3342820627301955 2.5549827457953365 0
1.1984130775494837 2.6476460564105406 0
1.0565078031814883 2.73241463268862 0
0.9090504794046999 2.808907335630715 0
0.7565490089814307 2.8767736048079255 0
0.5995329989622045 2.9356949127899914 0
0.4385517131917056 2.985386093309689 0
0.2741719441752136 3.0255965377690126 0
0.1069758127905801 3.0561112552206615 0
-0.06244149537695576 3.0767517915054214 0
-0.23347404804306077 3.0873770037906114 0
-0.4055075293210506 3.0878836873344255 0
-0.5779216384690037 3.078207051893589 0
-0.7500925147037685 3.0583210457947416 0
-0.9213951783913915 3.0282385263009965 0
-1.0912059788555724 2.9880112755217696 0
-1.25890503901685 2.937729861733644 0
-1.4238786870859155 2.877523346600387 0
-1.585521865584258 2.8075588393986317 0
-1.743240508054288 2.7280408999697667 0
-1.8964538739488381 2.6392107927257955 0
-2.0445968323558676 2.5413455946347483 0
-2.1871220854176987 2.434757160697501 0
-2.3235023225444085 2.3197909509998778 0
-2.453232296796976 2.1968247239797805 0
-2.5758308151266247 2.066267101086163 0
-2.690842634500814 1.928556008523131 0
-2.797840256322667 1.784157002265992 0
-2.89642561195725 1.6335614830048075 0
-2.9862316326138174 1.4772848081130647 0
-3.066923697295861 1.3158643081526096 0
-3.138200953018943 1.1498572158093505 0
-3.199797502007564 0.9798385155060064 0
-3.251483451115106 0.8063987222566555 0
-3.2930658192625706 0.6301415986121435 0
-3.3243892992605866 0.45168181879397196 0
-3.345336870962422 0.2716425893264583 0
-3.355830263291383 0.09065323565168204 0
-3.355830263291383 -0.09065323565168319 0
-3.345336870962422 -0.27164258932645946 0
-3.324389299260587 -0.45168181879397057 0
-3.2930658192625715 -0.6301415986121421 0
-3.251483451115106 -0.806398722256654 0
-3.199797502007564 -0.9798385155060048 0
-3.138200953018943 -1.1498572158093516 0
-3.066923697295862 -1.3158643081526082 0
-2.986231632613816 -1.4772848081130654 0
-2.8964256119572513 -1.6335614830048066 0
-2.7978402563226683 -1.7841570022659912 0
-2.6908426345008145 -1.9285560085231301 0
-2.575830815126626 -2.066267101086162 0
-2.4532322967969775 -2.1968247239797796 0
-2.323502322544408 -2.3197909509998786 0
-2.1871220854177005 -2.4347571606975005 0
-2.0445968323558668 -2.5413455946347487 0
-1.8964538739488392 -2.639210792725794 0
-1.7432405080542892 -2.7280408999697663 0
-1.5855218655842593 -2.807558839398631 0
-1.4238786870859141 -2.8775233466003876 0
-1.2589050390168492 -2.937729861733644 0
-1.0912059788555744 -2.988011275521769 0
-0.9213951783913933 -3.028238526300996 0
-0.7500925147037668 -3.058321045794741 0
-0.5779216384690056 -3.0782070518935893 0
-0.4055075293210521 -3.087883687334425 0
-0.23347404804306165 -3.0873770037906114 0
-0.06244149537695731 -3.076751791505422 0
0.10697581279058077 -3.0561112552206615 0
0.27417194417520996 -3.0255965377690135 0
0.43855171319170627 -2.985386093309689 0
0.5995329989622031 -2.935694912789992 0
0.7565490089814294 -2.8767736048079264 0
0.9090504794046985 -2.8089073356307153 0
1.056507803181487 -2.7324146326886205 0
1.1984130775494857 -2.6476460564105397 0
1.3342820627301928 -2.5549827457953382 0
1.4636560440262087 -2.454834843618465 0
1.5861035899104372 -2.3476398076554545 0
1.701222199117783 -2.233860614759835 0
1.8086398301976991 -2.1139838650617473 0
1.908016307460494 -1.9885177939527412 0
1.999044597748905 -1.8579901998906196 0
2.0814519529874485 -1.722946296394259 0
2.155000914003377 -1.5839464969004808 0
2.2194901716721978 -1.4415641414226221 0
2.2747552820160246 -1.296383174181436 0
2.3206692324713742 -1.148995781573659 0
2.357142857142857 -1.0000000000000009 0
2.4285714285714284 0.9999999999999997 0
2.3919539950765083 1.1535260615491276 0
2.345609197218224 1.3054254922938466 0
2.2896279357623905 1.4550820874483668 0
2.2241401069602587 1.6018856388419873 0
2.1493141756832315 1.7452343996584347 0
2.0653565929643376 1.8845375181520732 0
1.9725110601952536 2.019217430530538 0
1.8710576428455417 2.1487122033546373 0
1.7613117371771532 2.272477816006663 0
1.6436228940197983 2.3899903740165005 0
1.5183735042489923 2.500748244310361 0
1.3859773511662719 2.604274103758344 0
1.24687803551785 2.7001168927432215 0
1.101547279401811 2.7878536658523165 0
0.9504831158026423 2.8670913322057383 0
0.7942079709536093 2.9374682783757478 0
0.6332666471602533 2.998655867321961 0
0.4682242141204116 3.050359807263583 0
0.2996638171460616 3.0923213849308056 0
0.12818441102831402 3.1243185581809523 0
-0.04560157141199672 3.146166903528531 0
-0.2210706067811372 3.1577204147200546 0
-0.39759051504240694 3.158872149081658 0
-0.5745229301958792 3.1495547189780897 0
-0.7512257978348262 3.1297406263428753 0
-0.9270558895954478 3.0994424388689916 0
-1.1013713244465213 3.058712807084693 0
-1.273534086735792 3.0076443221775566 0
-1.4429125309209179 2.9463692150689544 0
-1.6088838629640738 2.8750588978782505 0
-1.77083658846094 2.793923349548665 0
-1.9281729177063933 2.7032103480323193 0
-2.0803111180701532 2.6032045520479223 0
-2.226687804265278 2.494226436028556 0
-2.366760157339956 2.3766310824663655 0
-2.500008063507354 2.250806836433656 0
-2.625936164248505 2.1171738276132244 0
-2.7440758094776534 1.976182365702866 0
-2.853986905947152 1.8283112155674637 0
-2.955259653487952 1.6740657589950054 0
-3.0475161621306013 1.513976050368308 0
-3.130411943628355 1.3485947739902817 0
-3.203637271406948 1.178495111195537 0
-3.266918403492272 1.004268525743554 0
-3.3200186635161413 0.8265224763167576 0
-3.3627393754686707 0.6458780652397534 0
-3.394920648451757 0.4629676327920684 0
-3.4164420082890703 0.2784323067053285 0
-3.4272228734616106 0.09291951661582973 0
-3.4272228734616106 -0.09291951661583092 0
-3.4164420082890703 -0.27843230670532965 0
-3.394920648451757 -0.462967632792067 0
-3.362739375468672 -0.6458780652397521 0
-3.3200186635161413 -0.826522476316756 0
-3.266918403492272 -1.0042685257435524 0
-3.203637271406948 -1.1784951111955382 0
-3.1304119436283564 -1.3485947739902804 0
-3.0475161621306 -1.5139760503683086 0
-2.9552596534879534 -1.6740657589950043 0
-2.8539869059471528 -1.8283112155674628 0
-2.7440758094776543 -1.976182365702865 0
-2.6259361642485057 -2.1171738276132235 0
-2.500008063507355 -2.2508068364336546 0
-2.366760157339956 -2.3766310824663663 0
-2.2266878042652793 -2.4942264360285553 0
-2.0803111180701523 -2.603204552047923 0
-1.9281729177063944 -2.703210348032318 0
-1.770836588460941 -2.793923349548665 0
-1.608883862964075 -2.87505889787825 0
-1.4429125309209168 -2.9463692150689544 0
-1.2735340867357916 -3.0076443221775566 0
-1.101371324446523 -3.058712807084693 0
-0.9270558895954497 -3.0994424388689916 0
-0.7512257978348246 -3.129740626342875 0
-0.5745229301958811 -3.1495547189780897 0
-0.39759051504240855 -3.1588721490816574 0
-0.22107060678113816 -3.1577204147200546 0
-0.045601571411998276 -3.1461669035285316 0
0.12818441102831457 -3.1243185581809523 0
0.29966381714605783 -3.092321384930807 0
0.4682242141204125 -3.0503598072635834 0
0.6332666471602519 -2.998655867321962 0
0.794207970953608 -2.9374682783757486 0
0.9504831158026412 -2.867091332205739 0
1.1015472794018097 -2.7878536658523174 0
1.2468780355178521 -2.70011689274322 0
1.385977351166269 -2.604274103758346 0
1.5183735042489928 -2.5007482443103606 0
1.6436228940197983 -2.3899903740165005 0
1.7613117371771527 -2.2724778160066634 0
1.871057642845541 -2.1487122033546378 0
1.9725110601952525 -2.019217430530539 0
2.065356592964339 -1.8845375181520714 0
2.14931417568323 -1.7452343996584365 0
2.224140106960259 -1.6018856388419862 0
2.289627935762391 -1.4550820874483659 0
2.345609197218224 -1.3054254922938466 0
2.3919539950765083 -1.1535260615491278 0
2.4285714285714284 -1.0000000000000009 0
2.5 0.9999999999999997 0
2.4632387576816432 1.1580563415245966 0
2.416463112420424 1.3144678104062573 0
2.359765699852584 1.4686000334741103 0
2.2932792999171414 1.619824780783493 0
2.2171763983790136 1.7675225029226125 0
2.1316685881797715 1.9110848364135253 0
2.0370058129300124 2.049917067108336 0
1.9334754554933835 2.1834405416475278 0
1.8214012752365232 2.3110950172534914 0
1.7011421981291597 2.432340940377546 0
1.5730909644717765 2.546661645002257 0
1.4376726396023485 2.653565461721352 0
1.2953429934862168 2.7525877290759024 0
1.1465867556221343 2.843292699016014 0
0.9919157522005853 2.9252753287807627 0
0.8318669329257883 2.9981629519435704 0
0.6670002953583021 3.0616168218539315 0
0.4978967150491178 3.115333521217477 0
0.3251556901169097 3.1590462320925994 0
0.14939300926604793 3.1925258611412435 0
-0.028761647447037686 3.2155820155516412 0
-0.2086671655192136 3.2280638256494982 0
-0.3896735007637633 3.22986061082889 0
-0.5711242219227548 3.2209023860625905 0
-0.752359080965884 3.2011602068910094 0
-0.9327166007995041 3.1706463514369876 0
-1.1115366700374703 3.129414338647617 0
-1.2881631344547344 3.077558782621469 0
-1.4619463747559205 3.0152150835375218 0
-1.6322458603438896 2.94255895635787 0
-1.798432668867592 2.859805799127564 0
-1.9598919614639485 2.767209903338843 0
-2.1160254037844393 2.6650635094610964 0
-2.2662535231128573 2.5536957113596115 0
-2.4100179921355034 2.4334712139328536 0
-2.5467838302177315 2.3047889488875315 0
-2.676041513370385 2.1680805541402863 0
-2.797308984454493 2.023808722882601 0
-2.9101335555716368 1.8724654288689355 0
-3.0140936950186545 1.7145700349852033 0
-3.1088006916473856 1.5506672926235514 0
-3.19390018996085 1.3813252398279539 0
-3.269073589794953 1.2071330065817238 0
-3.33403930497698 1.0286985359811018 0
-3.388553875917177 0.8466462303768597 0
-3.4324129316747714 0.6616145318673635 0
-3.4654519976429285 0.4742534467901649 0
-3.4875471456157197 0.2852220240841986 0
-3.498615483631838 0.09518579757997744 0
-3.498615483631838 -0.09518579757997865 0
-3.4875471456157197 -0.28522202408419983 0
-3.465451997642929 -0.4742534467901634 0
-3.4324129316747727 -0.6616145318673622 0
-3.388553875917177 -0.8466462303768582 0
-3.33403930497698 -1.0286985359811003 0
-3.269073589794953 -1.2071330065817252 0
-3.193900189960851 -1.3813252398279527 0
-3.1088006916473843 -1.5506672926235523 0
-3.014093695018656 -1.7145700349852024 0
-2.9101335555716377 -1.8724654288689349 0
-2.797308984454494 -2.0238087228826003 0
-2.6760415133703863 -2.168080554140285 0
-2.546783830217733 -2.3047889488875306 0
-2.4100179921355034 -2.4334712139328545 0
-2.266253523112859 -2.5536957113596106 0
-2.1160254037844384 -2.6650635094610973 0
-1.95989196146395 -2.767209903338842 0
-1.7984326688675933 -2.859805799127564 0
-1.632245860343891 -2.9425589563578693 0
-1.4619463747559194 -3.0152150835375218 0
-1.2881631344547337 -3.077558782621469 0
-1.1115366700374723 -3.129414338647617 0
-0.932716600799506 -3.1706463514369876 0
-0.7523590809658822 -3.201160206891009 0
-0.5711242219227566 -3.22090238606259 0
-0.3896735007637649 -3.2298606108288896 0
-0.20866716551921455 -3.2280638256494982 0
-0.02876164744703924 -3.215582015551642 0
0.1493930092660487 -3.1925258611412435 0
0.3251556901169058 -3.1590462320926003 0
0.4978967150491187 -3.115333521217477 0
0.6670002953583007 -3.0616168218539324 0
0.831866932925787 -2.9981629519435713 0
0.9919157522005839 -2.925275328780763 0
1.146586755622133 -2.8432926990160143 0
1.2953429934862188 -2.7525877290759015 0
1.4376726396023456 -2.6535654617213544 0
1.5730909644717772 -2.5466616450022563 0
1.7011421981291597 -2.432340940377546 0
1.8214012752365232 -2.311095017253492 0
1.9334754554933828 -2.1834405416475287 0
2.037005812930012 -2.0499170671083373 0
2.131668588179773 -1.9110848364135231 0
2.2171763983790127 -1.7675225029226145 0
2.293279299917142 -1.619824780783492 0
2.3597656998525847 -1.4686000334741094 0
2.416463112420424 -1.3144678104062573 0
2.4632387576816432 -1.1580563415245968 0
2.5 -1.0000000000000009 0
2.571428571428571 0.9999999999999997 0
2.5345235202867777 1.1625866215000655 0
2.4873170276226233 1.323510128518668 0
2.4299034639427775 1.4821179794998538 0
2.362418492874024 1.6377639227249987 0
2.2850386210747953 1.78981060618679 0
2.197980583395205 1.937632154674977 0
2.1015005656647707 2.080616703686134 0
1.995893268141225 2.2181688799404182 0
1.8814908132958932 2.34971221850032 0
1.758661502238521 2.474691506738592 0
1.6278084246945606 2.5925750456941525 0
1.4893679280384247 2.70285681968436 0
1.343807951454583 2.8050585654085833 0
1.191626231842457 2.8987317321797104 0
1.0333483885985277 2.9834593253557866 0
0.8695258948979668 3.0588576255113926 0
0.7007339435563507 3.1245777763859017 0
0.527569215977824 3.180307235171371 0
0.3506475630877576 3.2257710792543923 0
0.17060160750378184 3.260733164101534 0
-0.01192172348207865 3.2849971275747514 0
-0.19626372425729005 3.2984072365789414 0
-0.3817564864851197 3.3008490725761224 0
-0.5677255136496303 3.2922500531470904 0
-0.7534923640969418 3.272579787439143 0
-0.9383773120035604 3.2418502640049836 0
-1.1217020156284192 3.200115870210541 0
-1.3027921821736765 3.147473243065382 0
-1.4809802185909229 3.0840609520060887 0
-1.6556078577237054 3.010059014837489 0
-1.826028749274244 2.9256882487064626 0
-1.9916110052215037 2.831209458645367 0
-2.151739689498725 2.7269224668742704 0
-2.3058192419604366 2.6131649866906663 0
-2.4532758269310513 2.4903113453993413 0
-2.5935595969281087 2.358771061341407 0
-2.726146862492265 2.218987280667348 0
-2.8505421594313325 2.071435080062336 0
-2.9662802051961212 1.9166196421704071 0
-3.0729277365493566 1.7550743109754012 0
-3.1700852211641695 1.5873585348787946 0
-3.2573884362933443 1.414055705665626 0
-3.334509908182958 1.2357709019679104 0
-3.4011602064616873 1.0531285462186495 0
-3.457089088318212 0.8667699844369618 0
-3.5020864878808715 0.6773509984949736 0
-3.535983346834099 0.4855392607882613 0
-3.558652282942368 0.2920117414630688 0
-3.5700080938020653 0.09745207854412513 0
-3.5700080938020653 -0.09745207854412637 0
-3.558652282942368 -0.2920117414630701 0
-3.535983346834099 -0.4855392607882598 0
-3.502086487880873 -0.6773509984949722 0
-3.457089088318212 -0.8667699844369602 0
-3.4011602064616873 -1.053128546218648 0
-3.334509908182958 -1.2357709019679117 0
-3.257388436293345 -1.4140557056656247 0
-3.170085221164168 -1.587358534878795 0
-3.072927736549358 -1.7550743109754001 0
-2.966280205196122 -1.9166196421704065 0
-2.850542159431333 -2.071435080062335 0
-2.726146862492266 -2.2189872806673465 0
-2.59355959692811 -2.358771061341406 0
-2.453275826931051 -2.490311345399342 0
-2.3058192419604384 -2.6131649866906654 0
-2.1517396894987235 -2.726922466874271 0
-1.9916110052215048 -2.831209458645366 0
-1.8260287492742453 -2.925688248706462 0
-1.6556078577237068 -3.0100590148374877 0
-1.4809802185909215 -3.084060952006089 0
-1.3027921821736759 -3.147473243065382 0
-1.1217020156284212 -3.2001158702105403 0
-0.9383773120035623 -3.241850264004983 0
-0.7534923640969399 -3.2725797874391427 0
-0.5677255136496322 -3.2922500531470904 0
-0.3817564864851213 -3.300849072576122 0
-0.19626372425729105 -3.2984072365789414 0
-0.011921723482080315 -3.284997127574752 0
0.1706016075037825 -3.260733164101534 0
0.3506475630877536 -3.2257710792543937 0
0.5275692159778247 -3.1803072351713713 0
0.7007339435563493 -3.1245777763859017 0
0.8695258948979655 -3.0588576255113935 0
1.0333483885985264 -2.983459325355787 0
1.1916262318424558 -2.8987317321797113 0
1.3438079514545853 -2.805058565408582 0
1.4893679280384218 -2.7028568196843623 0
1.6278084246945612 -2.5925750456941516 0
1.758661502238521 -2.474691506738592 0
1.8814908132958927 -2.3497122185003203 0
1.9958932681412243 -2.218168879940419 0
2.1015005656647703 -2.080616703686135 0
2.197980583395206 -1.937632154674975 0
2.2850386210747935 -1.789810606186792 0
2.3624184928740246 -1.6377639227249976 0
2.4299034639427775 -1.482117979499853 0
2.4873170276226233 -1.323510128518668 0
2.5345235202867777 -1.1625866215000655 0
2.571428571428571 -1.0000000000000009 0
2.642857142857143 0.9999999999999997 0
2.6058082828919122 1.1671169014755345 0
2.558170942824823 1.3325524466310785 0
2.5000412280329707 1.4956359255255975 0
2.431557685830907 1.6557030646665043 0
2.352900843770577 1.8120987094509675 0
2.264292578610639 1.9641794729364292 0
2.1659953183995295 2.111316340263932 0
2.058311080789067 2.252897218233309 0
1.9415803513552632 2.3883294197471483 0
1.8161808063478824 2.5170420730996375 0
1.682525884917345 2.638488446386048 0
1.5410632164745013 2.752148177647368 0
1.3922729094229498 2.8575294017412642 0
1.2366657080627799 2.9541707653434077 0
1.0747810249964707 3.0416433219308106 0
0.9071848568701458 3.1195522990792153 0
0.7344675917543997 3.187538730917872 0
0.5572417169065302 3.245280949125265 0
0.37613943605860567 3.292495926416186 0
0.19181020574151586 3.328940467061825 0
0.004918200482880497 3.3544122395978615 0
-0.18386028299536644 3.368750647508385 0
-0.37383947220647595 3.3718375343233546 0
-0.5643268053765058 3.363597720231591 0
-0.7546256472279995 3.3439993679872773 0
-0.9440380232076168 3.3130541765729795 0
-1.1318673612193682 3.270817401773465 0
-1.3174212298926187 3.217387703509295 0
-1.5000140624259255 3.1529068204746564 0
-1.6789698551035213 3.0775590733171083 0
-1.853624829680896 2.9915706982853614 0
-2.023330048979059 2.895209013951891 0
-2.187453975213011 2.788781424287445 0
-2.345384960808016 2.6726342620217216 0
-2.496533661726599 2.5471514768658294 0
-2.6403353636384868 2.4127531737952825 0
-2.7762522116141453 2.2698940071944094 0
-2.9037753344081723 2.1190614372420713 0
-3.022426854820606 1.9607738554718792 0
-3.131761778080059 1.7955785869655994 0
-3.2313697506809533 1.624049777134038 0
-3.3208766826258387 1.4467861715032984 0
-3.399946226570963 1.2644087973540972 0
-3.468281107946395 1.0775585564561974 0
-3.5256243007192483 0.886893738497064 0
-3.5717600440869726 0.6930874651225837 0
-3.6065146960252705 0.4968250747863578 0
-3.6297574202690175 0.298801458841939 0
-3.6414007039722933 0.09971835950827285 0
-3.6414007039722933 -0.09971835950827411 0
-3.6297574202690175 -0.29880145884194026 0
-3.606514696025271 -0.49682507478635624 0
-3.5717600440869735 -0.6930874651225822 0
-3.5256243007192483 -0.8868937384970623 0
-3.468281107946395 -1.0775585564561958 0
-3.399946226570963 -1.2644087973540985 0
-3.32087668262584 -1.446786171503297 0
-3.2313697506809524 -1.6240497771340388 0
-3.1317617780800604 -1.7955785869655982 0
-3.0224268548206075 -1.9607738554718783 0
-2.9037753344081727 -2.1190614372420704 0
-2.7762522116141466 -2.2698940071944085 0
-2.6403353636384876 -2.4127531737952816 0
-2.4965336617265987 -2.5471514768658303 0
-2.3453849608080177 -2.6726342620217207 0
-2.1874539752130095 -2.7887814242874454 0
-2.0233300489790604 -2.8952090139518902 0
-1.8536248296808973 -2.991570698285361 0
-1.6789698551035226 -3.077559073317108 0
-1.5000140624259242 -3.1529068204746564 0
-1.3174212298926182 -3.217387703509295 0
-1.1318673612193701 -3.2708174017734644 0
-0.9440380232076188 -3.3130541765729795 0
-0.7546256472279976 -3.343999367987277 0
-0.5643268053765078 -3.363597720231591 0
-0.3738394722064777 -3.3718375343233546 0
-0.18386028299536744 -3.368750647508385 0
0.004918200482878832 -3.3544122395978624 0
0.19181020574151653 -3.328940467061825 0
0.37613943605860156 -3.292495926416187 0
0.5572417169065309 -3.2452809491252657 0
0.7344675917543984 -3.187538730917872 0
0.9071848568701443 -3.119552299079216 0
1.0747810249964693 -3.041643321930811 0
1.236665708062779 -2.954170765343408 0
1.392272909422952 -2.8575294017412634 0
1.5410632164744982 -2.7521481776473706 0
1.6825258849173452 -2.638488446386048 0
1.8161808063478824 -2.5170420730996375 0
1.9415803513552632 -2.3883294197471487 0
2.058311080789066 -2.25289721823331 0
2.165995318399529 -2.1113163402639334 0
2.2642925786106405 -1.964179472936427 0
2.352900843770576 -1.8120987094509697 0
2.4315576858309074 -1.6557030646665032 0
2.500041228032971 -1.4956359255255964 0
2.558170942824823 -1.3325524466310785 0
2.6058082828919122 -1.1671169014755345 0
2.642857142857143 -1.0000000000000009 0
2.714285714285714 0.9999999999999997 0
2.6770930454970467 1.1716471814510032 0
2.6290248580270226 1.3415947647434892 0
2.570178992123164 1.5091538715513408 0
2.5006968787877892 1.6736422066080099 0
2.4207630664663586 1.8343868127151453 0
2.3306045738260726 1.990726791197881 0
2.230490071134288 2.14201597684173 0
2.1207288934369086 2.2876255565261996 0
2.001669889414633 2.4269466209939767 0
1.8737001104572437 2.5593926394606834 0
1.737243345140129 2.6844018470779436 0
1.5927585049105775 2.801439535610376 0
1.4407378673913163 2.910000238073945 0
1.281705184283103 3.009609798507104 0
1.1162136613944134 3.0998273185058345 0
0.9448438188423244 3.1802469726470375 0
0.7682012399524483 3.250499685449842 0
0.5869142178352362 3.310254663079159 0
0.40163130902945354 3.359220773577979 0
0.21301880397924977 3.3971477700221158 0
0.021758124447839533 3.4238273516209716 0
-0.1714568417334429 3.4390940584378282 0
-0.36592245792783235 3.442825996070587 0
-0.5609280971033813 3.434945387316092 0
-0.7557589303590573 3.415418948535411 0
-0.9496987344116731 3.3842580891409755 0
-1.1420327068103169 3.3415189333363884 0
-1.332050277611561 3.2873021639532074 0
-1.5190479062609281 3.2217526889432233 0
-1.702331852483337 3.145059131796727 0
-1.8812209100875479 3.0574531478642597 0
-2.0550490927366143 2.959208569258415 0
-2.2231682609272965 2.850640381700619 0
-2.384950679655595 2.7321035373527764 0
-2.539791496522146 2.6039916083323176 0
-2.687111130348864 2.4667352862491585 0
-2.8263575607360254 2.320800733721471 0
-2.9570085093850116 2.1666877944218066 0
-3.0785735044450906 2.004928068773351 0
-3.190595819610761 1.836082862955797 0
-3.292654280197737 1.6607410193892813 0
-3.384364928958333 1.4795166373409703 0
-3.4653825449589677 1.2930466927402837 0
-3.535402009431103 1.101988566693745 0
-3.5941595131202835 0.907017492557166 0
-3.6414336002930727 0.7088239317501936 0
-3.677046045216441 0.5081108887844542 0
-3.700862557595666 0.3055911762208091 0
-3.7127933141425205 0.10198464047242053 0
-3.7127933141425205 -0.10198464047242183 0
-3.700862557595666 -0.30559117622081045 0
-3.677046045216441 -0.5081108887844527 0
-3.641433600293074 -0.7088239317501922 0
-3.5941595131202835 -0.9070174925571644 0
-3.535402009431103 -1.1019885666937432 0
-3.4653825449589677 -1.293046692740285 0
-3.3843649289583344 -1.479516637340969 0
-3.2926542801977363 -1.660741019389282 0
-3.1905958196107624 -1.836082862955796 0
-3.078573504445092 -2.00492806877335 0
-2.9570085093850125 -2.1666877944218053 0
-2.8263575607360263 -2.32080073372147 0
-2.6871111303488653 -2.466735286249157 0
-2.539791496522146 -2.6039916083323185 0
-2.384950679655597 -2.7321035373527756 0
-2.223168260927295 -2.8506403817006194 0
-2.0550490927366156 -2.959208569258414 0
-1.8812209100875492 -3.0574531478642597 0
-1.7023318524833384 -3.1450591317967262 0
-1.5190479062609268 -3.2217526889432238 0
-1.3320502776115601 -3.2873021639532074 0
-1.142032706810319 -3.3415189333363884 0
-0.9496987344116751 -3.384258089140975 0
-0.7557589303590553 -3.4154189485354105 0
-0.5609280971033833 -3.4349453873160916 0
-0.36592245792783407 -3.442825996070587 0
-0.1714568417334439 -3.4390940584378282 0
0.021758124447837757 -3.423827351620972 0
0.21301880397925044 -3.3971477700221158 0
0.40163130902944943 -3.35922077357798 0
0.5869142178352371 -3.310254663079159 0
0.7682012399524469 -3.2504996854498422 0
0.9448438188423228 -3.1802469726470384 0
1.1162136613944118 -3.099827318505835 0
1.2817051842831018 -3.009609798507105 0
1.4407378673913185 -2.910000238073944 0
1.5927585049105744 -2.8014395356103785 0
1.7372433451401292 -2.684401847077943 0
1.8737001104572437 -2.5593926394606834 0
2.001669889414633 -2.4269466209939767 0
2.120728893436908 -2.2876255565262005 0
2.2304900711342874 -2.1420159768417313 0
2.330604573826074 -1.9907267911978788 0
2.4207630664663577 -1.8343868127151475 0
2.5006968787877897 -1.6736422066080088 0
2.5701789921231644 -1.50915387155134 0
2.6290248580270226 -1.3415947647434892 0
2.6770930454970467 -1.1716471814510034 0
2.714285714285714 -1.0000000000000009 0
2.7857142857142856 0.9999999999999997 0
2.7483778081021817 1.1761774614264722 0
2.6998787732292224 1.3506370828558998 0
2.6403167562133576 1.5226718175770846 0
2.569836071744672 1.6915813485495157 0
2.4886252891621408 1.856674915979323 0
2.3969165690415064 2.017274109459333 0
2.2949848238690467 2.172715613419528 0
2.1831467060847505 2.3223538948190905 0
2.0617594274740036 2.465563822240805 0
1.931219414566605 2.601743205821729 0
1.791960805362913 2.7303152477698394 0
1.644453793346654 2.850730893573384 0
1.489202825359683 2.962471074406626 0
1.3267446605034259 3.0650488316708016 0
1.157646297792356 3.1580113150808584 0
0.9825027808145032 3.24094164621486 0
0.8019348881504973 3.313460639981812 0
0.6165867187639424 3.3752283770330536 0
0.42712318200030164 3.425945620739772 0
0.2342274022169838 3.465355072982407 0
0.03859804841279868 3.4932424636440818 0
-0.15905340047151928 3.509437469367272 0
-0.3580054436491886 3.51381445781782 0
-0.5575293888302568 3.506293054400593 0
-0.7568922134901149 3.486838529083545 0
-0.9553594456157294 3.4554620017089714 0
-1.1521980524012658 3.412220464899312 0
-1.3466793253305034 3.3572166243971204 0
-1.5380817500959305 3.2905985574117906 0
-1.7256938498631529 3.2125591902763464 0
-1.9088169904942 3.1233355974431585 0
-2.08676813649417 3.023208124564939 0
-2.258882546641582 2.912499339113793 0
-2.4245163985031746 2.7915728126838317 0
-2.583049331317694 2.6608317397988057 0
-2.733886897059241 2.5207173987030336 0
-2.8764629098579055 2.371707460248533 0
-3.0102416843618514 2.2143141516015414 0
-3.1347201540695755 2.0490822820748225 0
-3.2494298611414636 1.8765871389459952 0
-3.3539388097145215 1.6974322616445245 0
-3.447853175290828 1.5122471031786426 0
-3.530818863346973 1.3216845881264705 0
-3.602522910915811 1.1264185769312929 0
-3.662694725521319 0.9271412466172683 0
-3.7111071564991733 0.7245603983778038 0
-3.7475773944076125 0.5193967027825508 0
-3.771967694922315 0.31238089359967935 0
-3.784185924312748 0.10425092143656822 0
-3.784185924312748 -0.10425092143656955 0
-3.771967694922315 -0.3123808935996807 0
-3.747577394407613 -0.5193967027825491 0
-3.7111071564991747 -0.7245603983778023 0
-3.662694725521319 -0.9271412466172665 0
-3.602522910915811 -1.126418576931291 0
-3.530818863346973 -1.3216845881264718 0
-3.4478531752908292 -1.5122471031786413 0
-3.35393880971452 -1.6974322616445252 0
-3.249429861141465 -1.876587138945994 0
-3.134720154069577 -2.049082282074822 0
-3.0102416843618522 -2.2143141516015405 0
-2.876462909857907 -2.3717074602485315 0
-2.733886897059243 -2.5207173987030327 0
-2.583049331317694 -2.6608317397988066 0
-2.4245163985031764 -2.791572812683831 0
-2.2588825466415807 -2.912499339113794 0
-2.086768136494171 -3.0232081245649383 0
-1.9088169904942012 -3.1233355974431585 0
-1.7256938498631542 -3.2125591902763455 0
-1.5380817500959292 -3.290598557411791 0
-1.3466793253305025 -3.3572166243971204 0
-1.152198052401268 -3.4122204648993115 0
-0.9553594456157315 -3.455462001708971 0
-0.756892213490113 -3.4868385290835446 0
-0.5575293888302588 -3.5062930544005924 0
-0.3580054436491904 -3.5138144578178196 0
-0.15905340047152028 -3.509437469367272 0
0.038598048412796904 -3.493242463644082 0
0.23422740221698446 -3.465355072982407 0
0.4271231820002974 -3.425945620739774 0
0.6165867187639433 -3.3752283770330536 0
0.8019348881504957 -3.3134606399818125 0
0.9825027808145018 -3.240941646214861 0
1.1576462977923547 -3.158011315080859 0
1.326744660503425 -3.065048831670802 0
1.4892028253596852 -2.962471074406625 0
1.6444537933466508 -2.850730893573387 0
1.7919608053629137 -2.730315247769839 0
1.931219414566605 -2.601743205821729 0
2.061759427474003 -2.4655638222408056 0
2.1831467060847496 -2.322353894819091 0
2.2949848238690462 -2.172715613419529 0
2.3969165690415077 -2.017274109459331 0
2.4886252891621394 -1.8566749159793252 0
2.5698360717446724 -1.6915813485495144 0
2.6403167562133576 -1.5226718175770837 0
2.6998787732292224 -1.3506370828558998 0
2.7483778081021817 -1.1761774614264724 0
2.7857142857142856 -1.000000000000001 0
2.8571428571428568 0.9999999999999997 0
2.8196625707073157 1.1807077414019411 0
2.770732688431422 1.3596794009683104 0
2.7104545203035504 1.536189763602828 0
2.6389752647015543 1.709520490491021 0
2.5564875118579224 1.8789630192435005 0
2.46322856425694 2.043821427720785 0
2.359479576603805 2.203415249997326 0
2.2455645187325923 2.357082233111981 0
2.121848965533373 2.504181023487633 0
1.9887387186759664 2.6440937721827744 0
1.846678265585697 2.7762286484617347 0
1.6961490817827305 2.900022251536392 0
1.5376677833280494 3.014941910739307 0
1.371784136723749 3.120487864834498 0
1.1990789341902988 3.2161953116558823 0
1.0201617427866818 3.3016363197826823 0
0.8356685363485459 3.376421594513782 0
0.6462592196926484 3.4402020909869475 0
0.4526150549711496 3.492670467901565 0
0.2554360004547176 3.5335623759426977 0
0.055437972377757605 3.5626575756671914 0
-0.14664995920959573 3.579780880296715 0
-0.350088429370545 3.5848029195650515 0
-0.5541306805571323 3.5776407214850927 0
-0.7580254966211727 3.5582581096316788 0
-0.9610201568197857 3.5266659142769665 0
-1.1623633979922148 3.4829219964622355 0
-1.3613083730494453 3.427131084841033 0
-1.557115593930933 3.359444425880358 0
-1.749055847242969 3.2800592487559657 0
-1.936413070900852 3.1892180470220572 0
-2.1184871802517247 3.087207679871463 0
-2.2945968323558676 2.974358296526967 0
-2.4640821173507534 2.8510420880148866 0
-2.6263071661132416 2.7176718712652934 0
-2.780662663769619 2.5746995111569095 0
-2.9265682589797857 2.4226141867755944 0
-3.0634748593386907 2.2619405087812767 0
-3.1908668036940604 2.0932364953762947 0
-3.308263902672166 1.917091414936193 0
-3.4152233392313054 1.7341235038997678 0
-3.5113414216233223 1.5449775690163148 0
-3.5962551817349775 1.350322483512657 0
-3.669643812400518 1.1508485871688405 0
-3.7312299379223544 0.9472650006773703 0
-3.7807807127052735 0.7402968650054138 0
-3.818108743598783 0.5306825167806472 0
-3.843072832248964 0.3191706109785495 0
-3.855578534482975 0.10651720240071594 0
-3.855578534482975 -0.10651720240071727 0
-3.843072832248964 -0.3191706109785509 0
-3.818108743598783 -0.5306825167806455 0
-3.780780712705275 -0.7402968650054124 0
-3.7312299379223544 -0.9472650006773685 0
-3.669643812400518 -1.1508485871688388 0
-3.5962551817349775 -1.3503224835126584 0
-3.5113414216233236 -1.5449775690163132 0
-3.415223339231304 -1.7341235038997684 0
-3.308263902672167 -1.9170914149361917 0
-3.1908668036940617 -2.093236495376294 0
-3.063474859338692 -2.2619405087812754 0
-2.9265682589797866 -2.422614186775593 0
-2.78066266376962 -2.574699511156908 0
-2.6263071661132416 -2.7176718712652943 0
-2.4640821173507557 -2.8510420880148857 0
-2.2945968323558663 -2.974358296526968 0
-2.118487180251726 -3.087207679871462 0
-1.9364130709008531 -3.189218047022057 0
-1.7490558472429703 -3.2800592487559648 0
-1.5571155939309316 -3.359444425880358 0
-1.3613083730494446 -3.427131084841033 0
-1.162363397992217 -3.4829219964622355 0
-0.9610201568197878 -3.5266659142769665 0
-0.7580254966211707 -3.5582581096316783 0
-0.5541306805571344 -3.5776407214850927 0
-0.3500884293705468 -3.5848029195650515 0
-0.14664995920959678 -3.579780880296715 0
0.05543797237775583 -3.5626575756671923 0
0.25543600045471837 -3.5335623759426977 0
0.4526150549711453 -3.4926704679015668 0
0.6462592196926493 -3.440202090986948 0
0.8356685363485443 -3.3764215945137828 0
1.0201617427866805 -3.3016363197826832 0
1.1990789341902972 -3.216195311655883 0
1.3717841367237478 -3.120487864834499 0
1.5376677833280517 -3.0149419107393056 0
1.6961490817827272 -2.9000222515363947 0
1.8466782655856977 -2.7762286484617342 0
1.9887387186759664 -2.6440937721827744 0
2.121848965533373 -2.5041810234876336 0
2.245564518732591 -2.3570822331119814 0
2.3594795766038046 -2.203415249997327 0
2.463228564256941 -2.0438214277207827 0
2.556487511857921 -1.878963019243503 0
2.6389752647015547 -1.7095204904910202 0
2.710454520303551 -1.536189763602827 0
2.770732688431422 -1.3596794009683104 0
2.8196625707073157 -1.1807077414019411 0
2.8571428571428568 -1.000000000000001 0
2.9285714285714284 0.9999999999999997 0
2.8909473333124507 1.18523802137741 0
2.8415866036336217 1.368721719080721 0
2.780592284393744 1.5497077096285716 0
2.708114457658437 1.7274596324325269 0
2.624349734553704 1.9012511225076782 0
2.529540559472374 2.070368745982237 0
2.423974329338564 2.234114886575124 0
2.307982331380434 2.3918105714048714 0
2.1819385035927437 2.542798224734462 0
2.0462580227853278 2.6864443385438204 0
1.9013957258084815 2.822142049153631 0
1.747844370218807 2.9493136094994 0
1.5861327412964161 3.067412747071988 0
1.4168236129440719 3.1759268979981954 0
1.2405115705882415 3.2743793082309063 0
1.0578207047588606 3.362330993350505 0
0.8694021845465949 3.439382549045752 0
0.6759317206213546 3.505175804940842 0
0.4781069279419976 3.559395315063359 0
0.2766445986924516 3.601769678902989 0
0.07227789634271675 3.632072687690302 0
-0.13424651794767206 3.6501242912261587 0
-0.3421714150919013 3.6557913813122846 0
-0.5507319722840078 3.6489883885695935 0
-0.7591587797522305 3.629677690179813 0
-0.966680868023842 3.5978698268449634 0
-1.1725287435831637 3.5536235280251596 0
-1.3759374207683877 3.4970455452849456 0
-1.5761494377659355 3.4282902943489253 0
-1.7724178446227845 3.347559307235585 0
-1.964009151307504 3.255100496600956 0
-2.1502062240092803 3.151207235177987 0
-2.3303111180701537 3.0362172539401415 0
-2.503647836198333 2.910511363345942 0
-2.6695650009087895 2.7745120027317816 0
-2.8274384304799964 2.6286816236107855 0
-2.976673608101666 2.473520913302656 0
-3.1167080343155305 2.309566865961012 0
-3.2470134533185453 2.137390708677766 0
-3.3670979442028686 1.957595690926391 0
-3.4765078687480897 1.7708147461550112 0
-3.5748296679558167 1.577708034853987 0
-3.661691500122983 1.3789603788988438 0
-3.736764713885226 1.1752785974063884 0
-3.79976515032339 0.9673887547374725 0
-3.850454268911374 0.7560333316330239 0
-3.8886400927899545 0.5419683307787436 0
-3.9141779695756127 0.3259603283574197 0
-3.926971144653203 0.10878348336486363 0
-3.926971144653203 -0.10878348336486501 0
-3.9141779695756127 -0.3259603283574211 0
-3.888640092789955 -0.541968330778742 0
-3.8504542689113754 -0.7560333316330224 0
-3.79976515032339 -0.9673887547374707 0
-3.736764713885226 -1.1752785974063866 0
-3.661691500122983 -1.3789603788988452 0
-3.574829667955818 -1.5777080348539856 0
-3.4765078687480884 -1.770814746155012 0
-3.3670979442028695 -1.9575956909263899 0
-3.2470134533185466 -2.1373907086777653 0
-3.116708034315532 -2.3095668659610107 0
-2.976673608101667 -2.4735209133026546 0
-2.8274384304799978 -2.6286816236107837 0
-2.6695650009087895 -2.7745120027317824 0
-2.503647836198335 -2.910511363345941 0
-2.330311118070152 -3.036217253940142 0
-2.1502062240092816 -3.1512072351779863 0
-1.9640091513075055 -3.2551004966009556 0
-1.772417844622786 -3.347559307235584 0
-1.5761494377659342 -3.4282902943489257 0
-1.3759374207683868 -3.4970455452849456 0
-1.172528743583166 -3.5536235280251596 0
-0.9666808680238441 -3.597869826844963 0
-0.7591587797522285 -3.6296776901798125 0
-0.55073197228401 -3.6489883885695935 0
-0.3421714150919032 -3.655791381312284 0
-0.13424651794767317 -3.6501242912261587 0
0.07227789634271498 -3.6320726876903024 0
0.2766445986924524 -3.601769678902989 0
0.4781069279419933 -3.55939531506336 0
0.6759317206213555 -3.5051758049408424 0
0.8694021845465933 -3.439382549045753 0
1.0578207047588593 -3.362330993350506 0
1.2405115705882401 -3.274379308230907 0
1.416823612944071 -3.175926897998196 0
1.5861327412964186 -3.067412747071987 0
1.7478443702188036 -2.949313609499403 0
1.9013957258084822 -2.82214204915363 0
2.0462580227853278 -2.6864443385438204 0
2.181938503592743 -2.542798224734462 0
2.3079823313804333 -2.3918105714048723 0
2.4239743293385634 -2.2341148865751252 0
2.5295405594723754 -2.0703687459822344 0
2.624349734553703 -1.9012511225076807 0
2.7081144576584375 -1.7274596324325255 0
2.7805922843937445 -1.5497077096285707 0
2.8415866036336217 -1.3687217190807213 0
2.8909473333124507 -1.18523802137741 0
2.9285714285714284 -1.000000000000001 0
3.0 0.9999999999999997 0
2.9622320959175856 1.189768301352879 0
2.9124405188358216 1.3777640371931317 0
2.8507300484839377 1.5632256556543154 0
2.77725365061532 1.7453987743740325 0
2.6922119572494863 1.923539225771856 0
2.595852554687808 2.096916064243689 0
2.4884690820733226 2.264814523152922 0
2.370400144028276 2.4265389096977623 0
2.242028041652114 2.5814154259812905 0
2.103777326894689 2.7287949049048663 0
1.956113186031266 2.8680554498455266 0
1.7995396586548833 2.998604967462408 0
1.6345976992647826 3.119883583404669 0
1.4618630891643951 3.2313659311618927 0
1.2819442069861844 3.33256330480593 0
1.0954796667310394 3.4230256669183277 0
0.9031358327446437 3.5023435035777224 0
0.7056042215500611 3.5701495188947363 0
0.5035988009128456 3.6261201622251527 0
0.29785319693018564 3.66997698186328 0
0.0891178203076759 3.701487799713412 0
-0.12184307668574845 3.7204677021556023 0
-0.33425440081325763 3.726779843059517 0
-0.5473332640108833 3.7203360556540943 0
-0.7602920628832882 3.701097270727947 0
-0.9723415792278983 3.6690737394129593 0
-1.1826940891741127 3.6243250595880836 0
-1.39056646848733 3.5669600057288586 0
-1.5951832816009381 3.4971361628174926 0
-1.7957798420026005 3.415059365715204 0
-1.9916052317141562 3.320982946179855 0
-2.1819252677668355 3.2152067904845114 0
-2.3660254037844393 3.098076211353316 0
-2.5432135550459125 2.969980638676997 0
-2.712822835704337 2.8313521341982697 0
-2.874214197190374 2.6826637360646606 0
-3.026778957223546 2.524427639829718 0
-3.16994120929237 2.357193223140747 0
-3.30316010294303 2.1815449219792384 0
-3.425931985733571 1.998099966916589 0
-3.537792398264874 1.8075059884102547 0
-3.6383179142883115 1.6104385006916593 0
-3.727127818510988 1.4075982742850306 0
-3.803885615369934 1.1997086076439363 0
-3.868300362724426 0.9875125087975747 0
-3.920127825117475 0.7717697982606341 0
-3.9591714419811255 0.5532541447768401 0
-3.9852831069022616 0.33275004573628997 0
-3.9983637548234308 0.11104976432901134 0
-3.9983637548234308 -0.11104976432901274 0
-3.9852831069022616 -0.33275004573629136 0
-3.959171441981126 -0.5532541447768384 0
-3.920127825117476 -0.7717697982606325 0
-3.868300362724426 -0.9875125087975728 0
-3.803885615369934 -1.1997086076439345 0
-3.727127818510988 -1.407598274285032 0
-3.638317914288313 -1.6104385006916577 0
-3.5377923982648727 -1.8075059884102553 0
-3.425931985733572 -1.9980999669165878 0
-3.3031601029430315 -2.1815449219792376 0
-3.1699412092923707 -2.357193223140746 0
-3.0267789572235473 -2.5244276398297165 0
-2.8742141971903754 -2.6826637360646597 0
-2.712822835704337 -2.8313521341982706 0
-2.5432135550459147 -2.9699806386769962 0
-2.366025403784438 -3.0980762113533165 0
-2.181925267766837 -3.2152067904845105 0
-1.9916052317141575 -3.3209829461798543 0
-1.7957798420026019 -3.4150593657152033 0
-1.5951832816009368 -3.497136162817493 0
-1.3905664684873291 -3.5669600057288586 0
-1.182694089174115 -3.6243250595880836 0
-0.9723415792279005 -3.669073739412959 0
-0.7602920628832861 -3.7010972707279466 0
-0.5473332640108856 -3.7203360556540943 0
-0.3342544008132595 -3.726779843059517 0
-0.12184307668574956 -3.7204677021556023 0
0.08911782030767401 -3.701487799713413 0
0.2978531969301864 -3.66997698186328 0
0.503598800912841 -3.626120162225154 0
0.7056042215500617 -3.5701495188947368 0
0.9031358327446422 -3.5023435035777233 0
1.095479666731038 -3.4230256669183285 0
1.2819442069861828 -3.332563304805931 0
1.4618630891643938 -3.231365931161893 0
1.6345976992647853 -3.119883583404668 0
1.79953965865488 -2.998604967462411 0
1.9561131860312662 -2.8680554498455257 0
2.103777326894689 -2.7287949049048663 0
2.2420280416521137 -2.581415425981291 0
2.3704001440282747 -2.426538909697763 0
2.488469082073322 -2.2648145231529235 0
2.5958525546878093 -2.0969160642436866 0
2.6922119572494845 -1.9235392257718584 0
2.7772536506153203 -1.7453987743740313 0
2.8507300484839377 -1.5632256556543143 0
2.9124405188358216 -1.377764037193132 0
2.9622320959175856 -1.189768301352879 0
3.0 -1.000000000000001 0
3.071428571428571 0.9999999999999997 0
3.0335168585227197 1.1942985813283478 0
2.983294434038021 1.3868063553055423 0
2.9208678125741305 1.576743601680059 0
2.846392843572202 1.763337916315538 0
2.760074179945268 1.9458273290360335 0
2.6621645499032414 2.123463382505141 0
2.5529638348080814 2.29551415973072 0
2.4328179566761174 2.4612672479906528 0
2.3021175797114837 2.6200326272281185 0
2.1612966310040505 2.771145471265912 0
2.0108306462540493 2.913968850537422 0
1.8512349470909597 3.0478963254254157 0
1.683062657233149 3.1723544197373497 0
1.506902565384718 3.286804964325589 0
1.3233768433841269 3.390747301380954 0
1.1331386287032181 3.48372034048615 0
0.9368694809426923 3.565304458109692 0
0.7352767224787671 3.6351232328486303 0
0.5290906738836936 3.6928450093869456 0
0.31906179516791955 3.738184284823571 0
0.10595774427263494 3.7709029117365223 0
-0.10943963542382495 3.7908111130850455 0
-0.326337386534614 3.797768304806749 0
-0.5439345557377588 3.791683722738594 0
-0.761425346014346 3.7725168512760807 0
-0.9780022904319546 3.7402776519809544 0
-1.1928594347650616 3.695026591151007 0
-1.405195516206272 3.636874466172771 0
-1.6142171254359408 3.56598203128606 0
-1.8191418393824164 3.4825594241948234 0
-2.019201312120808 3.386865395758753 0
-2.2136443115243907 3.279206345791035 0
-2.401739689498725 3.1599351687664896 0
-2.5827792738934914 3.029449914008052 0
-2.756080670499885 2.8881922656647574 0
-2.9209899639007513 2.7366458485185365 0
-3.076884306345426 2.5753343663567794 0
-3.2231743842692095 2.4048195803204817 0
-3.3593067525675147 2.22569913528071 0
-3.484766027264273 2.038604242906787 0
-3.599076927781658 1.844197230665498 0
-3.701806160620806 1.6431689665293314 0
-3.7925641368989926 1.4362361696712171 0
-3.8710065168546417 1.224138617881484 0
-3.9368355751254613 1.0076362628576767 0
-3.9898013813235753 0.787506264888244 0
-4.029702791172297 0.5645399587749366 0
-4.05638824422891 0.3395397631151601 0
-4.0697563649936574 0.11331604529315903 0
-4.0697563649936574 -0.11331604529316046 0
-4.05638824422891 -0.33953976311516154 0
-4.029702791172297 -0.5645399587749348 0
-3.9898013813235766 -0.7875062648882425 0
-3.9368355751254613 -1.0076362628576747 0
-3.8710065168546417 -1.224138617881482 0
-3.7925641368989926 -1.4362361696712185 0
-3.7018061606208073 -1.6431689665293299 0
-3.5990769277816566 -1.8441972306654986 0
-3.4847660272642744 -2.0386042429067857 0
-3.359306752567516 -2.225699135280709 0
-3.2231743842692104 -2.404819580320481 0
-3.0768843063454274 -2.575334366356778 0
-2.9209899639007526 -2.7366458485185348 0
-2.7560806704998844 -2.8881922656647583 0
-2.582779273893494 -3.029449914008051 0
-2.4017396894987235 -3.1599351687664905 0
-2.213644311524392 -3.279206345791034 0
-2.0192013121208094 -3.3868653957587527 0
-1.819141839382418 -3.4825594241948226 0
-1.614217125435939 -3.56598203128606 0
-1.4051955162062713 -3.636874466172771 0
-1.1928594347650638 -3.6950265911510067 0
-0.9780022904319569 -3.7402776519809544 0
-0.7614253460143438 -3.7725168512760803 0
-0.5439345557377611 -3.7916837227385947 0
-0.3263373865346159 -3.797768304806749 0
-0.10943963542382606 -3.7908111130850455 0
0.10595774427263294 -3.7709029117365227 0
0.3190617951679203 -3.738184284823571 0
0.529090673883689 -3.692845009386947 0
0.735276722478768 -3.6351232328486303 0
0.9368694809426907 -3.5653044581096927 0
1.1331386287032168 -3.4837203404861508 0
1.3233768433841253 -3.390747301380955 0
1.506902565384717 -3.2868049643255897 0
1.6830626572331517 -3.1723544197373488 0
1.8512349470909564 -3.0478963254254188 0
2.01083064625405 -2.9139688505374215 0
2.1612966310040505 -2.771145471265912 0
2.3021175797114832 -2.620032627228119 0
2.432817956676117 -2.4612672479906537 0
2.5529638348080805 -2.2955141597307214 0
2.6621645499032427 -2.1234633825051383 0
2.760074179945266 -1.9458273290360362 0
2.8463928435722026 -1.763337916315537 0
2.920867812574131 -1.5767436016800578 0
2.983294434038021 -1.3868063553055425 0
3.0335168585227197 -1.194298581328348 0
3.071428571428571 -1.000000000000001 0
3.142857142857143 0.9999999999999997 0
3.1048016211278546 1.1988288613038167 0
3.054148349240221 1.3958486734179532 0
2.991005576664324 1.5902615477058024 0
2.915532036529085 1.7812770582570439 0
2.8279364026410496 1.9681154323002112 0
2.728476545118675 2.1500107007665927 0
2.61745858754284 2.326213796308518 0
2.4952357693239597 2.4959955862835432 0
2.362207117770854 2.6586498284749474 0
2.218815935113412 2.8134960376269578 0
2.0655481064768337 2.9598822512293177 0
1.9029302355270366 3.097187683388424 0
1.731527615201516 3.224825256070031 0
1.5519420416050411 3.3422439974892857 0
1.3648094797820698 3.448931297955978 0
1.170797590675397 3.5444150140539725 0
0.9706031291407413 3.628265412641663 0
0.7649492234074733 3.7000969468025247 0
0.5545825468545418 3.7595698565487394 0
0.34027039340565357 3.806391587783862 0
0.12279766823759408 3.8403180237596324 0
-0.09703619416190123 3.861154524014489 0
-0.3184203722559703 3.8687567665539824 0
-0.5405358474646343 3.863031389823095 0
-0.7625586291454037 3.843936431824215 0
-0.983663001636011 3.8114815645489504 0
-1.2030247803560106 3.765728122713931 0
-1.4198245639252143 3.7067889266166842 0
-1.6332509692709432 3.6348278997546273 0
-1.8425038367622322 3.5500594826744427 0
-2.04679739252746 3.452747845337652 0
-2.2453633552819463 3.3432059010975594 0
-2.437453975213011 3.221794126179664 0
-2.622344992741071 3.0889191893391073 0
-2.7993385052954327 2.9450323971312455 0
-2.967765730611129 2.7906279609724116 0
-3.1269896554673062 2.626241092883841 0
-3.2764075592460493 2.452445937500217 0
-3.4154534021919996 2.269853348582182 0
-3.5436000687949756 2.0791085188969847 0
-3.660361457298442 1.8808884729207413 0
-3.7652944069533003 1.6758994323670036 0
-3.858000455286998 1.464874065057404 0
-3.9381274183393495 1.2485686281190318 0
-4.005370787526497 1.027760016917779 0
-4.059474937529676 0.8032427315158541 0
-4.100234140363468 0.575825772773033 0
-4.127493381555559 0.34632948049403034 0
-4.141148975163886 0.11558232625730672 0
-4.141148975163886 -0.1155823262573082 0
-4.127493381555559 -0.3463294804940317 0
-4.100234140363468 -0.5758257727730313 0
-4.059474937529677 -0.8032427315158526 0
-4.005370787526497 -1.027760016917777 0
-3.9381274183393495 -1.2485686281190298 0
-3.858000455286998 -1.4648740650574053 0
-3.765294406953302 -1.675899432367002 0
-3.660361457298441 -1.8808884729207422 0
-3.543600068794977 -2.079108518896984 0
-3.4154534021920013 -2.2698533485821812 0
-3.27640755924605 -2.452445937500216 0
-3.1269896554673076 -2.6262410928838396 0
-2.9677657306111302 -2.7906279609724107 0
-2.7993385052954323 -2.9450323971312464 0
-2.6223449927410734 -3.0889191893391064 0
-2.4374539752130095 -3.221794126179665 0
-2.2453633552819476 -3.343205901097558 0
-2.046797392527462 -3.452747845337652 0
-1.8425038367622335 -3.550059482674442 0
-1.6332509692709416 -3.6348278997546277 0
-1.4198245639252134 -3.7067889266166842 0
-1.2030247803560128 -3.7657281227139308 0
-0.9836630016360133 -3.8114815645489504 0
-0.7625586291454015 -3.8439364318242144 0
-0.5405358474646367 -3.8630313898230955 0
-0.3184203722559723 -3.868756766553982 0
-0.09703619416190246 -3.861154524014489 0
0.12279766823759208 -3.8403180237596333 0
0.34027039340565435 -3.806391587783862 0
0.554582546854537 -3.7595698565487408 0
0.7649492234074742 -3.7000969468025247 0
0.9706031291407398 -3.628265412641663 0
1.1707975906753956 -3.5444150140539734 0
1.3648094797820682 -3.448931297955979 0
1.5519420416050398 -3.342243997489287 0
1.7315276152015187 -3.2248252560700297 0
1.9029302355270328 -3.097187683388427 0
2.0655481064768346 -2.9598822512293173 0
2.218815935113412 -2.8134960376269578 0
2.3622071177708537 -2.6586498284749474 0
2.4952357693239584 -2.495995586283544 0
2.6174585875428393 -2.326213796308519 0
2.728476545118677 -2.1500107007665905 0
2.8279364026410487 -1.968115432300214 0
2.9155320365290853 -1.7812770582570425 0
2.9910055766643246 -1.5902615477058015 0
3.054148349240221 -1.3958486734179532 0
3.1048016211278546 -1.198828861303817 0
3.142857142857143 -1.000000000000001 0
3.214285714285714 0.9999999999999996 0
3.176086383732989 1.2033591412792857 0
3.1250022644424202 1.4048909915303638 0
3.0611433407545174 1.6037794937315462 0
2.984671229485967 1.7992162001985492 0
2.8957986253368313 1.9904035355643888 0
2.7947885403341086 2.1765580190280445 0
2.6819533402775986 2.3569134328863157 0
2.557653581971801 2.5307239245764337 0
2.4222966558302237 2.6972670297217753 0
2.276335239222773 2.8558466039880033 0
2.1202655666996177 3.0057956519212135 0
1.9546255239631125 3.146479041351432 0
1.7799925731698825 3.2772960924027115 0
1.5969815178253643 3.397683030652983 0
1.4062421161800125 3.507115294531002 0
1.2084565526475757 3.6051096876217947 0
1.00433677733879 3.6912263671736327 0
0.7946217243361793 3.7650706607564186 0
0.5800744198253895 3.8262947037105324 0
0.36147899164338737 3.874598890744153 0
0.139637592202553 3.9097331357827425 0
-0.08463275289997774 3.9314979349439323 0
-0.3105033579773267 3.9397452283012138 0
-0.5371371391915098 3.934379056907596 0
-0.7636919122764614 3.9153560123723485 0
-0.9893237128400673 3.8826854771169463 0
-1.2131901259469593 3.836429654276855 0
-1.4344536116441566 3.776703387060597 0
-1.6522848131059455 3.703673768223194 0
-1.865865834142048 3.6175595411540615 0
-2.074393472934112 3.5186302949165507 0
-2.277082399039501 3.4072054564040832 0
-2.4731682609272965 3.283653083592838 0
-2.66191071158865 3.148388464670162 0
-2.8425963400909797 3.0018725285977332 0
-3.0145414973215066 2.8446100734262876 0
-3.177095004589186 2.6771478194109024 0
-3.3296407342228886 2.5000722946799523 0
-3.4716000518164845 2.3140075618836535 0
-3.6024341103256776 2.119612794887183 0
-3.721645986815226 1.9175797151759846 0
-3.8287826532857947 1.7086298982046757 0
-3.9234367736750024 1.4935119604435905 0
-4.005248319824057 1.2729986383565794 0
-4.073905999927532 1.047883770977881 0
-4.1291484937357765 0.8189791981434642 0
-4.170765489554639 0.5871115867711295 0
-4.198598518882208 0.35311919787290047 0
-4.212541585334113 0.11784860722145443 0
-4.212541585334113 -0.11784860722145592 0
-4.198598518882208 -0.3531191978729019 0
-4.170765489554639 -0.5871115867711276 0
-4.129148493735777 -0.8189791981434625 0
-4.073905999927533 -1.047883770977879 0
-4.005248319824057 -1.2729986383565774 0
-3.9234367736750024 -1.4935119604435918 0
-3.828782653285796 -1.7086298982046741 0
-3.7216459868152247 -1.9175797151759855 0
-3.602434110325679 -2.1196127948871815 0
-3.471600051816486 -2.3140075618836526 0
-3.32964073422289 -2.500072294679951 0
-3.1770950045891873 -2.677147819410901 0
-3.014541497321508 -2.844610073426286 0
-2.8425963400909797 -3.0018725285977346 0
-2.6619107115886527 -3.148388464670161 0
-2.473168260927295 -3.2836530835928386 0
-2.277082399039503 -3.407205456404082 0
-2.074393472934114 -3.51863029491655 0
-1.8658658341420495 -3.61755954115406 0
-1.6522848131059442 -3.7036737682231946 0
-1.4344536116441557 -3.776703387060597 0
-1.2131901259469617 -3.836429654276855 0
-0.9893237128400696 -3.882685477116946 0
-0.7636919122764592 -3.915356012372348 0
-0.5371371391915123 -3.934379056907596 0
-0.3105033579773287 -3.9397452283012138 0
-0.08463275289997896 -3.9314979349439323 0
0.139637592202551 -3.909733135782743 0
0.36147899164338826 -3.874598890744153 0
0.5800744198253848 -3.8262947037105337 0
0.7946217243361802 -3.765070660756419 0
1.0043367773387883 -3.691226367173633 0
1.208456552647574 -3.6051096876217956 0
1.4062421161800107 -3.507115294531003 0
1.5969815178253626 -3.3976830306529835 0
1.7799925731698851 -3.27729609240271 0
1.9546255239631092 -3.146479041351435 0
2.1202655666996186 -3.0057956519212126 0
2.276335239222773 -2.8558466039880033 0
2.4222966558302237 -2.697267029721776 0
2.5576535819718 -2.5307239245764346 0
2.6819533402775977 -2.356913432886317 0
2.7947885403341104 -2.1765580190280422 0
2.8957986253368304 -1.9904035355643916 0
2.9846712294859676 -1.799216200198548 0
3.061143340754518 -1.6037794937315448 0
3.1250022644424202 -1.4048909915303638 0
3.176086383732989 -1.2033591412792857 0
3.214285714285714 -1.000000000000001 0
3.2857142857142856 0.9999999999999996 0
3.2473711463381236 1.2078894212547546 0
3.19585617964462 1.4139333096427744 0
3.1312811048447107 1.61729743975729 0
3.05381042244285 1.817155342140055 0
2.9636608480326134 2.0126916388285663 0
2.861100535549543 2.2031053372894966 0
2.7464480930123574 2.387613069464114 0
2.620071394619643 2.5654522628693246 0
2.482386193889594 2.735884230968604 0
2.3338545433321345 2.8981971703490492 0
2.174983026922402 3.051709052613109 0
2.0063208123991894 3.1957703993144397 0
1.828457531138249 3.329766928735393 0
1.6420209940456871 3.4531220638166795 0
1.4476747525779552 3.565299291106026 0
1.2461155146197544 3.6658043611896174 0
1.038070425536839 3.754187321705603 0
0.8242942252648855 3.830044374710313 0
0.6055662927962377 3.8930195508723253 0
0.3826875898811214 3.942806193704444 0
0.15647751616751215 3.9791482478058526 0
-0.07222931163805413 4.001841345873376 0
-0.302586343698683 4.010733690048447 0
-0.5337384309183854 4.005726723992097 0
-0.7648251954075191 3.9867755929204827 0
-0.9949844240441236 3.9538893896849423 0
-1.2233554715379082 3.9071311858397784 0
-1.4490826593630988 3.84661784750451 0
-1.6713186569409482 3.772519636691762 0
-1.8892278315218638 3.685059599633681 0
-2.101989553340764 3.5845127444954494 0
-2.3088014427970567 3.4712050117106075 0
-2.508882546641582 3.3455120410060126 0
-2.7014764304362293 3.2078577400012174 0
-2.8858541748865276 3.0587126600642214 0
-3.061317264031884 2.8985921858801627 0
-3.2272003537110665 2.7280545459379644 0
-3.3828739091997284 2.5476986518596876 0
-3.5277467014409694 2.3581617751851254 0
-3.66126815185638 2.160117070877381 0
-3.7829305163320104 1.9542709574312278 0
-3.8922708996182895 1.741360364042348 0
-3.9888730920630078 1.5221498558297772 0
-4.072369221308765 1.2974286485941273 0
-4.142441212328568 1.068007525037983 0
-4.198822049941876 0.8347156647710743 0
-4.24129683874581 0.598397400769226 0
-4.269703656208857 0.3599089152517706 0
-4.28393419550434 0.12011488818560212 0
-4.28393419550434 -0.12011488818560365 0
-4.269703656208857 -0.35990891525177215 0
-4.24129683874581 -0.5983974007692241 0
-4.198822049941878 -0.8347156647710726 0
-4.142441212328568 -1.068007525037981 0
-4.072369221308765 -1.2974286485941253 0
-3.9888730920630078 -1.5221498558297786 0
-3.892270899618291 -1.7413603640423463 0
-3.7829305163320086 -1.9542709574312287 0
-3.6612681518563814 -2.1601170708773796 0
-3.5277467014409707 -2.358161775185125 0
-3.3828739091997297 -2.5476986518596862 0
-3.227200353711068 -2.7280545459379626 0
-3.0613172640318855 -2.8985921858801618 0
-2.8858541748865276 -3.0587126600642227 0
-2.701476430436232 -3.2078577400012165 0
-2.5088825466415807 -3.345512041006013 0
-2.308801442797058 -3.471205011710606 0
-2.1019895533407658 -3.584512744495449 0
-1.8892278315218656 -3.6850595996336803 0
-1.6713186569409466 -3.772519636691762 0
-1.4490826593630979 -3.84661784750451 0
-1.2233554715379107 -3.907131185839778 0
-0.9949844240441259 -3.9538893896849423 0
-0.7648251954075169 -3.9867755929204822 0
-0.5337384309183878 -4.005726723992097 0
-0.30258634369868503 -4.010733690048447 0
-0.07222931163805535 -4.001841345873376 0
0.15647751616751016 -3.9791482478058535 0
0.3826875898811223 -3.942806193704444 0
0.6055662927962328 -3.893019550872327 0
0.8242942252648866 -3.8300443747103134 0
1.0380704255368371 -3.7541873217056034 0
1.2461155146197527 -3.6658043611896183 0
1.4476747525779536 -3.565299291106027 0
1.6420209940456858 -3.453122063816681 0
1.8284575311382516 -3.3297669287353915 0
2.006320812399186 -3.1957703993144433 0
2.1749830269224026 -3.0517090526131083 0
2.3338545433321345 -2.8981971703490492 0
2.4823861938895937 -2.7358842309686042 0
2.620071394619642 -2.5654522628693255 0
2.7464480930123565 -2.3876130694641153 0
2.8611005355495442 -2.203105337289494 0
2.963660848032612 -2.0126916388285694 0
3.0538104224428504 -1.8171553421400537 0
3.131281104844711 -1.6172974397572886 0
3.19585617964462 -1.4139333096427744 0
3.2473711463381236 -1.2078894212547546 0
3.2857142857142856 -1.000000000000001 0
3.3571428571428568 0.9999999999999996 0
3.318655908943258 1.2124197012302234 0
3.2667100948468195 1.422975627755185 0
3.201418868934904 1.6308153857830332 0
3.1229496153997323 1.8350944840815606 0
3.031523070728395 2.0349797420927445 0
2.9274125307649763 2.2296526555509484 0
2.8109428457471157 2.418312706041912 0
2.682489207267485 2.600180601162215 0
2.542475731948964 2.774501432215432 0
2.3913738474414954 2.9405477367100947 0
2.2297004871451858 3.0976224533050045 0
2.0580161008352653 3.2450617572774476 0
1.8769224891066154 3.3822377650680737 0
1.6870604702660104 3.508561096980377 0
1.489107388975898 3.62348328768105 0
1.2837744765919332 3.7264990347574396 0
1.0718040737348875 3.817148276237573 0
0.8539667261935917 3.895018088664207 0
0.6310581657670855 3.9597443980341183 0
0.4038961881188553 4.011013496664734 0
0.1733174401324712 4.048563359828963 0
-0.05982587037613052 4.0721847568028195 0
-0.29466932942003937 4.081722151795679 0
-0.5303397226452609 4.0770743910765965 0
-0.7659584785385769 4.058195173468617 0
-1.0006451352481798 4.025093302252938 0
-1.2335208171288572 3.977832717402702 0
-1.463711707082041 3.916532307948422 0
-1.6903525007759508 3.841365505160329 0
-1.9125898289016796 3.7525596581133 0
-2.129585633747416 3.6503951940743478 0
-2.3405204865546114 3.5352045670171313 0
-2.5445968323558676 3.4073709984191862 0
-2.7410421492838086 3.267327015332272 0
-2.9291120096820755 3.115552791530709 0
-3.1080930307422614 2.9525742983340386 0
-3.277305702832946 2.778961272465026 0
-3.436107084176568 2.5953250090394224 0
-3.583893351065454 2.402315988486597 0
-3.720102193387082 2.2006213468675786 0
-3.8442150458487943 1.990962199686471 0
-3.955759145950784 1.77409082988002 0
-4.054309410451013 1.5507877512159638 0
-4.139490122793473 1.321858658831675 0
-4.210976424729603 1.0881312790980853 0
-4.268495606147977 0.8504521313986843 0
-4.311828187936981 0.6096832147673223 0
-4.340808793535506 0.36669863263064084 0
-4.355326805674568 0.12238116914974981 0
-4.355326805674568 -0.12238116914975136 0
-4.340808793535506 -0.36669863263064234 0
-4.311828187936981 -0.6096832147673205 0
-4.268495606147979 -0.8504521313986826 0
-4.210976424729603 -1.088131279098083 0
-4.139490122793473 -1.321858658831673 0
-4.054309410451013 -1.5507877512159653 0
-3.9557591459507853 -1.7740908298800184 0
-3.8442150458487925 -1.990962199686472 0
-3.7201021933870835 -2.2006213468675773 0
-3.5838933510654556 -2.4023159884865963 0
-3.4361070841765686 -2.595325009039421 0
-3.2773057028329475 -2.778961272465024 0
-3.1080930307422627 -2.9525742983340373 0
-2.929112009682075 -3.1155527915307104 0
-2.7410421492838113 -3.2673270153322713 0
-2.5445968323558663 -3.407370998419187 0
-2.340520486554613 -3.53520456701713 0
-2.1295856337474177 -3.6503951940743473 0
-1.9125898289016812 -3.7525596581132987 0
-1.690352500775949 -3.8413655051603293 0
-1.46371170708204 -3.916532307948422 0
-1.2335208171288596 -3.977832717402702 0
-1.0006451352481824 -4.025093302252937 0
-0.7659584785385746 -4.058195173468616 0
-0.5303397226452634 -4.077074391076597 0
-0.2946693294200414 -4.081722151795679 0
-0.05982587037613174 -4.0721847568028195 0
0.17331744013246908 -4.048563359828963 0
0.4038961881188561 -4.011013496664734 0
0.6310581657670805 -3.9597443980341205 0
0.8539667261935926 -3.895018088664207 0
1.0718040737348857 -3.8171482762375737 0
1.2837744765919314 -3.7264990347574405 0
1.4891073889758961 -3.6234832876810508 0
1.6870604702660086 -3.5085610969803778 0
1.876922489106618 -3.382237765068072 0
2.058016100835262 -3.245061757277451 0
2.2297004871451866 -3.097622453305004 0
2.3913738474414954 -2.9405477367100947 0
2.5424757319489637 -2.7745014322154327 0
2.6824892072674835 -2.600180601162216 0
2.810942845747115 -2.418312706041913 0
2.9274125307649776 -2.2296526555509457 0
3.0315230707283938 -2.034979742092747 0
3.1229496153997327 -1.8350944840815595 0
3.2014188689349043 -1.630815385783032 0
3.2667100948468195 -1.422975627755185 0
3.318655908943258 -1.2124197012302236 0
3.3571428571428568 -1.0000000000000013 0
3.4285714285714284 0.9999999999999996 0
3.389940671548393 1.2169499812056923 0
3.3375640100490194 1.4320179458675957 0
3.2715566330250976 1.644333331808777 0
3.192088808356615 1.8530336260230662 0
3.099385293424177 2.0572678453569218 0
2.99372452598041 2.2561999738124006 0
2.8754375984818745 2.4490123426197097 0
2.7449070199153267 2.634908939455106 0
2.602565270008334 2.8131186334622607 0
2.448893151550857 2.9828983030711407 0
2.28441794736797 3.1435358539969003 0
2.109711389271342 3.294353115240456 0
1.9253874470749823 3.4347086014007546 0
1.7320999464863331 3.5640001301440734 0
1.5305400253738406 3.681667284256074 0
1.321433438564112 3.787193708325262 0
1.1055377219329365 3.880109230769543 0
0.8836392271222979 3.9599918026181014 0
0.6565500387379337 4.026469245195912 0
0.4251047863565892 4.079220799625026 0
0.19015736409743034 4.117978471852073 0
-0.04742242911420691 4.142528167732263 0
-0.28675231514139565 4.1527106135429115 0
-0.5269410143721365 4.148422058161097 0
-0.7670917616696347 4.1296147540167505 0
-1.006305846452236 4.096297214820934 0
-1.2436861627198061 4.048534248965626 0
-1.4783407548009833 3.986446768392335 0
-1.7093863446109532 3.910211373628896 0
-1.9359518262814954 3.8200597165929193 0
-2.157181714154068 3.7162776436532465 0
-2.372239530312167 3.5992041223236555 0
-2.5803111180701537 3.4692299558323607 0
-2.780607868131388 3.3267962906633275 0
-2.9723698444776225 3.172392922997197 0
-3.154868797452639 3.0065564107879146 0
-3.3274110519548263 2.8298679989920874 0
-3.489340259153408 2.6429513662191577 0
-3.6400400006899387 2.446470201788069 0
-3.7789362349177846 2.2411256228577767 0
-3.9054995753655786 2.0276534419417143 0
-4.019247392283278 1.8068212957176923 0
-4.119745728839018 1.5794256466021506 0
-4.20661102427818 1.3462886690692228 0
-4.279511637130639 1.1082550331581875 0
-4.3381691623540775 0.8661885980262943 0
-4.382359537128152 0.6209690287654188 0
-4.411913930862155 0.37348835000951097 0
-4.426719415844795 0.12464745011389752 0
-4.426719415844795 -0.1246474501138991 0
-4.411913930862155 -0.3734883500095126 0
-4.382359537128152 -0.6209690287654169 0
-4.338169162354079 -0.8661885980262927 0
-4.279511637130639 -1.1082550331581853 0
-4.20661102427818 -1.3462886690692206 0
-4.119745728839018 -1.5794256466021521 0
-4.01924739228328 -1.8068212957176906 0
-3.905499575365577 -2.0276534419417156 0
-3.778936234917786 -2.2411256228577754 0
-3.6400400006899405 -2.4464702017880677 0
-3.4893402591534084 -2.6429513662191564 0
-3.327411051954828 -2.829867998992086 0
-3.1548687974526404 -3.006556410787913 0
-2.9723698444776225 -3.1723929229971985 0
-2.7806078681313906 -3.3267962906633266 0
-2.580311118070152 -3.4692299558323616 0
-2.372239530312169 -3.599204122323654 0
-2.1571817141540697 -3.716277643653246 0
-1.9359518262814972 -3.820059716592918 0
-1.7093863446109516 -3.9102113736288966 0
-1.4783407548009824 -3.986446768392335 0
-1.2436861627198086 -4.048534248965626 0
-1.0063058464522388 -4.096297214820934 0
-0.7670917616696323 -4.12961475401675 0
-0.5269410143721389 -4.148422058161098 0
-0.2867523151413978 -4.1527106135429115 0
-0.04742242911420813 -4.142528167732262 0
0.19015736409742823 -4.117978471852073 0
0.4251047863565902 -4.079220799625026 0
0.6565500387379285 -4.026469245195914 0
0.8836392271222988 -3.9599918026181014 0
1.1055377219329348 -3.880109230769544 0
1.3214334385641102 -3.787193708325263 0
1.530540025373839 -3.681667284256075 0
1.7320999464863318 -3.5640001301440747 0
1.925387447074985 -3.4347086014007533 0
2.1097113892713386 -3.294353115240459 0
2.284417947367971 -3.1435358539969 0
2.448893151550857 -2.9828983030711407 0
2.6025652700083337 -2.813118633462261 0
2.744907019915326 -2.634908939455107 0
2.8754375984818736 -2.4490123426197115 0
2.993724525980412 -2.256199973812398 0
3.0993852934241755 -2.0572678453569244 0
3.1920888083566155 -1.8530336260230649 0
3.271556633025098 -1.6443333318087756 0
3.3375640100490194 -1.432017945867596 0
3.389940671548393 -1.2169499812056925 0
3.4285714285714284 -1.0000000000000013 0
3.5 0.9999999999999996 0
3.4612254341535276 1.2214802611811613 0
3.4084179252512192 1.4410602639800063 0
3.341694397115291 1.6578512778345207 0
3.261228001313498 1.870972767964572 0
3.167247516119959 2.0795559486210995 0
3.060036521195844 2.2827472920738527 0
2.9399323512166333 2.479711979197508 0
2.8073248325631686 2.6696372777479964 0
2.6626548080677046 2.851735834709089 0
2.5064124556602185 3.025248869432186 0
2.3391354075907547 3.189449254688796 0
2.1614066777074186 3.343644473203464 0
1.9738524050433488 3.4871794377334355 0
1.7771394227066564 3.6194391633077707 0
1.5719726617717837 3.7398512808310977 0
1.3590924005362908 3.8478883818930845 0
1.1392713701309853 3.9430701853015133 0
0.9133117280510041 4.024965516571996 0
0.6820419117087817 4.093194092357706 0
0.44631338459432335 4.147428102585317 0
0.20699728806238948 4.187393583875183 0
-0.0350189878522833 4.212871578661707 0
-0.278835300862752 4.223699075290145 0
-0.5235423060990119 4.219769725245598 0
-0.7682250448006924 4.201034334564885 0
-1.0119665576562924 4.16750112738893 0
-1.253851508310755 4.11923578052855 0
-1.4929698025199254 4.056361228836248 0
-1.7284201884459558 3.979057242097464 0
-1.9593138236613112 3.8875597750725386 0
-2.1847777945607203 3.7821600932321457 0
-2.4039585740697227 3.6632036776301797 0
-2.6160254037844397 3.531088913245535 0
-2.8201735869789673 3.3862655659943828 0
-3.0156276792731704 3.2292330544636854 0
-3.2016445641630167 3.0605385232417897 0
-3.3775164010767065 2.8807747255191494 0
-3.5425734341302473 2.690577723398893 0
-3.696186650314424 2.490624415089541 0
-3.837770276448487 2.281629898847975 0
-3.9667841048823624 2.064344684196958 0
-4.082735638615773 1.8395517615553647 0
-4.1851820472270225 1.6080635419883371 0
-4.273731925762888 1.3707186793067707 0
-4.348046849531674 1.1283787872182898 0
-4.407842718560179 0.8819250646539045 0
-4.452890886319323 0.6322548427635154 0
-4.483019068188804 0.3802780673883812 0
-4.498112026015023 0.1269137310780452 0
-4.498112026015023 -0.12691373107804682 0
-4.483019068188804 -0.3802780673883828 0
-4.452890886319323 -0.6322548427635134 0
-4.40784271856018 -0.8819250646539027 0
-4.348046849531675 -1.1283787872182873 0
-4.273731925762888 -1.3707186793067685 0
-4.1851820472270225 -1.6080635419883387 0
-4.082735638615775 -1.8395517615553627 0
-3.966784104882361 -2.064344684196959 0
-3.8377702764484884 -2.2816298988479735 0
-3.6961866503144254 -2.49062441508954 0
-3.542573434130248 -2.6905777233988917 0
-3.3775164010767083 -2.8807747255191476 0
-3.201644564163018 -3.0605385232417883 0
-3.0156276792731704 -3.2292330544636867 0
-2.82017358697897 -3.386265565994382 0
-2.6160254037844375 -3.5310889132455356 0
-2.403958574069724 -3.6632036776301784 0
-2.184777794560722 -3.7821600932321453 0
-1.9593138236613132 -3.8875597750725372 0
-1.7284201884459542 -3.9790572420974644 0
-1.4929698025199245 -4.0563612288362485 0
-1.2538515083107575 -4.11923578052855 0
-1.011966557656295 -4.167501127388929 0
-0.76822504480069 -4.201034334564884 0
-0.5235423060990145 -4.219769725245599 0
-0.27883530086275415 -4.223699075290144 0
-0.03501898785228463 -4.212871578661707 0
0.20699728806238726 -4.187393583875184 0
0.4463133845943241 -4.147428102585317 0
0.6820419117087765 -4.093194092357707 0
0.913311728051005 -4.024965516571996 0
1.1392713701309836 -3.943070185301514 0
1.359092400536289 -3.847888381893086 0
1.5719726617717817 -3.739851280831099 0
1.777139422706655 -3.6194391633077716 0
1.9738524050433515 -3.487179437733434 0
2.161406677707415 -3.3436444732034674 0
2.3391354075907556 -3.1894492546887956 0
2.5064124556602185 -3.025248869432186 0
2.662654808067704 -2.8517358347090895 0
2.8073248325631672 -2.6696372777479973 0
2.9399323512166324 -2.4797119791975093 0
3.060036521195846 -2.28274729207385 0
3.167247516119957 -2.0795559486211026 0
3.2612280013134987 -1.8709727679645707 0
3.3416943971152913 -1.6578512778345194 0
3.4084179252512192 -1.4410602639800065 0
3.4612254341535276 -1.2214802611811613 0
3.5 -1.0000000000000013 0
4943 4944 4843 0
4726 4626 4625 0
4824 4925 4825 0
4825 4724 4824 0
4725 4625 4624 0
4624 4724 4725 0
4725 4724 4825 0
4725 4726 4625 0
4825 4826 4725 0
4826 4726 4725 0
4926 4927 4826 0
4825 4925 4926 0
4926 4826 4825 0
4925 4824 4924 0
2701 2801 2802 0
3502 3401 3501 0
3402 3401 3502 0
4891 4990 4991 0
2802 2801 2902 0
2802 2902 2903 0
4626 4726 4727 0
4867 4966 4967 0
4956 4957 4857 0
2901 2902 2801 0
2901 3001 3002 0
3002 2902 2901 0
3101 3201 3202 0
4224 4324 4325 0
4903 4802 4902 0
3401 3402 3301 0
4913 4914 4813 0
4901 4902 4801 0
4902 4802 4801 0
4601 4602 4501 0
4702 4602 4601 0
2802 2903 2803 0
3003 2902 3002 0
3003 2903 2902 0
3003 3002 3103 0
2703 2602 2702 0
2802 2803 2702 0
2702 2803 2703 0
2702 2701 2802 0
2601 2602 2501 0
2701 2702 2601 0
2601 2702 2602 0
2502 2503 2402 0
2501 2602 2502 0
2502 2401 2501 0
2402 2401 2502 0
2603 2602 2703 0
2503 2502 2603 0
2603 2502 2602 0
3320 3319 3420 0
3720 3719 3820 0
3415 3516 3416 0
3609 3709 3710 0
4526 4626 4627 0
4626 4727 4627 0
4827 4726 4826 0
4827 4727 4726 0
4826 4927 4827 0
4927 4928 4827 0
4223 4324 4224 0
4822 4922 4923 0
4932 4933 4832 0
4818 4918 4919 0
4866 4965 4966 0
4866 4966 4867 0
4664 4764 4665 0
4963 4964 4864 0
4767 4866 4867 0
4766 4866 4767 0
4875 4975 4876 0
4465 4365 4464 0
4165 4066 4065 0
4065 4164 4165 0
4166 4066 4165 0
4067 4066 4166 0
4968 4969 4869 0
3135 3034 3134 0
4153 4154 4054 0
4354 4353 4453 0
4254 4353 4354 0
4254 4354 4255 0
4763 4664 4663 0
4764 4664 4763 0
4265 4166 4165 0
4960 4860 4959 0
4961 4861 4960 0
4960 4861 4860 0
4762 4663 4662 0
4762 4763 4663 0
4961 4962 4862 0
4862 4861 4961 0
4862 4762 4861 0
4763 4762 4862 0
4261 4262 4162 0
4855 4954 4955 0
4856 4956 4857 0
4955 4956 4856 0
4856 4855 4955 0
3101 3202 3102 0
3102 3001 3101 0
3002 3001 3102 0
3103 3002 3102 0
1964 2063 2064 0
57 56 156 0
1502 1602 1603 0
1501 1602 1502 0
3330 3430 3431 0
4324 4424 4425 0
4425 4325 4324 0
2837 2938 2838 0
3935 4035 4036 0
4036 4035 4136 0
4137 4036 4136 0
4897 4997 4898 0
4894 4993 4994 0
4494 4493 4593 0
3302 3202 3201 0
3201 3301 3302 0
3302 3301 3402 0
4701 4801 4802 0
4802 4702 4701 0
4701 4702 4601 0
2004 2005 1904 0
2696 2796 2697 0
1697 1598 1597 0
1597 1598 1498 0
4093 4094 3994 0
4489 4490 4390 0
2903 3003 3004 0
2402 2503 2403 0
2105 2005 2004 0
2004 2104 2105 0
2404 2405 2304 0
2304 2303 2404 0
2303 2403 2404 0
2703 2803 2804 0
2503 2603 2604 0
4153 4054 4053 0
4948 4949 4848 0
4944 4945 4844 0
4844 4843 4944 0
4847 4947 4948 0
4948 4848 4847 0
2818 2817 2918 0
2918 2919 2818 0
4216 4317 4217 0
3315 3415 3416 0
4911 4912 4811 0
4603 4704 4604 0
4505 4606 4506 0
3502 3501 3602 0
3501 3601 3602 0
3502 3602 3603 0
3603 3602 3703 0
3608 3709 3609 0
3609 3508 3608 0
3608 3508 3507 0
1905 2005 2006 0
1905 1904 2005 0
1913 2014 1914 0
1914 1813 1913 0
1814 1813 1914 0
2013 2014 1913 0
4323 4424 4324 0
4324 4223 4323 0
4323 4223 4222 0
4929 4930 4829 0
3430 3429 3530 0
4832 4732 4731 0
4830 4829 4930 0
4729 4829 4830 0
4830 4930 4931 0
4119 4019 4018 0
3820 3719 3819 0
4719 4619 4618 0
4719 4720 4619 0
4662 4663 4563 0
4563 4562 4662 0
4464 4365 4364 0
4365 4265 4364 0
4063 4162 4163 0
4163 4162 4262 0
4665 4764 4765 0
4764 4864 4765 0
4964 4965 4865 0
4865 4864 4964 0
4865 4765 4864 0
4965 4866 4865 0
4865 4866 4766 0
4766 4765 4865 0
4766 4767 4667 0
4667 4568 4567 0
4768 4767 4867 0
4875 4876 4776 0
4976 4876 4975 0
4977 4877 4976 0
4877 4876 4976 0
4474 4374 4473 0
4474 4375 4374 0
4173 4273 4174 0
3875 3975 3876 0
3576 3575 3675 0
2877 2878 2778 0
2875 2876 2776 0
2967 2966 3066 0
2970 2870 2969 0
4564 4465 4464 0
4464 4563 4564 0
4663 4664 4564 0
4564 4563 4663 0
4164 4065 4064 0
3964 4063 4064 0
4063 4163 4064 0
4064 4163 4164 0
4971 4972 4872 0
4872 4773 4772 0
4974 4975 4875 0
4875 4874 4974 0
4974 4874 4973 0
4573 4474 4473 0
4574 4474 4573 0
3436 3537 3437 0
3437 3538 3438 0
3437 3537 3538 0
3134 3034 3033 0
1552 1453 1452 0
3854 3855 3755 0
3458 3457 3557 0
4055 4054 4154 0
3455 3554 3555 0
3854 3755 3754 0
3754 3755 3655 0
3159 3060 3059 0
3159 3258 3259 0
3558 3658 3559 0
3458 3557 3558 0
3854 3953 3954 0
3954 3855 3854 0
3953 4053 3954 0
3954 4053 4054 0
4553 4554 4454 0
4454 4453 4553 0
4354 4453 4454 0
4554 4455 4454 0
4353 4254 4253 0
4153 4252 4253 0
4253 4154 4153 0
4253 4254 4154 0
4653 4753 4654 0
4654 4554 4653 0
4653 4554 4553 0
4952 4953 4853 0
4763 4862 4863 0
4963 4864 4863 0
4863 4962 4963 0
4863 4862 4962 0
4863 4864 4764 0
4764 4763 4863 0
4860 4861 4761 0
4761 4762 4662 0
4861 4762 4761 0
4656 4655 4755 0
4555 4455 4554 0
4555 4554 4654 0
4654 4655 4555 0
4857 4957 4858 0
4957 4958 4858 0
4558 4657 4658 0
2454 2554 2455 0
1659 1660 1560 0
1560 1461 1460 0
459 559 460 0
558 559 459 0
642 541 641 0
156 56 155 0
58 57 157 0
157 57 156 0
951 1051 952 0
852 951 952 0
851 951 852 0
259 159 258 0
360 460 361 0
360 359 459 0
459 460 360 0
1601 1602 1501 0
1603 1602 1703 0
1703 1704 1603 0
1702 1601 1701 0
1602 1601 1702 0
1803 1703 1702 0
1702 1703 1602 0
1501 1502 1401 0
3529 3530 3429 0
4526 4425 4525 0
4525 4626 4526 0
4625 4626 4525 0
4525 4425 4424 0
4326 4325 4426 0
4325 4425 4426 0
4426 4425 4526 0
1622 1621 1722 0
3328 3429 3329 0
3430 3330 3329 0
3329 3429 3430 0
4835 4936 4836 0
4836 4936 4937 0
4935 4936 4835 0
3634 3635 3534 0
4434 4433 4534 0
4634 4635 4534 0
4833 4832 4933 0
4833 4732 4832 0
4833 4933 4934 0
4633 4532 4632 0
4633 4734 4634 0
3934 4035 3935 0
3935 3834 3934 0
4941 4942 4841 0
4740 4841 4741 0
4040 3939 4039 0
3935 4036 3936 0
3635 3634 3735 0
4736 4635 4735 0
4735 4836 4736 0
4835 4836 4735 0
4735 4734 4835 0
4735 4635 4634 0
4634 4734 4735 0
4535 4534 4635 0
4535 4435 4434 0
4434 4534 4535 0
4136 4035 4135 0
4136 4135 4236 0
4236 4135 4235 0
4435 4436 4335 0
4736 4836 4837 0
4837 4836 4937 0
4437 4436 4537 0
4437 4537 4538 0
3938 3838 3837 0
3938 3939 3838 0
3938 4039 3939 0
4807 4907 4908 0
4709 4710 4609 0
4998 4898 4997 0
3899 3799 3898 0
3800 3799 3899 0
3700 3799 3800 0
4499 4400 4399 0
3800 3899 3900 0
3900 3899 3999 0
4494 4593 4594 0
3697 3698 3598 0
3995 3895 3994 0
3994 4094 3995 0
4498 4598 4499 0
4499 4399 4498 0
4595 4594 4694 0
4895 4894 4994 0
4895 4795 4894 0
3098 3197 3198 0
4318 4217 4317 0
4814 4914 4915 0
4814 4813 4914 0
4316 4317 4216 0
2203 2303 2304 0
2402 2403 2302 0
2302 2403 2303 0
2001 2101 2102 0
2004 1904 1903 0
1903 1904 1803 0
1901 1902 1801 0
4879 4978 4979 0
4479 4478 4578 0
4577 4578 4478 0
4883 4982 4983 0
4883 4784 4783 0
4881 4980 4981 0
2994 2895 2894 0
2699 2600 2599 0
2795 2895 2796 0
2795 2696 2695 0
2796 2696 2795 0
2695 2794 2795 0
2794 2894 2795 0
2795 2894 2895 0
2995 2895 2994 0
3095 2996 2995 0
3196 3295 3296 0
3296 3197 3196 0
2796 2895 2896 0
2895 2995 2896 0
2896 2995 2996 0
1498 1598 1499 0
1699 1798 1799 0
1100 1000 1099 0
1497 1597 1498 0
1596 1597 1497 0
1398 1497 1498 0
1397 1497 1398 0
2392 2492 2393 0
2393 2293 2392 0
2693 2593 2692 0
2692 2593 2592 0
2393 2492 2493 0
2493 2394 2393 0
2492 2592 2493 0
2493 2592 2593 0
3294 3295 3195 0
3295 3196 3195 0
4293 4294 4194 0
3296 3295 3395 0
3395 3396 3296 0
4890 4989 4990 0
4990 4891 4890 0
4891 4792 4791 0
4791 4890 4891 0
4790 4890 4791 0
4390 4490 4391 0
4490 4491 4391 0
4291 4390 4391 0
4491 4591 4492 0
4986 4987 4887 0
4986 4887 4886 0
4886 4887 4787 0
4886 4985 4986 0
4587 4586 4686 0
4784 4883 4884 0
4884 4983 4984 0
4884 4883 4983 0
4783 4784 4684 0
1876 1975 1976 0
1875 1975 1876 0
1778 1777 1877 0
1877 1876 1976 0
1777 1876 1877 0
2287 2286 2386 0
2283 2284 2184 0
2284 2384 2285 0
2992 2892 2991 0
2204 2203 2304 0
2904 2803 2903 0
2904 2804 2803 0
2903 3004 2904 0
2904 2905 2804 0
2904 3004 3005 0
3005 2905 2904 0
2503 2604 2504 0
2504 2403 2503 0
2504 2404 2403 0
2704 2603 2703 0
2704 2604 2603 0
2703 2804 2704 0
2705 2604 2704 0
4048 4149 4049 0
4749 4850 4750 0
4550 4549 4650 0
4450 4350 4349 0
4643 4744 4644 0
4546 4545 4646 0
4846 4847 4746 0
4946 4947 4846 0
4947 4847 4846 0
4241 4242 4141 0
3541 3542 3441 0
3843 3844 3743 0
2939 2838 2938 0
2713 2714 2613 0
2613 2714 2614 0
2714 2715 2614 0
3423 3422 3523 0
3320 3420 3421 0
2522 2622 2623 0
1719 1819 1820 0
3219 3319 3320 0
3019 2919 2918 0
3521 3420 3520 0
3521 3421 3420 0
4018 4019 3918 0
3319 3219 3218 0
3218 3219 3118 0
3519 3620 3520 0
3214 3315 3215 0
3215 3216 3115 0
2714 2713 2814 0
2814 2713 2813 0
3115 3014 3114 0
3214 3215 3114 0
3114 3215 3115 0
3613 3612 3713 0
3512 3612 3613 0
3214 3213 3314 0
3213 3313 3314 0
3314 3315 3214 0
3415 3315 3314 0
3513 3613 3614 0
3412 3512 3513 0
3513 3512 3613 0
3609 3710 3610 0
4812 4811 4912 0
4812 4912 4913 0
4913 4813 4812 0
4609 4710 4610 0
4810 4811 4710 0
4710 4709 4810 0
4810 4910 4911 0
4911 4811 4810 0
4804 4904 4905 0
4602 4702 4703 0
4703 4603 4602 0
4704 4603 4703 0
4703 4804 4704 0
4602 4603 4502 0
4401 4501 4502 0
4502 4501 4602 0
4304 4303 4404 0
4604 4704 4705 0
4006 4107 4007 0
3503 3402 3502 0
3502 3603 3503 0
3704 3603 3703 0
3410 3310 3309 0
3507 3508 3407 0
3107 3106 3207 0
3408 3407 3508 0
3307 3407 3408 0
4409 4309 4308 0
4006 4007 3906 0
3906 4007 3907 0
3906 3905 4006 0
4203 4303 4304 0
1805 1806 1705 0
1705 1704 1805 0
1805 1704 1804 0
1804 1905 1805 0
1904 1905 1804 0
1803 1904 1804 0
1804 1703 1803 0
1704 1703 1804 0
1506 1505 1606 0
1912 2013 1913 0
2520 2419 2519 0
302 303 201 0
404 303 302 0
1613 1512 1612 0
1814 1914 1915 0
2113 2214 2114 0
2114 2013 2113 0
2014 2013 2114 0
2114 2214 2215 0
1422 1523 1423 0
1315 1316 1215 0
4222 4223 4122 0
4123 4223 4224 0
4123 4122 4223 0
4123 4023 4022 0
4022 4122 4123 0
4820 4920 4921 0
4720 4719 4820 0
4822 4721 4821 0
4921 4922 4821 0
4922 4822 4821 0
4821 4820 4921 0
4821 4721 4720 0
4720 4820 4821 0
4521 4520 4621 0
4728 4829 4729 0
4729 4628 4728 0
4728 4627 4727 0
4728 4628 4627 0
4133 4033 4032 0
4831 4830 4931 0
4832 4731 4831 0
4931 4932 4831 0
4932 4832 4831 0
4629 4628 4729 0
4629 4528 4628 0
4530 4430 4429 0
4729 4830 4730 0
4730 4629 4729 0
4630 4629 4730 0
4731 4630 4730 0
4730 4831 4731 0
4830 4831 4730 0
3919 3918 4019 0
3919 3819 3818 0
3818 3918 3919 0
4718 4719 4618 0
4819 4818 4919 0
4819 4820 4719 0
4819 4718 4818 0
4719 4718 4819 0
4919 4920 4819 0
4920 4820 4819 0
4463 4563 4464 0
4464 4364 4463 0
4463 4364 4363 0
4562 4563 4463 0
4363 4364 4264 0
4264 4364 4265 0
4165 4164 4264 0
4264 4265 4165 0
4870 4969 4970 0
4870 4869 4969 0
4772 4672 4771 0
4671 4771 4672 0
3672 3573 3572 0
4568 4667 4668 0
4668 4667 4767 0
4767 4768 4668 0
4868 4869 4769 0
4769 4768 4868 0
4968 4869 4868 0
4868 4768 4867 0
4867 4967 4868 0
4868 4967 4968 0
4373 4472 4473 0
4473 4374 4373 0
3974 3875 3874 0
3974 3975 3875 0
4274 4174 4273 0
4274 4373 4374 0
4273 4373 4274 0
4175 4174 4274 0
3874 3875 3775 0
3674 3675 3575 0
3172 3073 3072 0
3572 3573 3473 0
3573 3474 3473 0
3173 3073 3172 0
2777 2877 2778 0
2776 2876 2777 0
2876 2877 2777 0
2978 2879 2878 0
2878 2877 2977 0
2977 2978 2878 0
3074 3173 3174 0
3073 3173 3074 0
3075 3074 3174 0
3377 3278 3277 0
1874 1875 1775 0
2765 2666 2665 0
2766 2666 2765 0
3066 2966 3065 0
2460 2361 2360 0
2461 2361 2460 0
2270 2370 2271 0
3468 3369 3368 0
2867 2967 2868 0
2966 2967 2867 0
2868 2967 2968 0
3068 2969 2968 0
2869 2969 2870 0
2869 2770 2769 0
2869 2870 2770 0
2769 2868 2869 0
2868 2968 2869 0
2869 2968 2969 0
2970 2969 3069 0
3069 2969 3068 0
4465 4564 4565 0
4565 4466 4465 0
4565 4664 4665 0
4565 4564 4664 0
3967 4066 4067 0
3868 3867 3967 0
4066 3967 3966 0
3966 3967 3867 0
3966 4065 4066 0
3667 3666 3766 0
4067 4166 4167 0
4167 4068 4067 0
4567 4568 4468 0
4468 4467 4567 0
4568 4469 4468 0
4469 4369 4468 0
4665 4765 4666 0
4666 4765 4766 0
4766 4667 4666 0
4666 4667 4567 0
4365 4465 4366 0
4465 4466 4366 0
4773 4872 4873 0
4973 4874 4873 0
4873 4972 4973 0
4873 4872 4972 0
4874 4774 4873 0
4873 4774 4773 0
4275 4176 4175 0
4175 4274 4275 0
4374 4375 4275 0
4275 4274 4374 0
4175 4176 4076 0
4475 4474 4574 0
4574 4575 4475 0
4375 4474 4475 0
4574 4573 4673 0
4673 4573 4672 0
4772 4773 4673 0
4673 4672 4772 0
4672 4573 4572 0
4572 4671 4672 0
4473 4472 4572 0
4572 4573 4473 0
4674 4575 4574 0
4574 4673 4674 0
4773 4774 4674 0
4674 4673 4773 0
4575 4674 4675 0
4675 4674 4774 0
819 818 919 0
1114 1215 1115 0
914 813 913 0
814 813 914 0
3538 3537 3638 0
3537 3637 3638 0
3637 3738 3638 0
3638 3738 3739 0
2732 2733 2632 0
2833 2733 2732 0
3031 2931 2930 0
3237 3236 3337 0
3337 3437 3438 0
2936 3036 3037 0
1944 1844 1843 0
1944 1945 1844 0
1944 2044 2045 0
2045 1945 1944 0
2044 2043 2144 0
1441 1542 1442 0
2345 2244 2344 0
2344 2244 2243 0
2645 2746 2646 0
1339 1338 1439 0
1239 1240 1139 0
1339 1340 1239 0
1340 1240 1239 0
1235 1335 1336 0
1134 1234 1235 0
1235 1234 1335 0
2848 2849 2748 0
2949 2849 2848 0
2649 2548 2648 0
2649 2549 2548 0
2152 2053 2052 0
1552 1651 1652 0
1551 1651 1552 0
1552 1452 1551 0
3652 3751 3752 0
3452 3552 3453 0
3452 3551 3552 0
2654 2754 2655 0
2554 2653 2654 0
4255 4354 4355 0
4354 4454 4355 0
4355 4454 4455 0
4056 4055 4155 0
4155 4156 4056 0
4255 4156 4155 0
4155 4055 4154 0
4155 4254 4255 0
4154 4254 4155 0
4455 4555 4456 0
3654 3754 3655 0
3655 3555 3654 0
3654 3555 3554 0
3454 3554 3455 0
3454 3354 3453 0
3354 3255 3254 0
2853 2854 2754 0
3155 3255 3156 0
3155 3056 3055 0
3156 3056 3155 0
3155 3254 3255 0
3157 3156 3256 0
3156 3255 3256 0
3455 3356 3355 0
3355 3255 3354 0
3355 3256 3255 0
3356 3256 3355 0
3355 3454 3455 0
3354 3454 3355 0
3556 3557 3457 0
3556 3555 3655 0
3055 3056 2956 0
2956 2955 3055 0
3059 3060 2960 0
3259 3258 3358 0
3358 3359 3259 0
3458 3359 3358 0
3258 3357 3358 0
3358 3457 3458 0
3358 3357 3457 0
4357 4457 4358 0
4357 4456 4457 0
3858 3759 3758 0
3858 3758 3857 0
4854 4953 4954 0
4854 4853 4953 0
4954 4855 4854 0
4855 4755 4854 0
4661 4761 4662 0
4662 4562 4661 0
4562 4561 4661 0
4261 4162 4161 0
4857 4858 4758 0
4758 4858 4759 0
4659 4658 4758 0
4758 4759 4659 0
4759 4858 4859 0
4959 4860 4859 0
4859 4958 4959 0
4859 4858 4958 0
4756 4657 4656 0
4656 4755 4756 0
4855 4856 4756 0
4756 4755 4855 0
4358 4457 4458 0
4657 4558 4557 0
4656 4657 4557 0
4557 4458 4457 0
4558 4458 4557 0
1169 1170 1070 0
1372 1472 1373 0
1573 1673 1574 0
1672 1673 1573 0
1362 1461 1462 0
2172 2271 2272 0
1868 1968 1869 0
1869 1968 1969 0
1967 1968 1868 0
1964 2064 1965 0
2667 2766 2767 0
2666 2766 2667 0
2668 2667 2767 0
2270 2170 2269 0
1664 1665 1565 0
1566 1565 1665 0
1662 1563 1562 0
1562 1661 1662 0
1462 1562 1463 0
1463 1562 1563 0
1564 1565 1465 0
1664 1565 1564 0
2062 2063 1963 0
1963 2063 1964 0
1964 1864 1963 0
1963 1864 1863 0
2456 2455 2555 0
2555 2455 2554 0
2555 2654 2655 0
2554 2654 2555 0
2356 2455 2456 0
2356 2456 2357 0
2357 2257 2356 0
2660 2759 2760 0
2860 2761 2760 0
2560 2461 2460 0
2957 2956 3056 0
2860 2760 2859 0
2859 2760 2759 0
2755 2656 2655 0
2655 2754 2755 0
2754 2854 2755 0
2755 2854 2855 0
2258 2159 2158 0
2158 2257 2258 0
2258 2257 2357 0
2158 2159 2059 0
1760 1661 1660 0
361 460 461 0
559 558 658 0
659 658 758 0
559 658 659 0
1659 1560 1559 0
1559 1560 1460 0
1460 1459 1559 0
147 46 146 0
335 336 235 0
446 346 345 0
442 342 341 0
643 642 743 0
541 642 542 0
543 442 542 0
542 643 543 0
642 643 542 0
446 345 445 0
446 445 546 0
546 547 446 0
55 155 56 0
55 54 154 0
154 155 55 0
156 155 255 0
58 157 158 0
158 59 58 0
159 59 158 0
158 258 159 0
158 157 257 0
257 258 158 0
60 59 159 0
61 60 160 0
160 60 159 0
160 159 259 0
751 851 752 0
851 852 752 0
347 246 346 0
647 646 747 0
647 546 646 0
547 546 647 0
649 749 750 0
750 749 850 0
357 257 356 0
357 258 257 0
305 203 304 0
1075 1074 1174 0
1174 1074 1173 0
1803 1702 1802 0
1802 1903 1803 0
1902 1903 1802 0
1802 1801 1902 0
1802 1702 1701 0
1701 1801 1802 0
1301 1401 1402 0
1402 1401 1502 0
501 601 602 0
4225 4325 4326 0
4224 4325 4225 0
1629 1730 1630 0
1729 1730 1629 0
1729 1728 1829 0
1725 1724 1825 0
1721 1722 1621 0
1824 1825 1724 0
1925 1825 1824 0
1627 1728 1628 0
1628 1729 1629 0
1728 1729 1628 0
1225 1124 1224 0
1125 1124 1225 0
3328 3329 3228 0
2837 2838 2737 0
2737 2736 2837 0
2736 2737 2636 0
1832 1833 1732 0
1732 1632 1631 0
1632 1732 1733 0
1733 1732 1833 0
2134 2034 2033 0
4835 4734 4834 0
4934 4935 4834 0
4834 4935 4835 0
4834 4833 4934 0
3633 3632 3733 0
3633 3532 3632 0
3134 3033 3133 0
3733 3834 3734 0
3734 3633 3733 0
3634 3633 3734 0
3734 3735 3634 0
4333 4433 4434 0
4332 4433 4333 0
4532 4633 4533 0
4533 4534 4433 0
4634 4534 4533 0
4533 4633 4634 0
4632 4732 4733 0
4733 4633 4632 0
4732 4833 4733 0
4734 4633 4733 0
4733 4834 4734 0
4833 4834 4733 0
3833 3834 3733 0
3833 3934 3834 0
3933 3934 3833 0
4434 4435 4334 0
4435 4335 4334 0
4334 4333 4434 0
4233 4333 4334 0
4741 4841 4842 0
4842 4742 4741 0
4842 4841 4942 0
4843 4742 4842 0
4943 4843 4842 0
4842 4942 4943 0
4340 4240 4239 0
4440 4441 4340 0
4541 4441 4440 0
4739 4740 4639 0
4639 4740 4640 0
4640 4740 4741 0
4940 4839 4939 0
4040 4039 4140 0
4140 4141 4040 0
4140 4240 4241 0
4241 4141 4140 0
4138 4238 4239 0
4138 4137 4238 0
3838 3939 3839 0
3839 3738 3838 0
3739 3738 3839 0
3538 3638 3639 0
3639 3638 3739 0
4036 4137 4037 0
4037 3936 4036 0
4137 4138 4037 0
3637 3636 3737 0
3737 3738 3637 0
3837 3838 3737 0
3838 3738 3737 0
3336 3337 3236 0
3436 3437 3336 0
3437 3337 3336 0
3635 3636 3535 0
3534 3635 3535 0
3835 3834 3935 0
3836 3735 3835 0
3835 3734 3834 0
3735 3734 3835 0
3935 3936 3835 0
3835 3936 3836 0
3736 3636 3635 0
3635 3735 3736 0
3736 3735 3836 0
3736 3737 3636 0
3736 3836 3837 0
3837 3737 3736 0
4636 4635 4736 0
4636 4535 4635 0
4536 4436 4435 0
4435 4535 4536 0
4535 4636 4536 0
4536 4537 4436 0
4637 4537 4536 0
4536 4636 4637 0
4336 4335 4436 0
4336 4337 4236 0
4336 4236 4235 0
4235 4335 4336 0
4336 4436 4437 0
4437 4337 4336 0
4638 4537 4637 0
4638 4538 4537 0
4639 4538 4638 0
4638 4739 4639 0
4437 4538 4438 0
4438 4337 4437 0
4808 4807 4908 0
4808 4908 4909 0
4906 4907 4806 0
4907 4807 4806 0
4609 4508 4608 0
4608 4709 4609 0
4708 4709 4608 0
4308 4207 4307 0
4799 4800 4700 0
4500 4400 4499 0
3898 3799 3798 0
3798 3897 3898 0
3799 3700 3699 0
3699 3798 3799 0
3698 3798 3699 0
4000 3900 3999 0
4300 4200 4299 0
4300 4399 4400 0
4299 4399 4300 0
4993 4894 4893 0
4893 4992 4993 0
4694 4793 4794 0
4894 4795 4794 0
4794 4893 4894 0
4793 4893 4794 0
4693 4793 4694 0
4694 4594 4693 0
4693 4594 4593 0
4792 4793 4693 0
4394 4493 4494 0
3597 3697 3598 0
3596 3696 3597 0
3597 3696 3697 0
4194 4294 4195 0
4196 4097 4096 0
4096 4195 4196 0
3897 3798 3797 0
3698 3697 3797 0
3797 3798 3698 0
4099 4000 3999 0
4100 4000 4099 0
4297 4298 4198 0
4398 4498 4399 0
4398 4399 4299 0
4299 4298 4398 0
4698 4797 4798 0
4898 4799 4798 0
4897 4898 4798 0
4798 4797 4897 0
4397 4298 4297 0
4397 4398 4298 0
4396 4397 4297 0
4695 4595 4694 0
4694 4794 4695 0
4695 4794 4795 0
4795 4696 4695 0
4995 4895 4994 0
4796 4696 4795 0
4795 4895 4796 0
3297 3197 3296 0
3296 3396 3297 0
3297 3396 3397 0
3297 3198 3197 0
2700 2600 2699 0
3099 2999 3098 0
3098 3198 3099 0
3099 3198 3199 0
2800 2700 2799 0
2799 2700 2699 0
2699 2798 2799 0
2799 2798 2898 0
3300 3399 3400 0
3400 3399 3499 0
3499 3500 3400 0
3600 3699 3700 0
3498 3598 3499 0
3499 3399 3498 0
3498 3597 3598 0
3199 3198 3298 0
3298 3297 3397 0
3198 3297 3298 0
3715 3615 3614 0
3815 3816 3715 0
3516 3415 3515 0
3516 3515 3616 0
3616 3515 3615 0
3616 3617 3516 0
4216 4217 4116 0
3817 3918 3818 0
4515 4516 4415 0
4217 4318 4218 0
4218 4318 4319 0
4618 4619 4518 0
4619 4519 4518 0
4518 4517 4618 0
4319 4318 4419 0
4519 4520 4419 0
4715 4716 4615 0
4915 4916 4815 0
4815 4814 4915 0
4714 4814 4815 0
4815 4715 4714 0
4816 4916 4917 0
4816 4815 4916 0
4816 4716 4715 0
4715 4815 4816 0
4616 4615 4716 0
4616 4516 4515 0
4515 4615 4616 0
2102 2101 2202 0
2202 2203 2102 0
2303 2203 2202 0
2202 2302 2303 0
2301 2401 2402 0
2402 2302 2301 0
2003 1903 1902 0
2003 2104 2004 0
2004 1903 2003 0
4978 4879 4878 0
4878 4778 4877 0
4977 4978 4878 0
4878 4877 4977 0
4679 4778 4779 0
4779 4878 4879 0
4778 4878 4779 0
4479 4578 4579 0
4678 4778 4679 0
4679 4579 4678 0
4678 4579 4578 0
4676 4776 4677 0
4677 4577 4676 0
4578 4577 4677 0
4677 4678 4578 0
4476 4475 4575 0
4379 4478 4479 0
4782 4682 4781 0
4781 4881 4782 0
4679 4779 4680 0
2994 2894 2993 0
2792 2892 2793 0
2792 2693 2692 0
2793 2693 2792 0
3294 3393 3394 0
3494 3395 3394 0
3493 3494 3394 0
3394 3393 3493 0
3394 3295 3294 0
3394 3395 3295 0
3291 3391 3292 0
2500 2599 2600 0
2698 2598 2697 0
2698 2798 2699 0
2699 2599 2698 0
2698 2599 2598 0
3096 2996 3095 0
3095 3195 3096 0
3096 3195 3196 0
3096 2997 2996 0
1995 1996 1896 0
1999 2000 1900 0
2200 2299 2300 0
2598 2599 2499 0
2499 2500 2400 0
2599 2500 2499 0
703 602 601 0
704 602 703 0
1798 1699 1698 0
1698 1598 1697 0
1498 1499 1399 0
1399 1398 1498 0
1199 1100 1099 0
2494 2493 2593 0
2394 2493 2494 0
2494 2395 2394 0
1696 1795 1796 0
1696 1796 1697 0
1697 1597 1696 0
1696 1597 1596 0
1894 1795 1794 0
1794 1893 1894 0
2391 2392 2292 0
2292 2392 2293 0
3397 3396 3496 0
3994 3895 3894 0
3596 3496 3595 0
3693 3792 3793 0
3692 3792 3693 0
4790 4791 4691 0
4592 4593 4493 0
4493 4492 4592 0
4592 4492 4591 0
4591 4691 4592 0
4393 4492 4493 0
4493 4394 4393 0
4294 4293 4393 0
4393 4394 4294 0
4192 4191 4291 0
4587 4686 4687 0
4786 4886 4787 0
4787 4687 4786 0
4786 4687 4686 0
3988 3987 4087 0
4087 4088 3988 0
4690 4789 4790 0
4689 4789 4690 0
4790 4691 4690 0
4690 4691 4591 0
4689 4690 4590 0
4590 4690 4591 0
4590 4491 4490 0
4590 4591 4491 0
2984 3083 3084 0
3284 3384 3285 0
4685 4684 4784 0
4685 4686 4586 0
4487 4586 4587 0
4087 4186 4187 0
4187 4088 4087 0
4382 4481 4482 0
4183 4182 4282 0
4282 4283 4183 0
4282 4382 4283 0
4583 4582 4682 0
2477 2576 2577 0
2376 2277 2276 0
202 101 201 0
203 101 202 0
304 203 202 0
202 303 304 0
201 303 202 0
1 101 102 0
1483 1583 1484 0
1383 1482 1483 0
2984 3084 2985 0
2486 2386 2485 0
2485 2585 2486 0
2486 2585 2586 0
2586 2487 2486 0
2287 2386 2387 0
2387 2486 2487 0
2386 2486 2387 0
2186 2285 2286 0
2086 2186 2087 0
1987 2086 2087 0
2385 2285 2384 0
2485 2386 2385 0
2385 2386 2286 0
2286 2285 2385 0
1882 1982 1883 0
1781 1681 1780 0
1782 1683 1682 0
1682 1683 1583 0
1682 1781 1782 0
1681 1781 1682 0
2692 2592 2691 0
3290 3291 3191 0
3104 3003 3103 0
3104 3004 3003 0
3105 3106 3005 0
3105 3104 3205 0
3005 3004 3105 0
3004 3104 3105 0
2308 2309 2208 0
2006 2005 2106 0
2005 2105 2106 0
2106 2107 2006 0
2205 2105 2104 0
2104 2204 2205 0
2804 2905 2805 0
2705 2704 2805 0
2805 2704 2804 0
2805 2806 2705 0
2805 2906 2806 0
2905 2906 2805 0
2405 2404 2505 0
2404 2504 2505 0
4553 4453 4552 0
3551 3452 3451 0
3952 3852 3951 0
4152 4252 4153 0
4153 4053 4152 0
4150 4049 4149 0
4650 4549 4649 0
4649 4750 4650 0
4649 4749 4750 0
4850 4749 4849 0
4950 4850 4849 0
4849 4949 4950 0
4849 4848 4949 0
4748 4848 4849 0
4849 4749 4748 0
4651 4552 4551 0
4450 4349 4449 0
4449 4550 4450 0
4549 4550 4449 0
4249 4349 4350 0
4644 4744 4745 0
4745 4846 4746 0
4543 4643 4644 0
4642 4742 4743 0
4743 4643 4642 0
4743 4742 4843 0
4744 4643 4743 0
4843 4844 4743 0
4844 4744 4743 0
4349 4249 4248 0
4647 4546 4646 0
4346 4246 4245 0
4040 4141 4041 0
4041 4042 3941 0
3941 4042 3942 0
4142 4141 4242 0
4142 4041 4141 0
4042 4041 4142 0
3742 3842 3843 0
3843 3743 3742 0
3443 3342 3442 0
3442 3543 3443 0
3542 3543 3442 0
3441 3542 3442 0
3643 3543 3542 0
3643 3644 3543 0
3944 3844 3843 0
4044 4045 3944 0
4042 4142 4143 0
3138 3037 3137 0
3237 3238 3137 0
3137 3238 3138 0
3037 3036 3137 0
3039 2939 2938 0
2940 3041 2941 0
3041 3042 2941 0
3241 3342 3242 0
2411 2511 2512 0
2615 2614 2715 0
2414 2413 2514 0
2514 2515 2414 0
2514 2615 2515 0
2614 2615 2514 0
2213 2214 2113 0
2320 2421 2321 0
2819 2818 2919 0
2221 2120 2220 0
2320 2321 2220 0
2220 2321 2221 0
2220 2219 2320 0
1920 1820 1819 0
2515 2615 2616 0
3018 3019 2918 0
3018 3017 3118 0
3118 3219 3119 0
3119 3018 3118 0
3019 3018 3119 0
2919 3019 3020 0
3118 3017 3117 0
3217 3218 3117 0
3117 3218 3118 0
3117 3017 3016 0
2918 2817 2917 0
2917 3018 2918 0
3017 3018 2917 0
2917 2817 2816 0
3920 3921 3820 0
3820 3819 3920 0
3819 3919 3920 0
3721 3620 3720 0
3721 3822 3722 0
3722 3723 3622 0
3422 3421 3522 0
3421 3521 3522 0
3521 3622 3522 0
3523 3422 3522 0
3317 3417 3418 0
3217 3216 3317 0
3520 3420 3419 0
3419 3519 3520 0
3419 3420 3319 0
3418 3519 3419 0
3718 3618 3617 0
3719 3618 3718 0
3718 3819 3719 0
3818 3819 3718 0
3418 3417 3518 0
3518 3519 3418 0
3619 3618 3719 0
3620 3519 3619 0
3519 3518 3619 0
3619 3518 3618 0
3719 3720 3619 0
3720 3620 3619 0
2816 2715 2815 0
2815 2814 2915 0
2815 2715 2714 0
2714 2814 2815 0
3016 2915 3015 0
3015 3014 3115 0
3316 3315 3416 0
3316 3317 3216 0
3316 3215 3315 0
3216 3215 3316 0
3416 3417 3316 0
3417 3317 3316 0
2915 2814 2914 0
3014 3015 2914 0
2914 3015 2915 0
2913 3014 2914 0
2914 2813 2913 0
2914 2814 2813 0
2913 2912 3013 0
3013 3014 2913 0
3013 3114 3014 0
3113 3213 3214 0
3214 3114 3113 0
3114 3013 3113 0
3814 3713 3813 0
4111 4110 4211 0
3913 3813 3812 0
3414 3314 3313 0
3415 3314 3414 0
3414 3515 3415 0
2812 2811 2912 0
2913 2813 2812 0
2812 2912 2913 0
3210 3310 3311 0
4211 4110 4210 0
4110 4109 4210 0
3810 3710 3709 0
3810 3910 3911 0
3609 3610 3509 0
3509 3508 3609 0
3509 3408 3508 0
4712 4812 4813 0
4311 4312 4211 0
4211 4210 4311 0
4311 4210 4310 0
4512 4511 4612 0
4510 4511 4410 0
4410 4409 4510 0
4410 4310 4309 0
4309 4409 4410 0
4809 4810 4709 0
4809 4808 4909 0
4909 4910 4809 0
4910 4810 4809 0
4809 4709 4708 0
4708 4808 4809 0
4813 4814 4713 0
4713 4814 4714 0
4713 4712 4813 0
4612 4712 4713 0
4803 4702 4802 0
4803 4703 4702 0
4802 4903 4803 0
4804 4703 4803 0
4803 4903 4904 0
4904 4804 4803 0
4403 4404 4303 0
4101 4201 4202 0
4303 4203 4202 0
4505 4404 4504 0
4404 4403 4504 0
4206 4307 4207 0
4304 4305 4204 0
4204 4203 4304 0
4304 4404 4405 0
4405 4305 4304 0
4405 4404 4505 0
4405 4406 4305 0
4405 4505 4506 0
4506 4406 4405 0
4604 4705 4605 0
4605 4504 4604 0
4505 4504 4605 0
4606 4505 4605 0
4704 4804 4805 0
4805 4705 4704 0
4805 4804 4905 0
4805 4806 4705 0
4905 4906 4805 0
4906 4806 4805 0
3403 3302 3402 0
3402 3503 3403 0
3705 3706 3605 0
3904 3905 3804 0
3804 3704 3703 0
3604 3503 3603 0
3603 3704 3604 0
3604 3705 3605 0
3704 3705 3604 0
2909 2910 2809 0
2909 3010 2910 0
3107 3108 3007 0
3208 3108 3107 0
3107 3207 3208 0
4510 4409 4509 0
4509 4610 4510 0
4609 4610 4509 0
4509 4508 4609 0
4408 4409 4308 0
4308 4307 4408 0
4508 4509 4408 0
4408 4509 4409 0
4308 4309 4208 0
4208 4207 4308 0
4107 4207 4208 0
3605 3706 3606 0
3706 3707 3606 0
3306 3205 3305 0
3306 3407 3307 0
3806 3906 3907 0
3706 3705 3806 0
3607 3608 3507 0
3607 3606 3707 0
3507 3506 3607 0
3506 3606 3607 0
3807 3806 3907 0
3807 3707 3706 0
3706 3806 3807 0
3803 3804 3703 0
3904 3804 3803 0
1706 1705 1806 0
1706 1707 1606 0
1704 1705 1604 0
1603 1704 1604 0
1206 1306 1307 0
1007 1006 1107 0
1006 1106 1107 0
1808 1809 1708 0
1708 1707 1808 0
1913 1813 1812 0
1812 1912 1913 0
2211 2212 2111 0
2113 2013 2012 0
2013 1912 2012 0
2119 2118 2219 0
2119 2120 2019 0
2219 2220 2119 0
2119 2220 2120 0
2320 2219 2319 0
2420 2421 2320 0
2419 2520 2420 0
2320 2319 2420 0
2420 2319 2419 0
2521 2520 2621 0
2522 2421 2521 0
2421 2420 2521 0
2521 2420 2520 0
2521 2622 2522 0
2621 2622 2521 0
2621 2520 2620 0
2619 2720 2620 0
2620 2519 2619 0
2620 2520 2519 0
1224 1223 1324 0
1322 1422 1423 0
1725 1726 1625 0
1526 1426 1425 0
1425 1525 1526 0
720 620 619 0
906 1006 1007 0
1007 907 906 0
906 907 806 0
608 506 607 0
507 506 608 0
405 303 404 0
404 506 405 0
405 506 507 0
304 303 405 0
708 608 607 0
605 707 606 0
606 708 607 0
707 708 606 0
806 907 807 0
1616 1617 1516 0
1717 1617 1616 0
1715 1615 1614 0
1713 1813 1814 0
1713 1613 1612 0
1523 1422 1522 0
1622 1623 1522 0
1623 1523 1522 0
1522 1422 1421 0
1017 1118 1018 0
1018 917 1017 0
1017 917 916 0
4126 4026 4025 0
4222 4122 4121 0
4524 4523 4624 0
4524 4525 4424 0
4624 4625 4524 0
4625 4525 4524 0
4424 4323 4423 0
4423 4524 4424 0
4523 4524 4423 0
4623 4724 4624 0
4624 4523 4623 0
4522 4623 4523 0
4522 4421 4521 0
4022 4023 3922 0
3921 4022 3922 0
4320 4421 4321 0
4620 4621 4520 0
4619 4720 4620 0
4720 4721 4620 0
4721 4621 4620 0
4620 4519 4619 0
4620 4520 4519 0
4829 4728 4828 0
4828 4928 4929 0
4929 4829 4828 0
4828 4827 4928 0
4727 4827 4828 0
4828 4728 4727 0
4326 4426 4427 0
4627 4628 4527 0
4628 4528 4527 0
4528 4427 4527 0
4526 4627 4527 0
4527 4426 4526 0
4527 4427 4426 0
4332 4333 4232 0
4232 4333 4233 0
4031 3931 3930 0
4031 4032 3931 0
3431 3430 3531 0
3430 3530 3531 0
3531 3532 3431 0
3632 3532 3531 0
3733 3632 3732 0
3732 3833 3733 0
3629 3729 3730 0
4429 4430 4329 0
4229 4228 4329 0
4028 4129 4029 0
4129 4130 4029 0
4430 4431 4330 0
4330 4329 4430 0
4229 4329 4330 0
4432 4431 4532 0
4432 4433 4332 0
4532 4533 4432 0
4432 4533 4433 0
4529 4530 4429 0
4528 4629 4529 0
4529 4629 4630 0
4630 4530 4529 0
4531 4431 4430 0
4430 4530 4531 0
4632 4532 4531 0
4532 4431 4531 0
4618 4517 4617 0
4617 4718 4618 0
4617 4517 4516 0
4516 4616 4617 0
4562 4463 4462 0
4362 4461 4462 0
4363 4362 4462 0
4462 4463 4363 0
4462 4561 4562 0
4462 4461 4561 0
4363 4264 4263 0
4263 4163 4262 0
4164 4163 4263 0
4263 4264 4164 0
4262 4362 4263 0
4263 4362 4363 0
3667 3668 3568 0
4669 4768 4769 0
4669 4668 4768 0
4871 4872 4772 0
4772 4771 4871 0
4971 4872 4871 0
4871 4771 4870 0
4970 4971 4871 0
4871 4870 4970 0
4172 4271 4272 0
4271 4371 4272 0
4272 4173 4172 0
4272 4273 4173 0
4372 4471 4472 0
4372 4371 4471 0
4372 4272 4371 0
4472 4373 4372 0
4372 4373 4273 0
4273 4272 4372 0
4172 4173 4073 0
4073 4072 4172 0
4072 4073 3973 0
3973 4073 3974 0
3874 3873 3973 0
3973 3974 3874 0
3270 3369 3370 0
3370 3470 3371 0
3772 3672 3771 0
4171 4271 4172 0
4172 4072 4171 0
4072 4071 4171 0
4169 4268 4269 0
3972 4071 4072 0
4072 3973 3972 0
3972 3873 3872 0
3972 3973 3873 0
3875 3876 3776 0
3776 3775 3875 0
3574 3474 3573 0
3574 3674 3575 0
3575 3475 3574 0
3574 3475 3474 0
3774 3873 3874 0
3874 3775 3774 0
3774 3775 3675 0
3675 3674 3774 0
3673 3574 3573 0
3674 3574 3673 0
3573 3672 3673 0
3672 3772 3673 0
3572 3473 3472 0
3472 3571 3572 0
3373 3372 3472 0
3472 3473 3373 0
3273 3372 3373 0
3373 3274 3273 0
3174 3173 3273 0
3273 3274 3174 0
3374 3274 3373 0
3374 3473 3474 0
3373 3473 3374 0
3275 3274 3374 0
2577 2576 2676 0
2579 2479 2578 0
2778 2878 2779 0
2878 2879 2779 0
2779 2679 2778 0
2680 2679 2779 0
2980 2880 2979 0
2979 2880 2879 0
2979 2978 3078 0
2879 2978 2979 0
3378 3278 3377 0
3477 3577 3478 0
3478 3378 3477 0
3477 3378 3377 0
3576 3577 3477 0
2677 2578 2577 0
2577 2676 2677 0
2776 2777 2677 0
2677 2676 2776 0
3476 3575 3576 0
3476 3475 3575 0
3576 3477 3476 0
3476 3477 3377 0
2876 2875 2975 0
3074 3075 2975 0
3175 3075 3174 0
3174 3274 3175 0
3175 3274 3275 0
3175 3076 3075 0
3178 3277 3278 0
3178 3278 3179 0
1873 1872 1972 0
1773 1872 1873 0
1773 1873 1774 0
1774 1873 1874 0
1774 1874 1775 0
1275 1374 1375 0
1481 1480 1580 0
2566 2665 2666 0
3962 3863 3862 0
3066 3065 3165 0
3165 3065 3164 0
2965 3065 2966 0
2261 2161 2260 0
2260 2360 2261 0
2261 2360 2361 0
2361 2262 2261 0
2460 2360 2459 0
2076 2175 2176 0
2076 2176 2077 0
3266 3167 3166 0
3066 3165 3166 0
3067 2967 3066 0
3066 3166 3067 0
3067 3166 3167 0
3067 3167 3068 0
3068 2968 3067 0
3067 2968 2967 0
3367 3368 3268 0
2966 2867 2866 0
2866 2965 2966 0
2767 2766 2866 0
2866 2867 2767 0
2970 3069 3070 0
3070 2971 2970 0
3170 3070 3169 0
3169 3070 3069 0
3862 3863 3763 0
3964 3864 3963 0
3864 3863 3963 0
3963 4063 3964 0
3863 3962 3963 0
3868 3967 3968 0
4067 4068 3968 0
3968 3967 4067 0
3667 3766 3767 0
3767 3668 3667 0
3866 3966 3867 0
3867 3767 3866 0
3866 3767 3766 0
3663 3763 3664 0
3765 3766 3666 0
4068 4167 4168 0
4268 4169 4168 0
4168 4267 4268 0
4168 4167 4267 0
4467 4468 4368 0
4368 4468 4369 0
4269 4268 4368 0
4368 4369 4269 0
4566 4565 4665 0
4665 4666 4566 0
4466 4565 4566 0
4566 4666 4567 0
4567 4467 4566 0
4467 4466 4566 0
4266 4265 4365 0
4365 4366 4266 0
4166 4265 4266 0
4266 4366 4267 0
4266 4167 4166 0
4267 4167 4266 0
4367 4466 4467 0
4367 4366 4466 0
4267 4366 4367 0
4467 4368 4367 0
4268 4267 4367 0
4367 4368 4268 0
4175 4076 4075 0
4075 4174 4175 0
3976 3876 3975 0
3975 4075 3976 0
3976 4075 4076 0
3877 3876 3976 0
4775 4675 4774 0
4775 4874 4875 0
4775 4774 4874 0
4875 4776 4775 0
4775 4776 4676 0
4676 4675 4775 0
1120 1019 1119 0
1018 1118 1119 0
1119 1019 1018 0
918 917 1018 0
1018 1019 918 0
918 1019 919 0
919 818 918 0
1014 914 913 0
1015 914 1014 0
1115 1015 1014 0
1014 1114 1115 0
812 912 913 0
913 813 812 0
812 813 712 0
814 914 915 0
916 815 915 0
915 815 814 0
915 914 1015 0
121 120 222 0
222 120 221 0
2532 2431 2531 0
2531 2632 2532 0
2633 2632 2733 0
2733 2734 2633 0
2633 2533 2532 0
2532 2632 2633 0
2832 2833 2732 0
2829 2930 2830 0
2830 2930 2931 0
3230 3231 3130 0
3230 3330 3331 0
3331 3231 3230 0
3331 3330 3431 0
3231 3331 3332 0
3338 3238 3237 0
3237 3337 3338 0
3338 3337 3438 0
3339 3238 3338 0
3438 3439 3338 0
3338 3439 3339 0
3135 3236 3136 0
3136 3137 3036 0
3136 3236 3237 0
3237 3137 3136 0
2937 2936 3037 0
2937 2938 2837 0
3036 2936 2935 0
1943 2043 2044 0
2044 1944 1943 0
1943 1944 1843 0
1943 1942 2043 0
1843 1742 1842 0
1842 1943 1843 0
1942 1943 1842 0
2043 1942 2042 0
2045 2044 2145 0
2044 2144 2145 0
1937 1936 2037 0
1836 1837 1736 0
1836 1835 1936 0
1936 1937 1836 0
1836 1937 1837 0
1736 1837 1737 0
1737 1636 1736 0
1541 1542 1441 0
1743 1742 1843 0
1843 1844 1743 0
1642 1643 1542 0
1542 1541 1642 0
1742 1743 1642 0
1642 1743 1643 0
1543 1442 1542 0
1542 1643 1543 0
1643 1644 1543 0
1644 1544 1543 0
2642 2743 2643 0
2643 2743 2744 0
2846 2746 2745 0
2746 2645 2745 0
2545 2645 2646 0
1341 1340 1441 0
1341 1342 1241 0
1341 1240 1340 0
1241 1240 1341 0
1441 1442 1341 0
1442 1342 1341 0
1037 1038 937 0
937 936 1037 0
836 936 937 0
1039 1038 1139 0
1139 1240 1140 0
1040 1039 1140 0
1140 1039 1139 0
1140 1240 1241 0
1540 1439 1539 0
1438 1439 1338 0
1438 1539 1439 0
1440 1439 1540 0
1441 1340 1440 0
1440 1340 1339 0
1339 1439 1440 0
1440 1541 1441 0
1540 1541 1440 0
1236 1237 1136 0
1236 1235 1336 0
1338 1237 1337 0
1337 1438 1338 0
1437 1438 1337 0
1336 1437 1337 0
1337 1236 1336 0
1237 1236 1337 0
1136 1237 1137 0
1238 1237 1338 0
1238 1338 1339 0
1339 1239 1238 0
1238 1137 1237 0
1335 1234 1334 0
1334 1234 1233 0
1136 1035 1135 0
1135 1236 1136 0
1235 1236 1135 0
1134 1235 1135 0
1135 1034 1134 0
1035 1034 1135 0
1537 1437 1436 0
1436 1437 1336 0
1336 1335 1436 0
2849 2949 2950 0
3351 3252 3251 0
2851 2752 2751 0
2646 2746 2747 0
2848 2748 2747 0
2248 2148 2147 0
2648 2548 2547 0
2549 2550 2449 0
2550 2450 2449 0
2648 2748 2749 0
2749 2649 2648 0
2749 2748 2849 0
2750 2649 2749 0
2650 2649 2750 0
2650 2550 2549 0
2549 2649 2650 0
2452 2453 2353 0
2353 2254 2253 0
2553 2653 2554 0
2553 2554 2454 0
2454 2453 2553 0
2251 2152 2151 0
2052 2051 2151 0
2151 2152 2052 0
2452 2353 2352 0
2352 2353 2253 0
2052 2053 1953 0
952 1051 1052 0
1251 1152 1151 0
1151 1052 1051 0
1152 1052 1151 0
1252 1152 1251 0
1153 1152 1252 0
1553 1453 1552 0
1552 1652 1553 0
1355 1354 1454 0
1454 1354 1453 0
1453 1553 1454 0
1751 1851 1752 0
1751 1652 1651 0
1752 1652 1751 0
1752 1851 1852 0
3552 3551 3651 0
3651 3652 3552 0
3751 3652 3651 0
3352 3253 3252 0
3352 3252 3351 0
3351 3451 3352 0
3352 3451 3452 0
3453 3354 3353 0
3253 3352 3353 0
3354 3254 3353 0
3353 3254 3253 0
3353 3452 3453 0
3353 3352 3452 0
3658 3558 3657 0
3657 3558 3557 0
3956 4055 4056 0
3857 3856 3956 0
4256 4156 4255 0
4255 4355 4256 0
3653 3654 3554 0
3653 3652 3752 0
3055 2955 3054 0
2854 2853 2953 0
2953 2853 2952 0
2952 3052 2953 0
2953 3052 3053 0
2753 2853 2754 0
2754 2654 2753 0
2753 2654 2653 0
2653 2752 2753 0
2952 2853 2852 0
2752 2851 2852 0
2852 2753 2752 0
2853 2753 2852 0
3157 3256 3257 0
3257 3357 3258 0
3356 3357 3257 0
3257 3256 3356 0
3456 3556 3457 0
3457 3357 3456 0
3456 3357 3356 0
3456 3356 3455 0
3455 3555 3456 0
3555 3556 3456 0
2756 2755 2855 0
2656 2755 2756 0
2561 2560 2660 0
2461 2560 2561 0
3559 3658 3659 0
3658 3758 3659 0
3758 3759 3659 0
3959 3860 3859 0
3759 3858 3859 0
4156 4256 4157 0
4157 4256 4257 0
4753 4853 4754 0
4853 4854 4754 0
4654 4753 4754 0
4754 4854 4755 0
4754 4655 4654 0
4754 4755 4655 0
4358 4259 4258 0
4259 4159 4258 0
4258 4357 4358 0
4257 4357 4258 0
4659 4759 4660 0
4660 4661 4561 0
4361 4460 4461 0
4361 4461 4362 0
4361 4262 4261 0
4361 4362 4262 0
4658 4657 4757 0
4757 4758 4658 0
4857 4758 4757 0
4657 4756 4757 0
4757 4856 4857 0
4757 4756 4856 0
4459 4458 4558 0
4457 4456 4556 0
4556 4557 4457 0
4656 4557 4556 0
4556 4456 4555 0
4556 4655 4656 0
4556 4555 4655 0
1168 1169 1069 0
1069 1169 1070 0
973 1072 1073 0
1173 1074 1073 0
1266 1167 1166 0
1068 1167 1168 0
1168 1069 1068 0
1273 1372 1373 0
1273 1174 1173 0
1474 1573 1574 0
1474 1375 1374 0
972 1072 973 0
973 873 972 0
769 770 670 0
670 770 671 0
872 772 871 0
872 972 873 0
873 773 872 0
872 773 772 0
671 770 771 0
871 772 771 0
771 870 871 0
770 870 771 0
864 765 764 0
868 967 968 0
867 967 868 0
1360 1459 1460 0
1359 1259 1358 0
1459 1360 1359 0
2070 2170 2071 0
2071 2170 2171 0
2271 2172 2171 0
2270 2271 2171 0
2171 2170 2270 0
1972 2071 2072 0
2071 2171 2072 0
2072 2171 2172 0
1672 1771 1772 0
1772 1872 1773 0
1772 1673 1672 0
1773 1673 1772 0
1871 1772 1771 0
1872 1772 1871 0
1472 1571 1572 0
1672 1573 1572 0
1671 1771 1672 0
1672 1572 1671 0
1671 1572 1571 0
1472 1372 1471 0
1471 1571 1472 0
1969 1968 2068 0
2068 2167 2168 0
2266 2167 2166 0
2166 2265 2266 0
2666 2667 2567 0
2567 2566 2666 0
2168 2167 2267 0
2167 2266 2267 0
2166 2167 2067 0
2167 2068 2067 0
1968 1967 2067 0
2067 2068 1968 0
2065 2064 2164 0
2065 1965 2064 0
2065 1966 1965 0
2768 2868 2769 0
2768 2668 2767 0
2767 2867 2768 0
2768 2867 2868 0
2669 2569 2668 0
2669 2768 2769 0
2668 2768 2669 0
2668 2569 2568 0
2468 2567 2568 0
2667 2668 2568 0
2568 2567 2667 0
2168 2267 2268 0
2468 2568 2469 0
2469 2568 2569 0
1767 1667 1766 0
1168 1167 1267 0
1267 1167 1266 0
1666 1566 1665 0
1766 1667 1666 0
1666 1667 1567 0
1567 1566 1666 0
1465 1565 1466 0
1565 1566 1466 0
1764 1665 1664 0
1664 1763 1764 0
1863 1864 1764 0
1764 1763 1863 0
1964 1965 1865 0
1865 1864 1964 0
1661 1562 1561 0
1461 1560 1561 0
1462 1461 1561 0
1561 1562 1462 0
1561 1560 1660 0
1660 1661 1561 0
1263 1362 1363 0
1363 1463 1364 0
1363 1362 1462 0
1462 1463 1363 0
1464 1564 1465 0
1465 1365 1464 0
1464 1365 1364 0
1364 1463 1464 0
1464 1463 1563 0
1563 1564 1464 0
1863 1763 1862 0
1663 1763 1664 0
1664 1564 1663 0
1663 1564 1563 0
1663 1563 1662 0
2456 2555 2556 0
2656 2557 2556 0
2655 2656 2556 0
2556 2555 2655 0
2254 2353 2354 0
2354 2453 2454 0
2354 2353 2453 0
2253 2254 2154 0
2156 2057 2056 0
3158 3058 3157 0
3157 3257 3158 0
3158 3257 3258 0
3258 3159 3158 0
3158 3159 3059 0
3059 3058 3158 0
2958 2957 3057 0
3057 3058 2958 0
3157 3058 3057 0
3057 2957 3056 0
3057 3156 3157 0
3057 3056 3156 0
2959 2960 2860 0
2860 2859 2959 0
3059 2960 2959 0
2959 2859 2958 0
2959 3058 3059 0
2958 3058 2959 0
2858 2957 2958 0
2958 2859 2858 0
2858 2859 2759 0
2759 2758 2858 0
2457 2557 2458 0
2357 2456 2457 0
2456 2556 2457 0
2457 2556 2557 0
2657 2557 2656 0
2657 2756 2757 0
2656 2756 2657 0
1661 1760 1761 0
1662 1661 1761 0
1761 1860 1861 0
1760 1860 1761 0
458 558 459 0
459 359 458 0
559 659 560 0
560 460 559 0
560 461 460 0
764 765 665 0
758 658 757 0
757 857 758 0
856 955 956 0
956 857 856 0
856 757 756 0
857 757 856 0
46 147 47 0
146 46 45 0
42 143 43 0
142 42 41 0
143 42 142 0
144 44 43 0
43 143 144 0
639 538 638 0
637 738 638 0
836 937 837 0
537 538 437 0
537 536 637 0
637 638 537 0
537 638 538 0
637 536 636 0
535 435 434 0
536 435 535 0
635 636 535 0
535 636 536 0
437 538 438 0
341 240 340 0
339 440 340 0
340 239 339 0
240 239 340 0
1144 1143 1244 0
1144 1145 1044 0
1043 1144 1044 0
1143 1144 1043 0
1246 1146 1145 0
1244 1345 1245 0
1245 1144 1244 0
1145 1144 1245 0
1245 1246 1145 0
1245 1345 1346 0
1346 1246 1245 0
1042 1041 1142 0
1042 1043 942 0
1142 1143 1042 0
1143 1043 1042 0
1142 1041 1141 0
1141 1140 1241 0
1141 1041 1040 0
1040 1140 1141 0
743 642 742 0
742 642 641 0
639 740 640 0
739 740 639 0
639 638 739 0
739 638 738 0
941 1042 942 0
1041 1042 941 0
444 445 344 0
344 445 345 0
342 442 443 0
443 442 543 0
441 442 341 0
341 340 441 0
441 340 440 0
441 440 541 0
541 542 441 0
441 542 442 0
747 646 746 0
646 645 746 0
156 255 256 0
256 157 156 0
257 157 256 0
356 257 256 0
355 255 354 0
355 455 356 0
356 256 355 0
355 256 255 0
53 152 153 0
153 54 53 0
154 54 153 0
52 152 53 0
52 51 151 0
151 152 52 0
48 149 49 0
50 49 150 0
150 49 149 0
148 149 48 0
48 47 148 0
148 47 147 0
148 147 248 0
453 354 353 0
61 160 161 0
264 164 263 0
263 363 264 0
264 364 265 0
363 364 264 0
64 164 65 0
652 752 653 0
652 653 553 0
652 651 751 0
751 752 652 0
653 752 753 0
754 654 753 0
753 654 653 0
753 752 852 0
246 347 247 0
248 147 247 0
247 147 146 0
146 246 247 0
648 749 649 0
547 647 648 0
258 357 358 0
358 359 259 0
259 258 358 0
358 458 359 0
358 357 457 0
457 458 358 0
269 368 369 0
168 267 268 0
268 368 269 0
366 267 266 0
671 771 672 0
672 771 772 0
69 68 167 0
168 69 167 0
167 267 168 0
167 266 267 0
362 262 361 0
462 363 362 0
362 363 263 0
263 262 362 0
362 461 462 0
361 461 362 0
162 262 163 0
164 64 163 0
263 164 163 0
163 262 263 0
163 64 63 0
163 63 162 0
464 563 564 0
1275 1375 1276 0
1275 1276 1176 0
1075 1174 1175 0
1275 1176 1175 0
1603 1604 1503 0
1503 1604 1504 0
1503 1502 1603 0
1503 1402 1502 0
1001 1002 901 0
1306 1305 1406 0
1205 1306 1206 0
1205 1305 1306 0
706 707 605 0
605 604 706 0
706 604 705 0
706 807 707 0
706 705 806 0
806 807 706 0
3729 3728 3829 0
3829 3929 3930 0
3628 3729 3629 0
3628 3728 3729 0
3627 3728 3628 0
3928 3927 4028 0
4028 4029 3928 0
3928 4029 3929 0
3727 3728 3627 0
4127 4126 4227 0
4026 4126 4127 0
4227 4228 4127 0
2927 2826 2926 0
4224 4225 4124 0
4124 4123 4224 0
4023 4123 4124 0
3823 3824 3723 0
3823 3723 3722 0
3722 3822 3823 0
3723 3824 3724 0
2826 2726 2725 0
2725 2726 2625 0
2625 2624 2725 0
2626 2726 2727 0
2625 2726 2626 0
2526 2525 2626 0
2626 2525 2625 0
1629 1630 1529 0
1830 1831 1730 0
1830 1829 1930 0
1830 1729 1829 0
1730 1729 1830 0
1730 1831 1731 0
1631 1630 1731 0
1731 1630 1730 0
1731 1732 1631 0
1731 1831 1832 0
1832 1732 1731 0
2130 2029 2129 0
2229 2230 2129 0
2129 2230 2130 0
1930 1829 1929 0
2729 2629 2628 0
2730 2629 2729 0
2729 2830 2730 0
2829 2830 2729 0
2330 2431 2331 0
2331 2230 2330 0
2330 2230 2229 0
2329 2330 2229 0
2428 2328 2327 0
1720 1820 1821 0
1821 1721 1720 0
1719 1820 1720 0
2122 2123 2022 0
1024 1124 1125 0
1125 1025 1024 0
1024 1025 924 0
2827 2828 2727 0
2827 2826 2927 0
2827 2726 2826 0
2727 2726 2827 0
2927 3028 2928 0
2928 2827 2927 0
2828 2827 2928 0
3028 3029 2928 0
2727 2828 2728 0
2728 2729 2628 0
2728 2828 2829 0
2829 2729 2728 0
2929 2930 2829 0
2929 2928 3029 0
2829 2828 2929 0
2828 2928 2929 0
2925 2824 2924 0
2924 3025 2925 0
3024 3025 2924 0
3223 3324 3224 0
3323 3423 3424 0
3424 3324 3323 0
3323 3324 3223 0
2637 2636 2737 0
2536 2537 2436 0
2536 2637 2537 0
2636 2637 2536 0
2533 2633 2634 0
2634 2633 2734 0
2436 2537 2437 0
2437 2438 2337 0
2336 2335 2436 0
2436 2437 2336 0
2336 2437 2337 0
2135 2034 2134 0
1734 1835 1735 0
1735 1836 1736 0
1835 1836 1735 0
1834 1835 1734 0
1834 1833 1934 0
1734 1733 1834 0
1834 1733 1833 0
2234 2334 2335 0
2233 2334 2234 0
2132 2232 2233 0
1933 1833 1832 0
1934 1833 1933 0
1933 2034 1934 0
1933 2033 2034 0
3532 3633 3533 0
3534 3433 3533 0
3533 3634 3534 0
3533 3633 3634 0
4235 4135 4134 0
4134 4033 4133 0
4341 4340 4441 0
4441 4442 4341 0
4241 4240 4341 0
4240 4340 4341 0
4540 4541 4440 0
4641 4640 4741 0
4642 4541 4641 0
4541 4540 4641 0
4641 4540 4640 0
4641 4742 4642 0
4741 4742 4641 0
4839 4940 4840 0
4840 4739 4839 0
4740 4739 4840 0
4841 4740 4840 0
4941 4841 4840 0
4840 4940 4941 0
4139 4140 4039 0
4139 4138 4239 0
4239 4240 4139 0
4240 4140 4139 0
4039 3938 4038 0
4038 4139 4039 0
4138 4139 4038 0
4038 4037 4138 0
3538 3639 3539 0
3438 3538 3539 0
3539 3439 3438 0
3639 3640 3539 0
3936 4037 3937 0
3837 3836 3937 0
3836 3936 3937 0
3937 3938 3837 0
3937 4038 3938 0
4037 4038 3937 0
3536 3535 3636 0
3536 3537 3436 0
3436 3435 3536 0
3435 3535 3536 0
3536 3637 3537 0
3536 3636 3637 0
3435 3334 3434 0
3534 3535 3434 0
3434 3535 3435 0
3434 3433 3534 0
3335 3334 3435 0
3335 3435 3436 0
3436 3336 3335 0
3134 3133 3234 0
3334 3335 3234 0
4236 4337 4237 0
4237 4137 4136 0
4136 4236 4237 0
4238 4137 4237 0
4738 4638 4637 0
4839 4739 4738 0
4739 4638 4738 0
4539 4538 4639 0
4539 4438 4538 0
4639 4640 4539 0
4640 4540 4539 0
4239 4238 4339 0
4339 4340 4239 0
4440 4340 4339 0
4337 4438 4338 0
4238 4237 4338 0
4338 4237 4337 0
4338 4339 4238 0
4706 4806 4807 0
4705 4806 4706 0
4606 4605 4706 0
4706 4605 4705 0
4507 4608 4508 0
4507 4406 4506 0
4499 4598 4599 0
4598 4698 4599 0
4600 4500 4599 0
4599 4500 4499 0
4900 4999 5000 0
4899 4799 4898 0
4998 4999 4899 0
4898 4998 4899 0
4999 4900 4899 0
4899 4900 4800 0
4800 4799 4899 0
4892 4793 4792 0
4892 4893 4793 0
4992 4893 4892 0
4892 4792 4891 0
4991 4992 4892 0
4892 4891 4991 0
4095 4094 4194 0
4194 4195 4095 0
4095 3995 4094 0
4195 4096 4095 0
4294 4394 4295 0
4295 4195 4294 0
4196 4195 4295 0
3997 4096 4097 0
3898 3897 3997 0
3895 3995 3896 0
3897 3797 3896 0
4297 4198 4197 0
4197 4097 4196 0
4097 4197 4098 0
4098 4197 4198 0
4098 4099 3999 0
4098 4198 4099 0
4099 4198 4199 0
4299 4200 4199 0
4199 4298 4299 0
4199 4198 4298 0
4199 4200 4100 0
4100 4099 4199 0
4598 4498 4597 0
4397 4396 4496 0
4296 4396 4297 0
4296 4197 4196 0
4297 4197 4296 0
4196 4295 4296 0
4996 4997 4897 0
2898 2997 2998 0
3098 2999 2998 0
2898 2798 2897 0
2897 2997 2898 0
2897 2896 2996 0
2996 2997 2897 0
2999 3099 3000 0
2800 2799 2899 0
2899 2799 2898 0
2898 2998 2899 0
2899 2998 2999 0
3699 3600 3599 0
3499 3598 3599 0
3599 3600 3500 0
3599 3500 3499 0
3598 3698 3599 0
3698 3699 3599 0
3199 3298 3299 0
3299 3399 3300 0
3398 3498 3399 0
3399 3299 3398 0
3398 3299 3298 0
3398 3298 3397 0
3714 3814 3815 0
3815 3715 3714 0
3714 3715 3614 0
3714 3713 3814 0
3614 3613 3714 0
3613 3713 3714 0
3716 3715 3816 0
3816 3817 3716 0
3615 3715 3716 0
3716 3616 3615 0
3916 3816 3815 0
4416 4415 4516 0
4516 4517 4416 0
4118 4119 4018 0
4219 4218 4319 0
4319 4320 4219 0
4119 4118 4219 0
4219 4118 4218 0
4517 4518 4417 0
4417 4416 4517 0
4317 4316 4417 0
4316 4416 4417 0
4418 4518 4519 0
4519 4419 4418 0
4418 4419 4318 0
4418 4417 4518 0
4418 4318 4317 0
4317 4417 4418 0
2201 2202 2101 0
2302 2202 2201 0
2201 2301 2302 0
2002 2003 1902 0
2002 2001 2102 0
2002 1902 1901 0
1901 2001 2002 0
2102 2203 2103 0
2103 2002 2102 0
2003 2002 2103 0
2104 2003 2103 0
2103 2204 2104 0
2203 2204 2103 0
4777 4677 4776 0
4777 4876 4877 0
4777 4776 4876 0
4877 4778 4777 0
4778 4678 4777 0
4678 4677 4777 0
4576 4476 4575 0
4576 4675 4676 0
4575 4675 4576 0
4676 4577 4576 0
3679 3678 3778 0
3478 3577 3578 0
3577 3677 3578 0
3578 3677 3678 0
4279 4180 4179 0
4276 4177 4176 0
4276 4275 4375 0
4176 4275 4276 0
3877 3976 3977 0
3977 3976 4076 0
4178 4179 4079 0
4882 4782 4881 0
4981 4982 4882 0
4882 4881 4981 0
4982 4883 4882 0
4882 4883 4783 0
4783 4782 4882 0
4980 4881 4880 0
4880 4881 4781 0
4979 4980 4880 0
4880 4879 4979 0
4781 4682 4681 0
4682 4582 4681 0
4580 4579 4679 0
4679 4680 4580 0
2893 2993 2894 0
2893 2794 2793 0
2893 2894 2794 0
2793 2892 2893 0
2893 2892 2992 0
2992 2993 2893 0
3094 2995 2994 0
3095 2995 3094 0
3392 3391 3491 0
3392 3292 3391 0
2997 3096 3097 0
3097 3197 3098 0
3097 3196 3197 0
3097 3096 3196 0
3098 2998 3097 0
3097 2998 2997 0
1797 1698 1697 0
1798 1698 1797 0
1697 1796 1797 0
1796 1896 1797 0
2194 2293 2294 0
2294 2293 2393 0
2393 2394 2294 0
2697 2598 2597 0
2597 2696 2697 0
2399 2499 2400 0
2400 2300 2399 0
2300 2299 2399 0
901 1002 902 0
902 801 901 0
601 701 702 0
702 703 601 0
1798 1797 1897 0
1897 1896 1996 0
1897 1797 1896 0
1899 1998 1999 0
1999 1900 1899 0
1899 1900 1800 0
1899 1800 1799 0
1700 1600 1699 0
1799 1800 1700 0
1700 1699 1799 0
1599 1600 1500 0
1500 1499 1599 0
1699 1600 1599 0
1599 1499 1598 0
1598 1698 1599 0
1599 1698 1699 0
1300 1399 1400 0
1400 1499 1500 0
1400 1399 1499 0
1299 1399 1300 0
1398 1399 1299 0
1099 1000 999 0
1198 1199 1099 0
1694 1595 1594 0
1594 1693 1694 0
2593 2693 2594 0
2594 2494 2593 0
2395 2494 2495 0
2495 2594 2595 0
2494 2594 2495 0
1795 1894 1895 0
1995 1896 1895 0
1796 1795 1895 0
1895 1896 1796 0
1995 1895 1994 0
1994 1895 1894 0
1793 1893 1794 0
1794 1694 1793 0
1793 1694 1693 0
3397 3496 3497 0
3597 3498 3497 0
3596 3597 3497 0
3497 3496 3596 0
3497 3398 3397 0
3498 3398 3497 0
3495 3595 3496 0
3396 3395 3495 0
3495 3496 3396 0
3495 3395 3494 0
3494 3594 3495 0
3495 3594 3595 0
3795 3894 3895 0
3794 3894 3795 0
3991 4090 4091 0
4190 4191 4091 0
4091 4090 4190 0
3893 3794 3793 0
3893 3894 3794 0
3692 3693 3593 0
3693 3594 3593 0
3593 3494 3493 0
3593 3594 3494 0
4792 4693 4692 0
4692 4592 4691 0
4692 4693 4593 0
4593 4592 4692 0
4692 4791 4792 0
4692 4691 4791 0
4392 4393 4293 0
4492 4393 4392 0
4392 4391 4491 0
4491 4492 4392 0
4093 4192 4193 0
4193 4293 4194 0
4194 4094 4193 0
4094 4093 4193 0
4091 4191 4092 0
4191 4192 4092 0
4092 4192 4093 0
4688 4687 4787 0
4089 4088 4188 0
4088 4187 4188 0
4989 4890 4889 0
4988 4989 4889 0
4889 4890 4790 0
4790 4789 4889 0
3681 3581 3680 0
3680 3780 3681 0
3582 3583 3483 0
3581 3681 3582 0
3285 3384 3385 0
3486 3485 3585 0
4385 4386 4286 0
4286 4187 4186 0
4984 4985 4885 0
4885 4884 4984 0
4985 4886 4885 0
4886 4786 4885 0
4585 4685 4586 0
4584 4684 4585 0
4684 4685 4585 0
3986 4085 4086 0
4086 4186 4087 0
4087 3987 4086 0
3987 3986 4086 0
4285 4286 4186 0
4385 4286 4285 0
3685 3784 3785 0
4387 4386 4486 0
4486 4487 4387 0
4586 4487 4486 0
4486 4585 4586 0
4387 4288 4287 0
4187 4286 4287 0
4288 4188 4287 0
4287 4188 4187 0
4287 4386 4387 0
4287 4286 4386 0
4383 4382 4482 0
4283 4382 4383 0
4683 4684 4584 0
4584 4583 4683 0
4783 4684 4683 0
4683 4583 4682 0
4683 4782 4783 0
4682 4782 4683 0
2377 2277 2376 0
2377 2477 2378 0
2576 2477 2476 0
2476 2377 2376 0
2477 2377 2476 0
2577 2578 2478 0
2478 2477 2577 0
2378 2477 2478 0
2578 2479 2478 0
2478 2379 2378 0
2479 2379 2478 0
2176 2175 2275 0
2275 2276 2176 0
1776 1676 1775 0
1775 1875 1776 0
1875 1876 1776 0
1776 1876 1777 0
1489 1589 1490 0
791 891 792 0
792 692 791 0
493 494 395 0
791 692 691 0
499 500 400 0
1484 1583 1584 0
1583 1683 1584 0
1584 1485 1484 0
1186 1286 1187 0
1187 1286 1287 0
988 1088 989 0
988 888 987 0
1186 1187 1087 0
1087 1187 1088 0
1087 988 987 0
1088 988 1087 0
1287 1286 1386 0
1384 1483 1484 0
1383 1483 1384 0
1486 1386 1485 0
1593 1693 1594 0
1581 1482 1481 0
1481 1580 1581 0
890 891 791 0
2479 2579 2480 0
2786 2686 2785 0
2786 2886 2787 0
2586 2585 2685 0
2685 2686 2586 0
2785 2686 2685 0
2585 2684 2685 0
2587 2487 2586 0
2586 2686 2587 0
2885 2985 2886 0
2885 2786 2785 0
2886 2786 2885 0
2785 2884 2885 0
2885 2884 2984 0
2984 2985 2885 0
3085 3084 3184 0
3085 2985 3084 0
2784 2883 2884 0
2784 2884 2785 0
2785 2685 2784 0
2784 2685 2684 0
1689 1589 1688 0
1688 1788 1689 0
1787 1788 1688 0
1790 1691 1690 0
2285 2186 2185 0
2085 2184 2185 0
2185 2086 2085 0
2186 2086 2185 0
2185 2184 2284 0
2284 2285 2185 0
2087 2186 2187 0
2287 2188 2187 0
2187 2286 2287 0
2187 2186 2286 0
2088 2087 2187 0
2187 2188 2088 0
1887 1987 1888 0
1888 1788 1887 0
1887 1788 1787 0
1988 2087 2088 0
1988 1987 2087 0
1888 1987 1988 0
2088 1989 1988 0
2583 2483 2582 0
2583 2682 2683 0
2582 2682 2583 0
1685 1784 1785 0
1885 1786 1785 0
1785 1686 1685 0
1785 1786 1686 0
1883 1784 1783 0
1783 1683 1782 0
1782 1882 1783 0
1783 1882 1883 0
1884 1784 1883 0
1884 1984 1885 0
1885 1785 1884 0
1884 1785 1784 0
2084 2184 2085 0
1885 1984 1985 0
1985 2084 2085 0
1984 2084 1985 0
1982 1882 1981 0
1582 1682 1583 0
1583 1483 1582 0
1582 1483 1482 0
1482 1581 1582 0
1681 1682 1582 0
1582 1581 1681 0
1779 1879 1780 0
1779 1679 1778 0
1979 1879 1978 0
2791 2792 2692 0
2692 2691 2791 0
2791 2691 2790 0
2391 2490 2491 0
2491 2490 2590 0
2491 2392 2391 0
2492 2392 2491 0
2992 2991 3091 0
3291 3292 3192 0
3192 3191 3291 0
3292 3193 3192 0
2488 2588 2489 0
2487 2587 2488 0
2488 2587 2588 0
2787 2886 2887 0
2887 2788 2787 0
2589 2689 2590 0
2589 2490 2489 0
2590 2490 2589 0
2489 2588 2589 0
2788 2689 2688 0
2787 2788 2688 0
2688 2589 2588 0
2689 2589 2688 0
2590 2689 2690 0
2790 2691 2690 0
2208 2309 2209 0
2509 2609 2610 0
2809 2910 2810 0
2810 2709 2809 0
2408 2308 2307 0
1808 1707 1807 0
1806 1907 1807 0
1807 1706 1806 0
1707 1706 1807 0
1906 1907 1806 0
1906 1905 2006 0
1906 1806 1805 0
1805 1905 1906 0
2006 2107 2007 0
2007 1906 2006 0
1907 1906 2007 0
1808 1807 1908 0
1908 1807 1907 0
2608 2709 2609 0
2206 2205 2306 0
2306 2307 2206 0
2206 2106 2105 0
2105 2205 2206 0
2306 2205 2305 0
2304 2405 2305 0
2305 2204 2304 0
2305 2205 2204 0
2605 2604 2705 0
2605 2504 2604 0
2605 2505 2504 0
4752 4751 4851 0
4753 4653 4752 0
3044 3043 3144 0
3346 3245 3345 0
3343 3342 3443 0
3242 3342 3343 0
3343 3443 3444 0
3444 3344 3343 0
3744 3743 3844 0
3744 3643 3743 0
3644 3643 3744 0
3543 3644 3544 0
3444 3443 3544 0
3443 3543 3544 0
3544 3545 3444 0
4245 4246 4145 0
4145 4045 4044 0
3247 3248 3147 0
3249 3248 3349 0
3349 3248 3348 0
3448 3449 3348 0
3449 3349 3348 0
3248 3247 3348 0
3149 3049 3048 0
3044 3144 3145 0
3145 3144 3245 0
2946 2947 2846 0
2946 2945 3046 0
4246 4346 4347 0
4347 4346 4447 0
3346 3345 3446 0
3446 3447 3346 0
3647 3646 3747 0
3747 3748 3647 0
3644 3744 3745 0
3851 3951 3852 0
3752 3751 3851 0
3851 3852 3752 0
4151 4152 4052 0
4052 4152 4053 0
4052 4053 3953 0
3953 3952 4052 0
3749 3849 3850 0
3749 3748 3849 0
3649 3650 3549 0
3549 3449 3448 0
3450 3349 3449 0
3548 3549 3448 0
3649 3549 3548 0
3448 3447 3548 0
3949 4049 4050 0
4049 4150 4050 0
4451 4551 4452 0
4452 4551 4552 0
4452 4453 4353 0
4452 4552 4453 0
4251 4351 4252 0
4252 4152 4251 0
4251 4152 4151 0
4250 4249 4350 0
4250 4150 4149 0
4149 4249 4250 0
4845 4844 4945 0
4846 4745 4845 0
4845 4744 4844 0
4845 4745 4744 0
4845 4945 4946 0
4946 4846 4845 0
4645 4746 4646 0
4645 4745 4746 0
4646 4545 4645 0
4644 4745 4645 0
4542 4541 4642 0
4542 4543 4442 0
4441 4541 4542 0
4542 4442 4441 0
4642 4643 4542 0
4643 4543 4542 0
4545 4444 4544 0
4644 4645 4544 0
4544 4645 4545 0
4544 4543 4644 0
4342 4341 4442 0
4342 4242 4241 0
4241 4341 4342 0
4348 4449 4349 0
4349 4248 4348 0
4148 4149 4048 0
4048 4047 4148 0
4148 4249 4149 0
4148 4248 4249 0
4748 4647 4747 0
4747 4848 4748 0
4747 4847 4848 0
4746 4847 4747 0
4646 4746 4747 0
4747 4647 4646 0
4648 4647 4748 0
4748 4749 4648 0
4749 4649 4648 0
4447 4346 4446 0
3542 3541 3642 0
3642 3643 3542 0
3642 3742 3743 0
3743 3643 3642 0
3739 3839 3840 0
3842 3742 3741 0
4144 4143 4244 0
4144 4145 4044 0
4144 4244 4245 0
4245 4145 4144 0
4243 4142 4242 0
4243 4143 4142 0
4244 4143 4243 0
4043 3942 4042 0
4042 4143 4043 0
4043 4144 4044 0
4143 4144 4043 0
3038 3039 2938 0
3038 3037 3138 0
2938 2937 3038 0
3038 2937 3037 0
3139 3038 3138 0
3039 3038 3139 0
3140 3139 3240 0
3039 3139 3140 0
3240 3241 3140 0
3339 3439 3440 0
3440 3340 3339 0
3440 3541 3441 0
3441 3340 3440 0
3142 3042 3041 0
2942 3042 3043 0
2942 2941 3042 0
2842 2741 2841 0
2841 2942 2842 0
2941 2942 2841 0
3341 3340 3441 0
3342 3241 3341 0
3240 3340 3341 0
3341 3241 3240 0
3441 3442 3341 0
3341 3442 3342 0
2411 2512 2412 0
2613 2614 2513 0
2614 2514 2513 0
2513 2514 2413 0
2513 2512 2613 0
2413 2412 2513 0
2513 2412 2512 0
2214 2213 2314 0
2313 2213 2212 0
2313 2314 2213 0
2313 2413 2414 0
2414 2314 2313 0
2426 2326 2325 0
2526 2527 2426 0
2226 2326 2327 0
2322 2222 2221 0
2221 2321 2322 0
2522 2623 2523 0
2623 2624 2523 0
2223 2122 2222 0
2123 2122 2223 0
2019 2120 2020 0
2816 2817 2716 0
2716 2715 2816 0
2716 2615 2715 0
2716 2616 2615 0
2315 2316 2215 0
2215 2214 2315 0
2214 2314 2315 0
2515 2616 2516 0
2818 2819 2718 0
2619 2519 2518 0
2518 2618 2619 0
2920 2921 2820 0
2919 3020 2920 0
2920 2819 2919 0
2820 2819 2920 0
3116 3117 3016 0
3115 3216 3116 0
3116 3216 3217 0
3217 3117 3116 0
3116 3015 3115 0
3016 3015 3116 0
3016 3017 2916 0
3017 2917 2916 0
2916 2917 2816 0
2916 2915 3016 0
2816 2815 2916 0
2916 2815 2915 0
3821 3720 3820 0
3821 3721 3720 0
3820 3921 3821 0
3822 3721 3821 0
3921 3922 3821 0
3821 3922 3822 0
3620 3721 3621 0
3520 3620 3621 0
3621 3521 3520 0
3621 3622 3521 0
3621 3721 3722 0
3722 3622 3621 0
3623 3622 3723 0
3723 3724 3623 0
3523 3522 3623 0
3623 3522 3622 0
3318 3317 3418 0
3319 3218 3318 0
3318 3218 3217 0
3217 3317 3318 0
3318 3419 3319 0
3418 3419 3318 0
3517 3518 3417 0
3516 3617 3517 0
3617 3618 3517 0
3618 3518 3517 0
3416 3516 3517 0
3517 3417 3416 0
4110 4111 4010 0
3910 3909 4010 0
3514 3513 3614 0
3515 3414 3514 0
3614 3615 3514 0
3615 3515 3514 0
3413 3414 3313 0
3412 3513 3413 0
3513 3514 3413 0
3413 3514 3414 0
2910 3010 3011 0
2612 2511 2611 0
2612 2512 2511 0
2612 2713 2613 0
2613 2512 2612 0
2811 2812 2711 0
2611 2610 2711 0
2813 2713 2712 0
2712 2812 2813 0
2713 2612 2712 0
2712 2711 2812 0
2712 2612 2611 0
2611 2711 2712 0
4309 4310 4209 0
4310 4210 4209 0
4209 4210 4109 0
4209 4208 4309 0
3408 3509 3409 0
3410 3309 3409 0
3612 3611 3712 0
3712 3713 3612 0
3712 3813 3713 0
3712 3812 3813 0
3710 3810 3811 0
3811 3810 3911 0
3610 3611 3510 0
3510 3509 3610 0
3410 3409 3510 0
3510 3409 3509 0
3411 3310 3410 0
3411 3311 3310 0
3411 3512 3412 0
3412 3311 3411 0
4811 4812 4711 0
4812 4712 4711 0
4710 4811 4711 0
4711 4610 4710 0
4511 4512 4411 0
4411 4410 4511 0
4411 4311 4310 0
4310 4410 4411 0
4613 4713 4714 0
4612 4713 4613 0
4613 4512 4612 0
4513 4512 4613 0
4412 4512 4513 0
4513 4413 4412 0
4412 4413 4312 0
4412 4411 4512 0
4312 4311 4412 0
4311 4411 4412 0
3703 3602 3702 0
3702 3803 3703 0
3802 3803 3702 0
3701 3802 3702 0
3702 3601 3701 0
3702 3602 3601 0
4002 3901 4001 0
3801 3802 3701 0
4503 4502 4603 0
4503 4504 4403 0
4503 4603 4604 0
4604 4504 4503 0
4101 4202 4102 0
4102 4001 4101 0
4002 4001 4102 0
4102 4202 4203 0
4201 4301 4302 0
4302 4202 4201 0
4302 4403 4303 0
4303 4202 4302 0
4105 4004 4104 0
4305 4406 4306 0
4307 4206 4306 0
3202 3302 3303 0
3302 3403 3303 0
3805 3804 3905 0
3805 3806 3705 0
3805 3705 3704 0
3704 3804 3805 0
3905 3906 3805 0
3906 3806 3805 0
3210 3110 3109 0
3008 3007 3108 0
3108 3109 3008 0
3006 3007 2906 0
3005 3106 3006 0
3006 3106 3107 0
3107 3007 3006 0
3006 2905 3005 0
3006 2906 2905 0
3309 3208 3308 0
3308 3409 3309 0
3408 3409 3308 0
3307 3408 3308 0
3308 3207 3307 0
3308 3208 3207 0
3809 3810 3709 0
3910 3810 3809 0
3809 3909 3910 0
3909 3809 3808 0
3707 3807 3808 0
3406 3306 3305 0
3407 3306 3406 0
3507 3407 3406 0
3406 3506 3507 0
3205 3306 3206 0
3106 3105 3206 0
3206 3105 3205 0
3206 3207 3106 0
3307 3207 3206 0
3206 3306 3307 0
4103 4204 4104 0
4203 4204 4103 0
4002 4102 4103 0
4103 4102 4203 0
3903 4004 3904 0
3904 3803 3903 0
3903 3803 3802 0
1505 1504 1605 0
1504 1604 1605 0
1605 1604 1705 0
1606 1505 1605 0
1605 1706 1606 0
1705 1706 1605 0
1206 1307 1207 0
1207 1106 1206 0
1208 1107 1207 0
1207 1107 1106 0
1210 1109 1209 0
1208 1309 1209 0
1007 1107 1108 0
1108 1107 1208 0
1208 1209 1108 0
1108 1209 1109 0
1110 1109 1210 0
1410 1309 1409 0
1308 1309 1208 0
1208 1207 1308 0
1308 1207 1307 0
1409 1309 1308 0
1711 1710 1811 0
1811 1812 1711 0
1912 1812 1811 0
1210 1311 1211 0
1211 1110 1210 0
1111 1110 1211 0
1412 1411 1512 0
1412 1311 1411 0
1610 1710 1711 0
1711 1611 1610 0
1610 1509 1609 0
1609 1710 1610 0
1709 1708 1809 0
1709 1710 1609 0
1909 1908 2009 0
1909 1809 1808 0
1808 1908 1909 0
2112 2111 2212 0
2113 2012 2112 0
2112 2213 2113 0
2212 2213 2112 0
1819 1818 1919 0
1919 1920 1819 0
2019 2020 1919 0
1919 2020 1920 0
2018 2119 2019 0
2118 2119 2018 0
1525 1425 1424 0
1424 1425 1324 0
1221 1322 1222 0
1323 1322 1423 0
1323 1324 1223 0
1223 1222 1323 0
1323 1222 1322 0
1423 1424 1323 0
1323 1424 1324 0
1421 1422 1321 0
1422 1322 1321 0
1321 1322 1221 0
1624 1724 1725 0
1725 1625 1624 0
1624 1623 1724 0
1624 1523 1623 0
1526 1525 1626 0
1525 1625 1626 0
1626 1625 1726 0
1627 1526 1626 0
1325 1425 1426 0
1324 1425 1325 0
1325 1225 1224 0
1224 1324 1325 0
219 320 321 0
1631 1632 1531 0
1233 1232 1333 0
1333 1334 1233 0
1434 1334 1333 0
720 619 719 0
713 612 712 0
712 813 713 0
713 813 814 0
911 912 811 0
811 810 911 0
912 812 811 0
710 810 811 0
508 610 509 0
510 408 509 0
711 610 710 0
711 812 712 0
710 811 711 0
711 811 812 0
712 612 611 0
611 711 712 0
610 711 611 0
611 612 510 0
510 509 611 0
611 509 610 0
508 507 609 0
507 608 609 0
609 610 508 0
710 610 609 0
406 305 304 0
304 405 406 0
406 507 508 0
406 405 507 0
603 602 704 0
704 705 603 0
705 604 603 0
501 602 603 0
404 302 403 0
503 604 605 0
608 708 709 0
710 609 709 0
709 609 608 0
709 810 710 0
809 810 709 0
709 708 809 0
1717 1616 1716 0
1716 1715 1816 0
1716 1616 1615 0
1615 1715 1716 0
1614 1615 1514 0
1515 1616 1516 0
1615 1616 1515 0
1515 1514 1615 0
1414 1514 1515 0
1816 1715 1815 0
1814 1915 1815 0
1714 1715 1614 0
1714 1713 1814 0
1814 1815 1714 0
1714 1815 1715 0
1614 1613 1714 0
1613 1713 1714 0
1712 1812 1813 0
1813 1713 1712 0
1712 1713 1612 0
1711 1812 1712 0
1612 1611 1712 0
1712 1611 1711 0
1915 2016 1916 0
1816 1815 1916 0
1916 1815 1915 0
1916 1917 1816 0
2115 2114 2215 0
2014 2114 2115 0
2215 2316 2216 0
2216 2115 2215 0
1416 1417 1316 0
1316 1315 1416 0
1516 1617 1517 0
1517 1416 1516 0
1417 1416 1517 0
1617 1618 1517 0
1421 1420 1521 0
1521 1522 1421 0
1521 1621 1622 0
1622 1522 1521 0
1418 1519 1419 0
1016 1017 916 0
916 915 1016 0
1016 915 1015 0
1316 1417 1317 0
1317 1417 1418 0
1115 1215 1216 0
1215 1316 1216 0
1316 1317 1216 0
1216 1317 1217 0
1118 1017 1117 0
1017 1016 1117 0
4226 4225 4326 0
4227 4126 4226 0
4125 4126 4025 0
4125 4124 4225 0
4225 4226 4125 0
4125 4226 4126 0
3921 3920 4021 0
4021 4022 3921 0
4021 4122 4022 0
4021 4121 4122 0
4723 4824 4724 0
4724 4623 4723 0
4523 4423 4422 0
4422 4522 4523 0
4321 4421 4422 0
4421 4522 4422 0
4521 4621 4622 0
4622 4522 4521 0
4623 4522 4622 0
4622 4723 4623 0
4420 4419 4520 0
4421 4320 4420 0
4319 4419 4420 0
4420 4320 4319 0
4420 4520 4521 0
4521 4421 4420 0
4019 4119 4120 0
4128 4129 4028 0
4128 4127 4228 0
4128 4229 4129 0
4128 4228 4229 0
4326 4427 4327 0
4327 4226 4326 0
4227 4226 4327 0
4030 4031 3930 0
4030 4029 4130 0
3930 3929 4030 0
3929 4029 4030 0
4131 4030 4130 0
4031 4030 4131 0
3631 3531 3530 0
3632 3531 3631 0
3631 3732 3632 0
3731 3732 3631 0
3731 3730 3831 0
3933 3833 3832 0
3833 3732 3832 0
3832 3732 3731 0
3731 3831 3832 0
4429 4329 4328 0
4328 4329 4228 0
4328 4228 4227 0
4227 4327 4328 0
4632 4531 4631 0
4631 4732 4632 0
4631 4731 4732 0
4631 4630 4731 0
4631 4530 4630 0
4631 4531 4530 0
4717 4616 4716 0
4717 4617 4616 0
4818 4718 4717 0
4718 4617 4717 0
4471 4371 4470 0
4470 4570 4471 0
4471 4570 4571 0
4671 4572 4571 0
4472 4471 4571 0
4571 4572 4472 0
4671 4571 4670 0
4670 4571 4570 0
4670 4669 4769 0
4670 4570 4669 0
4669 4570 4569 0
4569 4469 4568 0
4569 4470 4469 0
4570 4470 4569 0
4568 4668 4569 0
4668 4669 4569 0
3974 4073 4074 0
4174 4075 4074 0
4173 4174 4074 0
4074 4073 4173 0
3975 3974 4074 0
4074 4075 3975 0
3371 3470 3471 0
3571 3472 3471 0
3471 3372 3371 0
3471 3472 3372 0
3671 3672 3572 0
3572 3571 3671 0
3771 3672 3671 0
3569 3568 3668 0
3668 3669 3569 0
3768 3669 3668 0
3668 3767 3768 0
3768 3867 3868 0
3768 3767 3867 0
3872 3873 3773 0
3773 3772 3872 0
3773 3673 3772 0
3873 3774 3773 0
3773 3774 3674 0
3674 3673 3773 0
3969 3968 4068 0
3171 3170 3270 0
3172 3072 3171 0
3372 3273 3272 0
3371 3372 3272 0
3272 3173 3172 0
3272 3273 3173 0
3275 3374 3375 0
3474 3475 3375 0
3375 3374 3474 0
2278 2377 2378 0
2277 2377 2278 0
2279 2379 2280 0
2378 2379 2279 0
2279 2278 2378 0
2780 2880 2781 0
2680 2779 2780 0
2879 2880 2780 0
2780 2779 2879 0
3079 3080 2980 0
2980 2979 3079 0
3179 3080 3079 0
3079 2979 3078 0
3078 3178 3079 0
3079 3178 3179 0
2578 2677 2678 0
2778 2679 2678 0
2678 2777 2778 0
2678 2677 2777 0
2679 2579 2678 0
2678 2579 2578 0
2976 2975 3075 0
3075 3076 2976 0
2876 2975 2976 0
2976 3076 2977 0
2976 2877 2876 0
2976 2977 2877 0
2977 3076 3077 0
3078 2978 3077 0
2978 2977 3077 0
3275 3375 3276 0
1674 1673 1773 0
1773 1774 1674 0
1574 1673 1674 0
1674 1575 1574 0
1780 1681 1680 0
1680 1580 1679 0
1681 1581 1680 0
1680 1581 1580 0
1680 1779 1780 0
1679 1779 1680 0
1579 1580 1480 0
1679 1580 1579 0
1379 1380 1280 0
1282 1283 1183 0
1080 1179 1180 0
982 1082 983 0
982 882 981 0
2665 2566 2565 0
2565 2566 2466 0
2466 2465 2565 0
2364 2264 2363 0
2265 2264 2364 0
2162 2063 2062 0
2062 2161 2162 0
2161 2261 2162 0
2162 2261 2262 0
2263 2264 2164 0
2363 2264 2263 0
2363 2263 2362 0
2362 2263 2262 0
2361 2461 2362 0
2362 2262 2361 0
2762 2763 2663 0
2764 2763 2863 0
2765 2665 2764 0
2562 2563 2463 0
2463 2563 2464 0
2464 2364 2463 0
2463 2364 2363 0
4062 4162 4063 0
4063 3963 4062 0
4062 3963 3962 0
4062 4161 4162 0
3164 3065 3064 0
3065 2965 3064 0
3064 2965 2964 0
3562 3563 3463 0
3266 3166 3265 0
3265 3166 3165 0
2458 2459 2359 0
2359 2360 2260 0
2359 2459 2360 0
2559 2560 2460 0
2460 2459 2559 0
2569 2669 2570 0
2371 2271 2370 0
2272 2271 2371 0
2770 2870 2771 0
3073 3074 2974 0
3074 2975 2974 0
2974 2975 2875 0
2875 2874 2974 0
2675 2676 2576 0
3267 3367 3268 0
3267 3167 3266 0
3567 3568 3468 0
3667 3568 3567 0
3567 3666 3667 0
3567 3566 3666 0
3466 3367 3366 0
3366 3465 3466 0
3366 3267 3266 0
3367 3267 3366 0
2965 2866 2865 0
2964 2965 2865 0
2865 2766 2765 0
2865 2866 2766 0
3269 3369 3270 0
3270 3170 3269 0
3170 3169 3269 0
3269 3169 3268 0
3269 3368 3369 0
3268 3368 3269 0
3168 3069 3068 0
3168 3169 3069 0
3268 3169 3168 0
3068 3167 3168 0
3168 3267 3268 0
3167 3267 3168 0
3564 3563 3663 0
3663 3664 3564 0
3666 3566 3665 0
3665 3765 3666 0
3864 3765 3764 0
3764 3664 3763 0
3764 3665 3664 0
3765 3665 3764 0
3764 3863 3864 0
3764 3763 3863 0
3964 4064 3965 0
3965 4064 4065 0
4065 3966 3965 0
3966 3866 3965 0
814 815 714 0
714 713 814 0
1012 912 911 0
1313 1414 1314 0
1314 1213 1313 0
1036 1035 1136 0
1037 936 1036 0
935 1035 1036 0
1036 936 935 0
1036 1137 1037 0
1136 1137 1036 0
935 936 835 0
835 936 836 0
19 121 20 0
19 18 120 0
120 121 19 0
16 118 17 0
220 118 219 0
219 321 220 0
322 221 220 0
220 321 322 0
2732 2632 2631 0
2632 2531 2631 0
2631 2531 2530 0
2833 2832 2933 0
2933 3033 3034 0
3032 2931 3031 0
3032 3133 3033 0
3031 2930 3030 0
3029 3130 3030 0
2930 2929 3030 0
3030 2929 3029 0
3131 3130 3231 0
3031 3030 3131 0
3131 3030 3130 0
3433 3332 3432 0
3532 3533 3432 0
3432 3533 3433 0
3431 3532 3432 0
3432 3331 3431 0
3432 3332 3331 0
3333 3332 3433 0
3433 3434 3333 0
3333 3434 3334 0
2837 2736 2836 0
2836 2937 2837 0
2936 2937 2836 0
3036 2935 3035 0
3135 3136 3035 0
3035 3136 3036 0
3034 3135 3035 0
2733 2833 2834 0
2834 2734 2733 0
2043 2042 2143 0
2143 2144 2043 0
2243 2244 2143 0
2244 2144 2143 0
2345 2346 2245 0
2245 2244 2345 0
2245 2144 2244 0
2245 2145 2144 0
1636 1737 1637 0
1637 1638 1537 0
1941 2042 1942 0
1838 1737 1837 0
1344 1345 1244 0
1444 1445 1344 0
1344 1445 1345 0
1244 1143 1243 0
1243 1344 1244 0
1243 1143 1142 0
1643 1743 1744 0
1744 1644 1643 0
1744 1743 1844 0
1443 1544 1444 0
1443 1543 1544 0
1443 1342 1442 0
1442 1543 1443 0
2542 2642 2643 0
2541 2642 2542 0
2542 2442 2441 0
2441 2541 2542 0
2743 2642 2742 0
2842 2843 2742 0
2742 2843 2743 0
2742 2741 2842 0
2543 2542 2643 0
2543 2443 2442 0
2442 2542 2543 0
2944 2945 2844 0
2844 2843 2944 0
2844 2744 2743 0
2743 2843 2844 0
2846 2745 2845 0
2845 2946 2846 0
2945 2946 2845 0
2845 2844 2945 0
2845 2745 2744 0
2744 2844 2845 0
2345 2344 2445 0
2645 2545 2544 0
2443 2543 2544 0
939 1039 1040 0
1737 1838 1738 0
1638 1637 1738 0
1738 1637 1737 0
1539 1438 1538 0
1537 1638 1538 0
1538 1437 1537 0
1538 1438 1437 0
1138 1239 1139 0
1138 1238 1239 0
1139 1038 1138 0
1137 1238 1138 0
1138 1038 1037 0
1037 1137 1138 0
1435 1436 1335 0
1335 1334 1435 0
1435 1334 1434 0
2849 2950 2850 0
2750 2749 2850 0
2850 2749 2849 0
3050 2949 3049 0
3050 2950 2949 0
2952 2852 2951 0
2951 2852 2851 0
3152 3052 3151 0
3152 3251 3252 0
3151 3251 3152 0
3053 3052 3152 0
2647 2748 2648 0
2647 2747 2748 0
2648 2547 2647 0
2646 2747 2647 0
2846 2947 2847 0
2847 2746 2846 0
2847 2747 2746 0
2848 2747 2847 0
1849 1748 1848 0
1749 1748 1849 0
2249 2148 2248 0
2350 2250 2249 0
2046 1945 2045 0
2046 1946 1945 0
2349 2450 2350 0
2349 2449 2450 0
2350 2249 2349 0
2348 2449 2349 0
2248 2348 2349 0
2349 2249 2248 0
2652 2752 2653 0
2653 2553 2652 0
2652 2651 2751 0
2751 2752 2652 0
2150 2050 2049 0
2252 2152 2251 0
2252 2352 2253 0
2451 2551 2452 0
2452 2352 2451 0
1558 1559 1459 0
1053 1152 1153 0
1053 1052 1152 0
1353 1452 1453 0
1453 1354 1353 0
1354 1254 1353 0
1752 1852 1753 0
1655 1556 1555 0
1850 1849 1950 0
1749 1849 1850 0
1951 1852 1851 0
3757 3856 3857 0
3857 3758 3757 0
3757 3758 3658 0
3658 3657 3757 0
3856 3757 3756 0
3756 3757 3657 0
3756 3755 3855 0
3855 3856 3756 0
4055 3956 3955 0
3855 3954 3955 0
3955 3856 3855 0
3955 3956 3856 0
4054 4055 3955 0
3955 3954 4054 0
4456 4357 4356 0
4356 4256 4355 0
4356 4357 4257 0
4257 4256 4356 0
4356 4355 4455 0
4455 4456 4356 0
3853 3953 3854 0
3854 3754 3853 0
3853 3952 3953 0
3853 3852 3952 0
3453 3552 3553 0
3553 3653 3554 0
3552 3652 3553 0
3652 3653 3553 0
3553 3454 3453 0
3554 3454 3553 0
3253 3254 3154 0
3254 3155 3154 0
3154 3155 3055 0
3055 3054 3154 0
2854 2953 2954 0
2954 3054 2955 0
3053 3054 2954 0
2954 2953 3053 0
2855 2854 2954 0
2954 2955 2855 0
2757 2756 2856 0
2856 2756 2855 0
2855 2955 2856 0
2955 2956 2856 0
2562 2561 2661 0
2661 2561 2660 0
2660 2760 2661 0
2661 2760 2761 0
3262 3261 3361 0
3361 3460 3461 0
4056 4156 4057 0
4156 4157 4057 0
4059 4159 4060 0
4158 4157 4257 0
4257 4258 4158 0
4158 4159 4059 0
4158 4258 4159 0
3860 3861 3761 0
3961 3962 3862 0
3862 3861 3961 0
4659 4660 4560 0
4560 4660 4561 0
4561 4461 4560 0
4461 4460 4560 0
4760 4660 4759 0
4760 4859 4860 0
4759 4859 4760 0
4860 4761 4760 0
4761 4661 4760 0
4661 4660 4760 0
4359 4259 4358 0
4358 4458 4359 0
4458 4459 4359 0
1170 1169 1269 0
1172 1171 1271 0
1072 1171 1172 0
1173 1073 1172 0
1172 1073 1072 0
1174 1273 1274 0
1274 1374 1275 0
1373 1374 1274 0
1274 1273 1373 0
1275 1175 1274 0
1274 1175 1174 0
1473 1374 1373 0
1473 1474 1374 0
1573 1474 1473 0
1373 1472 1473 0
1472 1572 1473 0
1473 1572 1573 0
971 872 871 0
972 872 971 0
769 670 669 0
669 670 570 0
774 773 873 0
674 773 774 0
970 1069 1070 0
1070 971 970 0
871 870 970 0
970 971 871 0
764 763 863 0
863 864 764 0
1067 1068 968 0
968 967 1067 0
1167 1068 1067 0
1067 967 1066 0
1066 1166 1067 0
1067 1166 1167 0
867 868 768 0
768 868 769 0
769 669 768 0
768 669 668 0
1164 1163 1263 0
1460 1461 1361 0
1361 1360 1460 0
1461 1362 1361 0
1358 1259 1258 0
1258 1357 1358 0
2169 2269 2170 0
2170 2070 2169 0
2168 2268 2169 0
2169 2268 2269 0
1974 2074 1975 0
1974 1975 1875 0
1875 1874 1974 0
1975 2074 2075 0
2175 2076 2075 0
1976 1975 2075 0
2075 2076 1976 0
2073 2072 2172 0
2074 1974 2073 0
2274 2275 2175 0
2374 2275 2274 0
1971 1871 1970 0
1970 2070 1971 0
1971 2070 2071 0
1971 2071 1972 0
1972 1872 1971 0
1872 1871 1971 0
1371 1471 1372 0
1868 1869 1769 0
1668 1669 1569 0
1667 1767 1668 0
1569 1669 1570 0
1571 1471 1570 0
2366 2465 2466 0
2366 2267 2266 0
2467 2567 2468 0
2466 2566 2467 0
2566 2567 2467 0
2165 2065 2164 0
2164 2264 2165 0
2165 2264 2265 0
2165 2265 2166 0
1966 2065 2066 0
2166 2067 2066 0
2066 2165 2166 0
2065 2165 2066 0
2066 2067 1967 0
1967 1966 2066 0
2269 2268 2368 0
2368 2467 2468 0
1867 1966 1967 0
1867 1967 1868 0
1266 1365 1366 0
1366 1466 1367 0
1366 1365 1465 0
1465 1466 1366 0
1366 1267 1266 0
1367 1267 1366 0
1765 1764 1864 0
1864 1865 1765 0
1665 1764 1765 0
1765 1865 1766 0
1766 1666 1765 0
1765 1666 1665 0
2062 1963 1962 0
1962 1963 1863 0
1863 1862 1962 0
1954 1953 2053 0
2253 2154 2153 0
2053 2152 2153 0
2153 2252 2253 0
2152 2252 2153 0
2057 2156 2157 0
2157 2257 2158 0
2256 2356 2257 0
2257 2157 2256 0
2256 2157 2156 0
2255 2256 2156 0
2254 2354 2255 0
2957 2858 2857 0
2757 2856 2857 0
2857 2758 2757 0
2857 2858 2758 0
2956 2957 2857 0
2857 2856 2956 0
1861 1860 1960 0
1959 2059 1960 0
1960 1860 1959 0
1861 1862 1762 0
1762 1761 1861 0
1662 1761 1762 0
1762 1862 1763 0
1762 1663 1662 0
1763 1663 1762 0
356 455 456 0
456 357 356 0
457 357 456 0
454 354 453 0
454 453 553 0
454 355 354 0
455 355 454 0
462 461 561 0
461 560 561 0
664 763 764 0
764 665 664 0
666 765 766 0
666 665 765 0
957 857 956 0
657 658 558 0
657 757 658 0
756 757 657 0
657 656 756 0
457 456 556 0
853 852 952 0
853 753 852 0
853 854 754 0
754 753 853 0
855 856 756 0
955 856 855 0
241 240 341 0
341 342 241 0
241 342 242 0
141 142 41 0
242 142 141 0
141 241 242 0
145 45 44 0
44 144 145 0
146 45 145 0
145 246 146 0
532 431 531 0
532 531 632 0
334 435 335 0
334 333 434 0
434 435 334 0
436 435 536 0
436 537 437 0
536 537 436 0
437 336 436 0
436 336 335 0
335 435 436 0
836 837 736 0
736 636 635 0
534 533 634 0
634 635 534 0
635 535 534 0
534 535 434 0
237 136 236 0
236 235 336 0
439 440 339 0
339 338 439 0
439 338 438 0
235 134 234 0
335 235 234 0
234 334 335 0
237 338 238 0
238 338 339 0
339 239 238 0
1044 944 943 0
943 1043 1044 0
942 1043 943 0
1146 1246 1247 0
839 738 838 0
839 739 738 0
838 939 839 0
741 742 641 0
641 640 741 0
741 640 740 0
243 142 242 0
143 142 243 0
342 443 343 0
344 243 343 0
444 344 343 0
343 443 444 0
242 342 343 0
343 243 242 0
543 643 644 0
646 546 545 0
545 645 646 0
545 445 444 0
545 546 445 0
745 746 645 0
645 644 745 0
154 153 253 0
251 152 151 0
453 353 452 0
649 750 650 0
61 161 62 0
162 63 62 0
62 161 162 0
260 160 259 0
260 161 160 0
259 359 260 0
359 360 260 0
165 264 265 0
164 264 165 0
65 164 165 0
749 648 748 0
747 848 748 0
748 647 747 0
748 648 647 0
368 268 367 0
367 267 366 0
367 268 267 0
265 364 365 0
365 266 265 0
366 266 365 0
364 464 365 0
72 71 170 0
70 69 168 0
673 773 674 0
673 573 672 0
772 773 673 0
673 672 772 0
171 72 170 0
73 72 171 0
171 172 73 0
563 464 463 0
463 363 462 0
463 364 363 0
463 464 364 0
1077 1176 1177 0
1177 1176 1276 0
1076 1176 1077 0
1076 976 1075 0
1075 1175 1076 0
1076 1175 1176 0
973 1073 974 0
974 1073 1074 0
679 580 579 0
479 578 579 0
577 576 676 0
676 576 675 0
674 774 675 0
280 281 182 0
1505 1506 1405 0
1506 1406 1405 0
1405 1406 1305 0
1609 1509 1508 0
1304 1405 1305 0
3830 3730 3729 0
3729 3829 3830 0
3830 3829 3930 0
3830 3831 3730 0
3930 3931 3830 0
3931 3831 3830 0
3629 3529 3528 0
3528 3628 3629 0
3728 3727 3828 0
3828 3829 3728 0
3929 3829 3828 0
3828 3928 3929 0
4026 4127 4027 0
4027 3926 4026 0
3927 3926 4027 0
4028 3927 4027 0
4027 4128 4028 0
4127 4128 4027 0
3826 3926 3927 0
3328 3228 3227 0
3227 3327 3328 0
4023 4124 4024 0
4024 4125 4025 0
4124 4125 4024 0
3923 3922 4023 0
4023 4024 3923 0
3822 3922 3923 0
3923 3823 3822 0
2724 2624 2623 0
2724 2725 2624 0
2826 2725 2825 0
2925 2926 2825 0
2825 2926 2826 0
2825 2824 2925 0
2825 2724 2824 0
2725 2724 2825 0
2627 2626 2727 0
2628 2527 2627 0
2627 2527 2526 0
2526 2626 2627 0
2627 2728 2628 0
2727 2728 2627 0
2228 2329 2229 0
2328 2329 2228 0
2431 2330 2430 0
2430 2531 2431 0
2530 2531 2430 0
2330 2329 2430 0
2529 2428 2528 0
2628 2629 2528 0
2528 2629 2529 0
2528 2527 2628 0
2429 2329 2328 0
2328 2428 2429 0
2429 2428 2529 0
2429 2430 2329 0
2529 2530 2429 0
2530 2430 2429 0
2427 2428 2327 0
2427 2426 2527 0
2527 2528 2427 0
2427 2528 2428 0
2327 2326 2427 0
2326 2426 2427 0
1621 1521 1520 0
1520 1521 1420 0
1520 1419 1519 0
1420 1419 1520 0
1620 1721 1621 0
1620 1720 1721 0
1621 1520 1620 0
1620 1520 1519 0
2023 2024 1923 0
2022 2123 2023 0
2023 1922 2022 0
1923 1922 2023 0
1923 2024 1924 0
1924 1823 1923 0
1824 1823 1924 0
1925 1824 1924 0
2025 1925 1924 0
1924 2024 2025 0
2123 2223 2224 0
2224 2223 2324 0
2224 2324 2325 0
1822 1922 1923 0
1923 1823 1822 0
1822 1823 1722 0
1821 1922 1822 0
1822 1721 1821 0
1722 1721 1822 0
1722 1823 1723 0
1622 1722 1723 0
1723 1623 1622 0
1724 1623 1723 0
1723 1824 1724 0
1723 1823 1824 0
721 620 720 0
1124 1024 1023 0
924 1025 925 0
927 928 827 0
1326 1325 1426 0
1225 1325 1326 0
1126 1025 1125 0
1028 928 927 0
3129 3029 3028 0
3028 3128 3129 0
3230 3130 3129 0
3129 3130 3029 0
3125 3024 3124 0
3125 3025 3024 0
2537 2637 2638 0
2636 2536 2535 0
2839 2939 2940 0
2838 2939 2839 0
2740 2841 2741 0
2335 2336 2235 0
2235 2234 2335 0
2235 2135 2134 0
2134 2234 2235 0
1936 1835 1935 0
1935 1834 1934 0
1835 1834 1935 0
1734 1735 1634 0
1534 1533 1634 0
2331 2431 2432 0
2432 2332 2331 0
2432 2431 2532 0
2532 2533 2432 0
2233 2232 2333 0
2232 2332 2333 0
2434 2334 2333 0
2333 2334 2233 0
2231 2230 2331 0
2130 2230 2231 0
2331 2332 2231 0
2231 2332 2232 0
2032 2031 2132 0
2133 2132 2233 0
2134 2033 2133 0
2033 2032 2133 0
2133 2032 2132 0
2133 2234 2134 0
2233 2234 2133 0
4035 3934 4034 0
4034 4135 4035 0
4034 4134 4135 0
4033 4134 4034 0
4034 3933 4033 0
4034 3934 3933 0
4235 4134 4234 0
4234 4335 4235 0
4234 4334 4335 0
4233 4334 4234 0
4133 4233 4234 0
4234 4134 4133 0
3235 3234 3335 0
3235 3236 3135 0
3235 3135 3134 0
3134 3234 3235 0
3235 3336 3236 0
3235 3335 3336 0
4737 4738 4637 0
4736 4837 4737 0
4737 4636 4736 0
4637 4636 4737 0
4838 4737 4837 0
4738 4737 4838 0
4939 4839 4838 0
4839 4738 4838 0
4438 4539 4439 0
4439 4338 4438 0
4339 4338 4439 0
4440 4339 4439 0
4439 4540 4440 0
4439 4539 4540 0
4508 4408 4407 0
4407 4507 4508 0
4407 4408 4307 0
4406 4507 4407 0
4307 4306 4407 0
4407 4306 4406 0
4708 4608 4607 0
4608 4507 4607 0
4506 4606 4607 0
4607 4507 4506 0
4699 4599 4698 0
4698 4798 4699 0
4699 4798 4799 0
4699 4799 4700 0
4700 4600 4699 0
4600 4599 4699 0
4395 4394 4494 0
4395 4295 4394 0
4396 4296 4395 0
4395 4296 4295 0
3996 3896 3995 0
3995 4095 3996 0
3996 4095 4096 0
4096 3997 3996 0
3996 3997 3897 0
3897 3896 3996 0
3898 3997 3998 0
3998 4098 3999 0
3998 3997 4097 0
4097 4098 3998 0
3998 3899 3898 0
3999 3899 3998 0
4697 4597 4696 0
4697 4796 4797 0
4696 4796 4697 0
4697 4797 4698 0
4697 4698 4598 0
4598 4597 4697 0
4696 4597 4596 0
4596 4496 4595 0
4596 4695 4696 0
4595 4695 4596 0
4397 4496 4497 0
4497 4597 4498 0
4497 4596 4597 0
4496 4596 4497 0
4498 4398 4497 0
4398 4397 4497 0
4896 4796 4895 0
4995 4996 4896 0
4895 4995 4896 0
4896 4996 4897 0
4897 4797 4896 0
4797 4796 4896 0
2797 2897 2798 0
2797 2698 2697 0
2798 2698 2797 0
2697 2796 2797 0
2796 2896 2797 0
2896 2897 2797 0
3199 3299 3200 0
3200 3299 3300 0
2999 3000 2900 0
2900 2899 2999 0
2800 2899 2900 0
3717 3716 3817 0
3717 3718 3617 0
3617 3616 3717 0
3616 3716 3717 0
3717 3817 3818 0
3818 3718 3717 0
4017 4118 4018 0
3917 3817 3816 0
3816 3916 3917 0
3916 4017 3917 0
3918 3817 3917 0
4018 3918 3917 0
3917 4017 4018 0
4016 4015 4116 0
4016 4017 3916 0
3915 3916 3815 0
3815 3814 3915 0
4015 4016 3915 0
3915 4016 3916 0
4514 4615 4515 0
4514 4413 4513 0
4114 4214 4215 0
4215 4316 4216 0
4312 4413 4313 0
3913 4014 3914 0
3914 3813 3913 0
3814 3813 3914 0
3914 3915 3814 0
3914 4014 4015 0
4015 3915 3914 0
4079 4179 4080 0
4080 4179 4180 0
4182 4082 4181 0
3979 3880 3879 0
3880 3780 3879 0
3879 3978 3979 0
3580 3679 3680 0
3680 3581 3580 0
3379 3378 3478 0
3777 3677 3776 0
3777 3876 3877 0
3777 3776 3876 0
3877 3778 3777 0
3777 3778 3678 0
3678 3677 3777 0
3776 3677 3676 0
3576 3675 3676 0
3676 3577 3576 0
3676 3677 3577 0
3675 3775 3676 0
3775 3776 3676 0
4477 4377 4476 0
4477 4576 4577 0
4476 4576 4477 0
4477 4577 4478 0
4476 4377 4376 0
4376 4276 4375 0
4375 4475 4376 0
4475 4476 4376 0
3978 3977 4077 0
4077 3977 4076 0
4077 4076 4176 0
4176 4177 4077 0
4277 4178 4177 0
4177 4276 4277 0
4276 4376 4277 0
4277 4376 4377 0
4478 4379 4378 0
4378 4379 4279 0
4378 4477 4478 0
4377 4477 4378 0
4780 4880 4781 0
4781 4681 4780 0
4780 4681 4680 0
4780 4680 4779 0
4780 4779 4879 0
4879 4880 4780 0
4479 4579 4480 0
4579 4580 4480 0
4480 4580 4481 0
4680 4681 4581 0
4581 4580 4680 0
4481 4580 4581 0
4581 4681 4582 0
4482 4481 4581 0
4581 4582 4482 0
3293 3193 3292 0
3293 3392 3393 0
3292 3392 3293 0
3293 3393 3294 0
3093 3193 3094 0
2994 2993 3093 0
3093 3094 2994 0
3093 3192 3193 0
3094 3193 3194 0
3294 3195 3194 0
3194 3293 3294 0
3193 3293 3194 0
3194 3195 3095 0
3095 3094 3194 0
3592 3593 3493 0
3692 3593 3592 0
2095 1996 1995 0
2095 2096 1996 0
1003 902 1002 0
1003 1103 1104 0
1002 1103 1003 0
900 800 899 0
900 999 1000 0
899 999 900 0
803 702 701 0
703 702 803 0
1798 1897 1898 0
1998 1899 1898 0
1799 1798 1898 0
1898 1899 1799 0
1998 1898 1997 0
1997 1898 1897 0
1996 2096 1997 0
1997 1897 1996 0
2398 2399 2299 0
2299 2298 2398 0
1200 1299 1300 0
1199 1299 1200 0
1100 1199 1200 0
1298 1299 1199 0
1199 1198 1298 0
1397 1398 1298 0
1398 1299 1298 0
1099 999 1098 0
1098 1198 1099 0
1496 1595 1596 0
1596 1497 1496 0
1496 1497 1397 0
1397 1396 1496 0
1794 1795 1695 0
1695 1694 1794 0
1595 1694 1695 0
1795 1696 1695 0
1596 1595 1695 0
1695 1696 1596 0
2694 2594 2693 0
2793 2794 2694 0
2694 2693 2793 0
2694 2794 2695 0
2695 2595 2694 0
2595 2594 2694 0
2696 2597 2596 0
2695 2696 2596 0
2596 2595 2695 0
1993 1894 1893 0
1993 1994 1894 0
1792 1793 1693 0
3595 3594 3694 0
3694 3594 3693 0
3793 3794 3694 0
3694 3693 3793 0
3696 3795 3796 0
3796 3896 3797 0
3895 3896 3796 0
3796 3795 3895 0
3697 3696 3796 0
3796 3797 3697 0
3791 3890 3891 0
3891 3792 3791 0
3791 3792 3692 0
4090 3991 3990 0
4089 4090 3990 0
3990 3991 3891 0
3891 3890 3990 0
4292 4392 4293 0
4293 4193 4292 0
4292 4193 4192 0
4292 4192 4291 0
4291 4391 4292 0
4391 4392 4292 0
3793 3792 3892 0
3892 3893 3793 0
3892 3792 3891 0
3891 3991 3892 0
3993 4092 4093 0
3993 4093 3994 0
3994 3894 3993 0
3894 3893 3993 0
4589 4688 4689 0
4689 4590 4589 0
4490 4489 4589 0
4589 4590 4490 0
4488 4487 4587 0
4988 4889 4888 0
4888 4889 4789 0
4888 4987 4988 0
4888 4887 4987 0
4190 4289 4290 0
4290 4390 4291 0
4291 4191 4290 0
4191 4190 4290 0
4089 4188 4189 0
4189 4289 4190 0
4288 4289 4189 0
4189 4188 4288 0
4189 4090 4089 0
4189 4190 4090 0
3781 3681 3780 0
3781 3880 3881 0
3781 3780 3880 0
3881 3782 3781 0
3583 3582 3682 0
3682 3582 3681 0
3682 3781 3782 0
3681 3781 3682 0
3280 3281 3181 0
3380 3281 3280 0
3280 3379 3380 0
3481 3580 3581 0
3480 3580 3481 0
3584 3585 3485 0
3686 3786 3687 0
3685 3785 3686 0
3686 3785 3786 0
3286 3186 3285 0
3285 3385 3286 0
3186 3286 3187 0
3887 3986 3987 0
3887 3886 3986 0
3590 3591 3491 0
3788 3887 3888 0
3987 3988 3888 0
3888 3887 3987 0
4785 4885 4786 0
4785 4786 4686 0
4686 4685 4785 0
4785 4685 4784 0
4784 4884 4785 0
4884 4885 4785 0
4185 4285 4186 0
4186 4086 4185 0
4185 4086 4085 0
4183 4283 4184 0
4184 4084 4183 0
4085 4084 4184 0
4184 4185 4085 0
3884 3785 3784 0
3784 3883 3884 0
4485 4386 4385 0
4485 4486 4386 0
4585 4486 4485 0
4584 4585 4485 0
4483 4383 4482 0
4482 4582 4483 0
4582 4583 4483 0
3982 3883 3882 0
3882 3782 3881 0
3782 3882 3783 0
3783 3882 3883 0
3783 3883 3784 0
3982 4082 3983 0
3983 3883 3982 0
3983 3884 3883 0
1475 1575 1476 0
1375 1474 1475 0
1475 1474 1574 0
1574 1575 1475 0
680 780 681 0
681 581 680 0
680 580 679 0
680 581 580 0
1193 1094 1093 0
1193 1292 1293 0
1393 1293 1392 0
1392 1293 1292 0
1491 1490 1590 0
1590 1490 1589 0
1590 1689 1690 0
1590 1589 1689 0
892 792 891 0
1194 1094 1193 0
1194 1095 1094 0
1193 1293 1194 0
992 1092 993 0
1092 1093 993 0
799 800 700 0
700 798 799 0
700 600 699 0
699 798 700 0
697 795 796 0
693 594 692 0
692 792 693 0
495 594 496 0
497 398 496 0
495 494 593 0
593 594 495 0
692 594 593 0
593 691 692 0
791 691 790 0
790 890 791 0
495 496 397 0
397 496 398 0
499 400 498 0
498 597 499 0
497 596 498 0
498 596 597 0
399 400 300 0
300 398 399 0
399 398 497 0
497 498 399 0
399 498 400 0
1485 1584 1585 0
1585 1486 1485 0
1684 1584 1683 0
1683 1783 1684 0
1684 1783 1784 0
1684 1784 1685 0
1685 1585 1684 0
1684 1585 1584 0
1086 1087 987 0
987 986 1086 0
1086 986 1085 0
1186 1087 1086 0
1091 1092 992 0
989 1088 1089 0
991 892 891 0
992 892 991 0
991 1091 992 0
1090 1091 991 0
1287 1386 1387 0
1487 1388 1387 0
1387 1486 1487 0
1386 1486 1387 0
1484 1485 1385 0
1385 1384 1484 0
1485 1386 1385 0
1385 1386 1286 0
1284 1283 1383 0
1383 1384 1284 0
1188 1187 1287 0
1088 1187 1188 0
1188 1089 1088 0
1492 1392 1491 0
1393 1392 1492 0
1085 986 985 0
985 1084 1085 0
984 1084 985 0
985 986 886 0
886 885 985 0
985 885 984 0
582 581 681 0
681 682 582 0
582 682 583 0
1983 1884 1883 0
1984 1884 1983 0
1883 1982 1983 0
1982 2082 1983 0
2381 2480 2481 0
2481 2382 2381 0
2482 2382 2481 0
2482 2581 2582 0
2481 2581 2482 0
2582 2483 2482 0
2283 2382 2383 0
2383 2483 2384 0
2383 2482 2483 0
2382 2482 2383 0
2383 2284 2283 0
2383 2384 2284 0
2282 2382 2283 0
2182 2281 2282 0
2281 2381 2282 0
2282 2381 2382 0
2481 2480 2580 0
2580 2581 2481 0
2680 2581 2580 0
2580 2480 2579 0
2580 2679 2680 0
2580 2579 2679 0
2883 2784 2783 0
2783 2684 2683 0
2783 2784 2684 0
2781 2682 2681 0
2681 2581 2680 0
2582 2581 2681 0
2681 2682 2582 0
2680 2780 2681 0
2681 2780 2781 0
2687 2587 2686 0
2687 2786 2787 0
2686 2786 2687 0
2787 2688 2687 0
2588 2587 2687 0
2687 2688 2588 0
3185 3085 3184 0
3185 3284 3285 0
3184 3284 3185 0
3285 3186 3185 0
2886 2985 2986 0
2985 3085 2986 0
2986 2887 2886 0
2987 2887 2986 0
2189 2289 2190 0
2391 2292 2291 0
1686 1587 1586 0
1486 1585 1586 0
1487 1486 1586 0
1586 1587 1487 0
1685 1686 1586 0
1586 1585 1685 0
1787 1688 1687 0
1687 1587 1686 0
1687 1786 1787 0
1686 1786 1687 0
1588 1589 1489 0
1588 1688 1589 0
1587 1687 1588 0
1588 1687 1688 0
1691 1790 1791 0
1791 1790 1890 0
1690 1689 1789 0
1789 1790 1690 0
1789 1788 1888 0
1689 1788 1789 0
2086 1987 1986 0
1987 1887 1986 0
2085 2086 1986 0
1986 1985 2085 0
2384 2483 2484 0
2483 2583 2484 0
2485 2385 2484 0
2484 2385 2384 0
1881 1981 1882 0
1881 1882 1782 0
1782 1781 1881 0
2182 2082 2181 0
2181 2281 2182 0
2280 2281 2181 0
1878 1978 1879 0
1878 1779 1778 0
1879 1779 1878 0
1778 1877 1878 0
2077 1978 1977 0
1977 1877 1976 0
1977 1878 1877 0
1978 1878 1977 0
1976 2076 1977 0
1977 2076 2077 0
2078 2079 1979 0
1979 1978 2078 0
2078 1978 2077 0
2891 2991 2892 0
2892 2792 2891 0
2792 2791 2891 0
2891 2990 2991 0
2591 2491 2590 0
2590 2690 2591 0
2591 2690 2691 0
2591 2691 2592 0
2591 2592 2492 0
2492 2491 2591 0
3290 3191 3190 0
3191 3091 3190 0
3092 3091 3191 0
3191 3192 3092 0
2992 3091 3092 0
3192 3093 3092 0
3092 2993 2992 0
3092 3093 2993 0
2389 2488 2489 0
2288 2289 2189 0
2189 2188 2288 0
2287 2387 2288 0
2288 2188 2287 0
2987 2988 2888 0
2888 2887 2987 0
2788 2887 2888 0
2211 2111 2110 0
2410 2511 2411 0
2508 2509 2408 0
2609 2509 2508 0
2508 2608 2609 0
2607 2608 2507 0
2608 2508 2507 0
2108 2107 2208 0
2108 2007 2107 0
2208 2209 2108 0
1907 2007 2008 0
2008 1908 1907 0
2007 2108 2008 0
2009 1908 2008 0
2806 2807 2706 0
2705 2806 2706 0
2706 2605 2705 0
2908 2807 2907 0
2907 3008 2908 0
3007 3008 2907 0
2906 3007 2907 0
2806 2906 2907 0
2907 2807 2806 0
2708 2608 2607 0
2809 2709 2708 0
2709 2608 2708 0
2107 2106 2207 0
2106 2206 2207 0
2207 2206 2307 0
2208 2107 2207 0
2207 2308 2208 0
2207 2307 2308 0
4651 4751 4652 0
4751 4752 4652 0
4652 4552 4651 0
4652 4752 4653 0
4652 4653 4553 0
4553 4552 4652 0
4852 4752 4851 0
4851 4951 4852 0
4852 4951 4952 0
4952 4853 4852 0
4852 4853 4753 0
4753 4752 4852 0
3445 3344 3444 0
3445 3345 3344 0
3444 3545 3445 0
3445 3446 3345 0
2944 2843 2943 0
2943 3044 2944 0
2943 3043 3044 0
2943 2942 3043 0
2943 2843 2842 0
2842 2942 2943 0
3243 3343 3344 0
3242 3343 3243 0
3243 3142 3242 0
3346 3447 3347 0
3347 3348 3247 0
3347 3447 3448 0
3448 3348 3347 0
3147 3046 3146 0
3146 3247 3147 0
3149 3048 3148 0
3148 3249 3149 0
3248 3249 3148 0
3147 3248 3148 0
2948 2949 2848 0
2947 3048 2948 0
3049 2949 2948 0
2948 3048 3049 0
2848 2847 2948 0
2948 2847 2947 0
3047 3048 2947 0
3047 3046 3147 0
3147 3148 3047 0
3047 3148 3048 0
2947 2946 3047 0
3047 2946 3046 0
3046 2945 3045 0
3045 3146 3046 0
3145 3146 3045 0
3044 3145 3045 0
2944 3044 3045 0
3045 2945 2944 0
3947 4047 4048 0
3848 3748 3747 0
3747 3847 3848 0
3949 3849 3848 0
3849 3748 3848 0
4147 4148 4047 0
4248 4148 4147 0
3545 3646 3546 0
3546 3445 3545 0
3446 3445 3546 0
3646 3647 3546 0
3846 3947 3847 0
3644 3745 3645 0
3545 3544 3645 0
3645 3544 3644 0
3645 3646 3545 0
3750 3749 3850 0
3750 3650 3649 0
3649 3749 3750 0
3449 3549 3550 0
3550 3450 3449 0
3550 3549 3650 0
3350 3249 3349 0
3349 3450 3350 0
3649 3548 3648 0
3648 3749 3649 0
3748 3749 3648 0
3648 3647 3748 0
3949 4050 3950 0
3850 3849 3950 0
3950 3849 3949 0
4151 4052 4051 0
3952 3951 4051 0
4051 4052 3952 0
4352 4351 4451 0
4451 4452 4352 0
4252 4351 4352 0
4352 4452 4353 0
4353 4253 4352 0
4352 4253 4252 0
4647 4648 4547 0
4546 4647 4547 0
4447 4446 4547 0
4547 4446 4546 0
4447 4547 4548 0
4548 4547 4648 0
4548 4649 4549 0
4548 4648 4649 0
4545 4546 4445 0
4546 4446 4445 0
4445 4444 4545 0
3739 3840 3740 0
3740 3639 3739 0
3740 3640 3639 0
3740 3741 3640 0
3940 3939 4040 0
3941 3840 3940 0
3940 3839 3939 0
3940 3840 3839 0
4040 4041 3940 0
3940 4041 3941 0
3640 3741 3641 0
3641 3642 3541 0
3742 3642 3641 0
3641 3741 3742 0
3842 3741 3841 0
3841 3942 3842 0
3941 3942 3841 0
3841 3840 3941 0
3841 3740 3840 0
3741 3740 3841 0
4442 4543 4443 0
4443 4342 4442 0
4443 4544 4444 0
4543 4544 4443 0
4244 4243 4344 0
4444 4445 4344 0
3942 4043 3943 0
3843 3842 3943 0
3842 3942 3943 0
3943 3944 3843 0
4044 3944 3943 0
3943 4043 4044 0
3239 3238 3339 0
3240 3139 3239 0
3138 3238 3239 0
3239 3139 3138 0
3339 3340 3239 0
3239 3340 3240 0
3039 3140 3040 0
2940 2939 3040 0
2939 3039 3040 0
3040 3041 2940 0
3540 3539 3640 0
3541 3440 3540 0
3439 3539 3540 0
3540 3440 3439 0
3540 3641 3541 0
3640 3641 3540 0
3141 3142 3041 0
3141 3140 3241 0
3141 3241 3242 0
3242 3142 3141 0
3041 3040 3141 0
3141 3040 3140 0
2411 2412 2311 0
2312 2313 2212 0
2312 2311 2412 0
2312 2412 2413 0
2413 2313 2312 0
2312 2212 2211 0
2211 2311 2312 0
2722 2622 2621 0
3124 3024 3023 0
1926 1825 1925 0
2425 2426 2325 0
2424 2525 2425 0
2425 2525 2526 0
2526 2426 2425 0
2425 2324 2424 0
2325 2324 2425 0
2422 2421 2522 0
2423 2322 2422 0
2422 2321 2421 0
2422 2322 2321 0
2522 2523 2422 0
2422 2523 2423 0
2524 2523 2624 0
2524 2525 2424 0
2424 2423 2524 0
2423 2523 2524 0
2625 2525 2524 0
2524 2624 2625 0
2222 2322 2323 0
2323 2223 2222 0
2323 2322 2423 0
2324 2223 2323 0
2323 2423 2424 0
2424 2324 2323 0
2021 2122 2022 0
1920 2020 2021 0
2717 2716 2817 0
2616 2716 2717 0
2817 2818 2717 0
2818 2718 2717 0
2417 2316 2416 0
2316 2315 2416 0
2719 2718 2819 0
2719 2720 2619 0
2619 2618 2719 0
2618 2718 2719 0
2820 2720 2719 0
2719 2819 2820 0
2519 2419 2418 0
2418 2518 2519 0
2417 2518 2418 0
3320 3421 3321 0
3321 3421 3422 0
3320 3321 3220 0
3220 3321 3221 0
3220 3219 3320 0
3220 3119 3219 0
3422 3423 3322 0
3423 3323 3322 0
3322 3321 3422 0
3221 3321 3322 0
3121 3221 3222 0
3222 3122 3121 0
3221 3322 3222 0
3223 3122 3222 0
3222 3323 3223 0
3222 3322 3323 0
3121 3122 3021 0
3021 3020 3121 0
2921 2920 3021 0
3021 2920 3020 0
4009 4010 3909 0
4009 4109 4110 0
4110 4010 4009 0
4011 4012 3911 0
4011 4010 4111 0
3911 3910 4011 0
3910 4010 4011 0
3911 4012 3912 0
3912 3811 3911 0
3812 3811 3912 0
3913 3812 3912 0
4112 4011 4111 0
4012 4011 4112 0
2912 2811 2911 0
2910 3011 2911 0
2911 2810 2910 0
2811 2810 2911 0
3212 3313 3213 0
2710 2810 2811 0
2811 2711 2710 0
2710 2711 2610 0
2709 2810 2710 0
2610 2609 2710 0
2609 2709 2710 0
3711 3712 3611 0
3710 3811 3711 0
3812 3712 3711 0
3711 3811 3812 0
3711 3610 3710 0
3711 3611 3610 0
3410 3510 3511 0
3511 3411 3410 0
3511 3510 3611 0
3512 3411 3511 0
3612 3512 3511 0
3511 3611 3612 0
4610 4711 4611 0
4510 4610 4611 0
4611 4511 4510 0
4612 4511 4611 0
4611 4712 4612 0
4611 4711 4712 0
4402 4301 4401 0
4402 4302 4301 0
4401 4502 4402 0
4403 4302 4402 0
4502 4503 4402 0
4402 4503 4403 0
4106 4105 4206 0
4106 4107 4006 0
4106 4207 4107 0
4106 4206 4207 0
4004 4105 4005 0
4005 3905 3904 0
3904 4004 4005 0
4006 3905 4005 0
4005 4106 4006 0
4105 4106 4005 0
4205 4204 4305 0
4206 4105 4205 0
4104 4204 4205 0
4205 4105 4104 0
4305 4306 4205 0
4205 4306 4206 0
3202 3303 3203 0
3103 3102 3203 0
3203 3102 3202 0
3304 3203 3303 0
3210 3109 3209 0
3209 3310 3210 0
3209 3309 3310 0
3209 3208 3309 0
3108 3208 3209 0
3209 3109 3108 0
3110 3010 3009 0
3009 3109 3110 0
3010 2909 3009 0
3009 3008 3109 0
3009 2909 2908 0
2908 3008 3009 0
3907 4007 4008 0
4109 4009 4008 0
3707 3808 3708 0
3608 3607 3708 0
3708 3607 3707 0
3709 3608 3708 0
3708 3809 3709 0
3708 3808 3809 0
4004 3903 4003 0
4104 4004 4003 0
4003 4103 4104 0
4002 4103 4003 0
3902 3903 3802 0
3902 3901 4002 0
4002 4003 3902 0
3902 4003 3903 0
3902 3801 3901 0
3802 3801 3902 0
1411 1410 1511 0
1512 1411 1511 0
1612 1512 1511 0
1511 1611 1612 0
1411 1311 1310 0
1310 1410 1411 0
1310 1311 1210 0
1309 1410 1310 0
1210 1209 1310 0
1310 1209 1309 0
1911 2012 1912 0
1912 1811 1911 0
1312 1211 1311 0
1311 1412 1312 0
1509 1610 1510 0
1409 1509 1510 0
1510 1410 1409 0
1510 1511 1410 0
1510 1610 1611 0
1611 1511 1510 0
1918 1919 1818 0
1918 1917 2018 0
2019 1919 1918 0
1918 2018 2019 0
1817 1818 1717 0
1816 1917 1817 0
1817 1918 1818 0
1917 1918 1817 0
1817 1716 1816 0
1717 1716 1817 0
2018 1917 2017 0
2117 2118 2017 0
2118 2018 2017 0
2017 2016 2117 0
2017 1916 2016 0
1917 1916 2017 0
1619 1618 1719 0
1619 1620 1519 0
1719 1720 1619 0
1720 1620 1619 0
1719 1618 1718 0
1718 1819 1719 0
1718 1818 1819 0
1717 1818 1718 0
1718 1617 1717 0
1718 1618 1617 0
1523 1624 1524 0
1423 1523 1524 0
1524 1424 1423 0
1525 1424 1524 0
1524 1625 1525 0
1524 1624 1625 0
1029 1129 1130 0
1029 1028 1129 0
928 1028 1029 0
222 221 323 0
323 221 322 0
1530 1630 1631 0
1631 1531 1530 0
1530 1529 1630 0
1131 1231 1232 0
1130 1231 1131 0
1230 1231 1130 0
1130 1129 1230 0
1129 1229 1230 0
1230 1331 1231 0
305 406 407 0
407 406 508 0
508 509 407 0
407 509 408 0
301 403 302 0
402 403 301 0
301 302 201 0
607 506 505 0
505 606 607 0
505 506 404 0
404 403 505 0
401 503 402 0
402 301 401 0
1513 1613 1614 0
1614 1514 1513 0
1512 1613 1513 0
1513 1412 1512 0
2015 2016 1915 0
2014 2115 2015 0
2015 1914 2014 0
2015 1915 1914 0
2117 2016 2116 0
2115 2216 2116 0
2016 2015 2116 0
2116 2015 2115 0
1415 1416 1315 0
1414 1515 1415 0
1415 1515 1516 0
1516 1416 1415 0
1315 1314 1415 0
1415 1314 1414 0
1418 1417 1518 0
1417 1517 1518 0
1518 1517 1618 0
1518 1519 1418 0
1518 1619 1519 0
1618 1619 1518 0
1319 1419 1420 0
1115 1216 1116 0
1116 1117 1016 0
1116 1216 1217 0
1217 1117 1116 0
1116 1015 1115 0
1116 1016 1015 0
4824 4723 4823 0
4923 4924 4823 0
4823 4924 4824 0
4823 4822 4923 0
4321 4422 4322 0
4322 4323 4222 0
4322 4423 4323 0
4322 4422 4423 0
4722 4721 4822 0
4723 4622 4722 0
4722 4621 4721 0
4722 4622 4621 0
4822 4823 4722 0
4722 4823 4723 0
4019 4120 4020 0
4020 3919 4019 0
4020 3920 3919 0
4020 4021 3920 0
4121 4021 4020 0
4020 4120 4121 0
4220 4219 4320 0
4220 4320 4321 0
4119 4219 4220 0
4220 4120 4119 0
4331 4330 4431 0
4331 4432 4332 0
4431 4432 4331 0
4032 4031 4132 0
4031 4131 4132 0
4132 4131 4232 0
4133 4032 4132 0
4132 4233 4133 0
4132 4232 4233 0
3630 3730 3731 0
3731 3631 3630 0
3630 3631 3530 0
3629 3730 3630 0
3630 3529 3629 0
3530 3529 3630 0
3932 3831 3931 0
3932 3832 3831 0
3931 4032 3932 0
3933 3832 3932 0
4033 3933 3932 0
3932 4032 4033 0
4428 4327 4427 0
4428 4328 4327 0
4428 4427 4528 0
4429 4328 4428 0
4428 4529 4429 0
4528 4529 4428 0
4817 4816 4917 0
4818 4717 4817 0
4716 4816 4817 0
4817 4717 4716 0
4917 4918 4817 0
4918 4818 4817 0
4370 4371 4271 0
4370 4470 4371 0
4370 4369 4469 0
4469 4470 4370 0
4870 4771 4770 0
4770 4670 4769 0
4771 4671 4770 0
4671 4670 4770 0
4769 4869 4770 0
4869 4870 4770 0
3771 3671 3770 0
3469 3369 3468 0
3468 3568 3469 0
3568 3569 3469 0
3469 3569 3470 0
3469 3370 3369 0
3470 3370 3469 0
3271 3171 3270 0
3270 3370 3271 0
3271 3370 3371 0
3371 3272 3271 0
3172 3171 3271 0
3271 3272 3172 0
2971 3070 3071 0
3071 3171 3072 0
3071 3070 3170 0
3170 3171 3071 0
2278 2279 2179 0
2179 2080 2079 0
3376 3276 3375 0
3475 3476 3376 0
3376 3375 3475 0
3376 3476 3377 0
3377 3277 3376 0
3277 3276 3376 0
3076 3175 3176 0
3176 3077 3076 0
3176 3175 3275 0
3275 3276 3176 0
1675 1774 1775 0
1675 1674 1774 0
1575 1674 1675 0
1775 1676 1675 0
1478 1577 1578 0
1478 1379 1378 0
1278 1377 1378 0
1479 1579 1480 0
1480 1380 1479 0
1380 1379 1479 0
1479 1379 1478 0
1478 1578 1479 0
1479 1578 1579 0
1476 1377 1376 0
1376 1276 1375 0
1376 1475 1476 0
1375 1475 1376 0
1676 1577 1576 0
1476 1575 1576 0
1576 1675 1676 0
1575 1675 1576 0
1477 1577 1478 0
1478 1378 1477 0
1477 1378 1377 0
1477 1377 1476 0
1476 1576 1477 0
1477 1576 1577 0
1677 1577 1676 0
1677 1776 1777 0
1676 1776 1677 0
1677 1578 1577 0
1280 1380 1281 0
1182 1282 1183 0
1182 1281 1282 0
1481 1482 1382 0
1382 1482 1383 0
1383 1283 1382 0
1283 1282 1382 0
1279 1379 1280 0
1280 1180 1279 0
1279 1180 1179 0
1279 1179 1278 0
1278 1378 1279 0
1279 1378 1379 0
1080 1180 1081 0
981 1080 1081 0
1081 982 981 0
1082 982 1081 0
2163 2162 2262 0
2262 2263 2163 0
2063 2162 2163 0
2163 2263 2164 0
2164 2064 2163 0
2163 2064 2063 0
2962 2963 2863 0
2663 2763 2664 0
2763 2764 2664 0
2665 2565 2664 0
2664 2764 2665 0
2363 2362 2462 0
2462 2463 2363 0
2562 2463 2462 0
2462 2362 2461 0
2462 2561 2562 0
2461 2561 2462 0
2964 2963 3063 0
3063 3064 2964 0
3363 3463 3364 0
3559 3460 3459 0
3459 3359 3458 0
3459 3558 3559 0
3458 3558 3459 0
3259 3359 3260 0
3365 3265 3364 0
3465 3366 3365 0
3266 3265 3365 0
3365 3366 3266 0
3264 3165 3164 0
3264 3265 3165 0
3364 3265 3264 0
3164 3263 3264 0
3264 3363 3364 0
3263 3363 3264 0
2159 2258 2259 0
2259 2359 2260 0
2458 2359 2358 0
2358 2258 2357 0
2358 2259 2258 0
2359 2259 2358 0
2357 2457 2358 0
2358 2457 2458 0
2659 2759 2660 0
2660 2560 2659 0
2560 2559 2659 0
2659 2758 2759 0
2558 2459 2458 0
2558 2559 2459 0
2458 2557 2558 0
2557 2657 2558 0
2470 2570 2471 0
2470 2371 2370 0
2471 2371 2470 0
2370 2469 2470 0
2470 2469 2569 0
2569 2570 2470 0
2670 2570 2669 0
2769 2770 2670 0
2670 2669 2769 0
2372 2371 2471 0
2471 2472 2372 0
2272 2371 2372 0
2775 2874 2875 0
2775 2875 2776 0
2776 2676 2775 0
2676 2675 2775 0
2576 2476 2575 0
2575 2675 2576 0
3467 3567 3468 0
3468 3368 3467 0
3368 3367 3467 0
3467 3367 3466 0
3466 3566 3467 0
3566 3567 3467 0
2964 2865 2864 0
2864 2764 2863 0
2765 2764 2864 0
2864 2865 2765 0
2863 2963 2864 0
2864 2963 2964 0
3364 3463 3464 0
3464 3564 3465 0
3464 3463 3563 0
3563 3564 3464 0
3464 3365 3364 0
3465 3365 3464 0
3565 3665 3566 0
3466 3465 3565 0
3565 3566 3466 0
3465 3564 3565 0
3565 3564 3664 0
3664 3665 3565 0
3865 3864 3964 0
3964 3965 3865 0
3865 3765 3864 0
3865 3965 3866 0
3865 3866 3766 0
3766 3765 3865 0
916 917 816 0
816 815 916 0
912 1012 1013 0
913 912 1013 0
1013 1014 913 0
1114 1014 1013 0
1114 1013 1113 0
1113 1013 1012 0
1214 1315 1215 0
1214 1314 1315 0
1215 1114 1214 0
1213 1314 1214 0
1114 1113 1214 0
1214 1113 1213 0
232 131 231 0
27 129 28 0
228 229 127 0
124 22 123 0
1132 1232 1233 0
1132 1131 1232 0
1132 1032 1031 0
1031 1131 1132 0
1032 1132 1133 0
1133 1132 1233 0
1233 1234 1133 0
1133 1234 1134 0
219 118 117 0
117 118 16 0
218 320 219 0
218 319 320 0
219 117 218 0
218 117 116 0
18 17 119 0
120 18 119 0
119 17 118 0
118 220 119 0
119 221 120 0
119 220 221 0
2731 2832 2732 0
2732 2631 2731 0
2630 2631 2530 0
2630 2629 2730 0
2730 2731 2630 0
2630 2731 2631 0
2529 2629 2630 0
2630 2530 2529 0
2931 3032 2932 0
2932 2933 2832 0
3033 2933 2932 0
2932 3032 3033 0
3133 3032 3132 0
3132 3032 3031 0
3031 3131 3132 0
2934 2933 3034 0
2935 2834 2934 0
2833 2933 2934 0
2934 2834 2833 0
3034 3035 2934 0
2934 3035 2935 0
1346 1345 1446 0
1345 1445 1446 0
1444 1544 1545 0
1545 1445 1444 0
1848 1748 1747 0
2442 2443 2342 0
2142 2143 2042 0
2243 2143 2142 0
2142 2242 2243 0
1351 1252 1251 0
1449 1549 1550 0
1450 1349 1449 0
1450 1350 1349 0
1449 1550 1450 0
850 749 849 0
849 950 850 0
749 748 849 0
849 748 848 0
948 848 847 0
847 947 948 0
847 848 747 0
747 746 847 0
1942 1842 1841 0
1841 1941 1942 0
1837 1937 1938 0
1938 1838 1837 0
1242 1243 1142 0
1241 1342 1242 0
1142 1141 1242 0
1242 1141 1241 0
1844 1945 1845 0
1845 1744 1844 0
1945 1946 1845 0
1344 1243 1343 0
1444 1344 1343 0
1343 1443 1444 0
1342 1443 1343 0
1343 1242 1342 0
1243 1242 1343 0
2546 2545 2646 0
2546 2445 2545 0
2646 2647 2546 0
2546 2647 2547 0
2545 2445 2444 0
2444 2544 2545 0
2444 2445 2344 0
2443 2544 2444 0
2643 2744 2644 0
2644 2543 2643 0
2644 2544 2543 0
2645 2544 2644 0
2644 2745 2645 0
2744 2745 2644 0
1038 1039 938 0
1039 939 938 0
938 937 1038 0
938 939 838 0
838 837 938 0
938 837 937 0
1540 1539 1640 0
1839 1738 1838 0
1436 1435 1536 0
1537 1436 1536 0
1536 1637 1537 0
1636 1637 1536 0
1636 1536 1535 0
1535 1536 1435 0
1434 1534 1535 0
1535 1435 1434 0
1632 1733 1633 0
1633 1634 1533 0
1633 1733 1734 0
1734 1634 1633 0
1532 1531 1632 0
1431 1531 1532 0
1632 1633 1532 0
1532 1633 1533 0
3150 3049 3149 0
3150 3050 3049 0
3151 3052 3051 0
3051 3052 2952 0
2952 2951 3051 0
1949 1849 1848 0
1950 1849 1949 0
1949 2050 1950 0
2049 2050 1949 0
1947 2048 1948 0
1948 1949 1848 0
1948 2048 2049 0
2049 1949 1948 0
2047 2048 1947 0
2047 2046 2147 0
2047 2147 2148 0
2148 2048 2047 0
2047 1947 1946 0
1946 2046 2047 0
2148 2249 2149 0
2149 2048 2148 0
2049 2048 2149 0
2149 2150 2049 0
2250 2150 2149 0
2149 2249 2250 0
2346 2347 2246 0
2246 2245 2346 0
2145 2245 2246 0
2447 2347 2346 0
2447 2547 2548 0
2552 2652 2553 0
2552 2453 2452 0
2552 2553 2453 0
2452 2551 2552 0
2551 2651 2552 0
2651 2652 2552 0
2351 2451 2352 0
2351 2252 2251 0
2352 2252 2351 0
1256 1355 1356 0
1458 1558 1459 0
1458 1359 1358 0
1459 1359 1458 0
1656 1556 1655 0
1655 1755 1656 0
1656 1755 1756 0
1857 1856 1956 0
1956 1856 1955 0
955 855 954 0
954 855 854 0
1452 1353 1352 0
1252 1351 1352 0
1253 1353 1254 0
1253 1154 1153 0
1254 1154 1253 0
1153 1252 1253 0
1252 1352 1253 0
1253 1352 1353 0
1653 1553 1652 0
1653 1652 1752 0
1752 1753 1653 0
1853 1753 1852 0
1655 1555 1654 0
1654 1653 1753 0
1750 1649 1749 0
1749 1850 1750 0
1952 1951 2051 0
1952 2051 2052 0
1852 1951 1952 0
2052 1953 1952 0
1953 1853 1952 0
1952 1853 1852 0
1648 1748 1749 0
1749 1649 1648 0
3656 3756 3657 0
3557 3556 3656 0
3656 3657 3557 0
3656 3556 3655 0
3655 3755 3656 0
3755 3756 3656 0
3753 3853 3754 0
3754 3654 3753 0
3654 3653 3753 0
3753 3653 3752 0
3752 3852 3753 0
3852 3853 3753 0
3253 3154 3153 0
3053 3152 3153 0
3153 3054 3053 0
3153 3154 3054 0
3252 3253 3153 0
3153 3152 3252 0
2761 2762 2662 0
2662 2661 2761 0
2562 2661 2662 0
2662 2762 2663 0
2662 2563 2562 0
2663 2563 2662 0
3957 3858 3857 0
3857 3956 3957 0
3957 3956 4056 0
4056 4057 3957 0
3960 3860 3959 0
3959 4059 3960 0
4059 4060 3960 0
4060 3961 3960 0
3960 3861 3860 0
3960 3961 3861 0
4160 4159 4259 0
4160 4060 4159 0
4058 4057 4157 0
4157 4158 4058 0
4058 4059 3959 0
4058 4158 4059 0
3660 3659 3759 0
3562 3661 3662 0
3662 3661 3761 0
3663 3563 3662 0
3662 3563 3562 0
3762 3861 3862 0
3762 3761 3861 0
3762 3662 3761 0
3862 3763 3762 0
3762 3763 3663 0
3663 3662 3762 0
4061 3961 4060 0
4061 4160 4161 0
4060 4160 4061 0
4161 4062 4061 0
4061 4062 3962 0
3962 3961 4061 0
4460 4459 4559 0
4559 4560 4460 0
4659 4560 4559 0
4559 4459 4558 0
4559 4658 4659 0
4559 4558 4658 0
1170 1269 1270 0
1271 1171 1270 0
1270 1171 1170 0
1270 1269 1369 0
1268 1169 1168 0
1268 1269 1169 0
1168 1267 1268 0
1268 1267 1367 0
1567 1468 1467 0
1367 1466 1467 0
1467 1566 1567 0
1467 1466 1566 0
1272 1273 1173 0
1173 1172 1272 0
1372 1273 1272 0
1272 1172 1271 0
1271 1371 1272 0
1272 1371 1372 0
1072 972 1071 0
972 971 1071 0
1071 1171 1072 0
1071 971 1070 0
1070 1170 1071 0
1170 1171 1071 0
569 669 570 0
668 669 569 0
569 470 469 0
570 470 569 0
1069 970 969 0
968 1068 969 0
969 1068 1069 0
969 970 870 0
864 863 963 0
1066 967 966 0
966 967 867 0
867 768 767 0
767 768 668 0
1364 1365 1265 0
1265 1365 1266 0
1266 1166 1265 0
1066 966 1065 0
1065 966 965 0
1262 1361 1362 0
1262 1362 1263 0
1263 1163 1262 0
759 659 758 0
958 859 858 0
858 957 958 0
857 957 858 0
758 857 858 0
858 759 758 0
859 759 858 0
1257 1258 1158 0
1357 1258 1257 0
1256 1356 1257 0
1257 1356 1357 0
1155 1154 1254 0
2069 2169 2070 0
1970 1969 2069 0
2069 2070 1970 0
1969 2068 2069 0
2069 2068 2168 0
2168 2169 2069 0
2173 2172 2272 0
2173 2073 2172 0
2074 2073 2173 0
1973 2073 1974 0
1874 1873 1973 0
1973 1974 1874 0
1973 1873 1972 0
1972 2072 1973 0
2072 2073 1973 0
2174 2274 2175 0
2175 2075 2174 0
2174 2075 2074 0
2074 2173 2174 0
1970 1871 1870 0
1870 1871 1771 0
1870 1969 1970 0
1870 1869 1969 0
1568 1668 1569 0
1568 1468 1567 0
1567 1667 1568 0
1667 1668 1568 0
1768 1769 1669 0
1669 1668 1768 0
1868 1769 1768 0
1768 1668 1767 0
1768 1867 1868 0
1767 1867 1768 0
1669 1769 1670 0
1670 1570 1669 0
1670 1671 1571 0
1571 1570 1670 0
1369 1468 1469 0
1469 1568 1569 0
1468 1568 1469 0
2365 2266 2265 0
2365 2366 2266 0
2465 2366 2365 0
2265 2364 2365 0
2464 2465 2365 0
2365 2364 2464 0
2269 2368 2369 0
2369 2469 2370 0
2468 2469 2369 0
2369 2368 2468 0
2369 2370 2270 0
2270 2269 2369 0
2367 2268 2267 0
2367 2368 2268 0
2467 2368 2367 0
2267 2366 2367 0
2367 2366 2466 0
2466 2467 2367 0
1966 1867 1866 0
1766 1865 1866 0
1866 1767 1766 0
1866 1867 1767 0
1965 1966 1866 0
1866 1865 1965 0
1955 1954 2054 0
2054 1954 2053 0
2053 2153 2054 0
2054 2153 2154 0
1855 1954 1955 0
1955 1856 1855 0
1855 1856 1756 0
1756 1755 1855 0
1959 1860 1859 0
1859 1860 1760 0
1659 1559 1658 0
1559 1558 1658 0
1957 1858 1857 0
1857 1956 1957 0
2056 2057 1957 0
1957 1956 2056 0
2158 2059 2058 0
2058 2059 1959 0
2058 2157 2158 0
2057 2157 2058 0
2155 2154 2254 0
2254 2255 2155 0
2155 2156 2056 0
2155 2255 2156 0
2355 2255 2354 0
2454 2455 2355 0
2355 2354 2454 0
2455 2356 2355 0
2356 2256 2355 0
2256 2255 2355 0
2061 2161 2062 0
2062 1962 2061 0
662 563 562 0
462 561 562 0
562 463 462 0
563 463 562 0
763 664 663 0
663 563 662 0
564 563 663 0
663 664 564 0
466 367 366 0
958 957 1057 0
656 657 557 0
557 556 656 0
557 657 558 0
457 556 557 0
558 458 557 0
557 458 457 0
555 456 455 0
555 556 456 0
755 855 756 0
756 656 755 0
754 854 755 0
854 855 755 0
246 145 245 0
245 145 144 0
346 246 245 0
245 345 346 0
532 533 432 0
432 431 532 0
630 730 731 0
530 429 529 0
529 630 530 0
430 531 431 0
429 530 430 0
430 530 531 0
633 734 634 0
634 533 633 0
633 533 532 0
532 632 633 0
1032 1133 1033 0
1134 1034 1033 0
1033 1133 1134 0
1032 1033 932 0
934 1035 935 0
934 1034 1035 0
834 835 734 0
833 934 834 0
935 835 834 0
834 934 935 0
637 636 737 0
636 736 737 0
737 738 637 0
737 736 837 0
838 738 737 0
737 837 838 0
735 835 836 0
836 736 735 0
734 835 735 0
735 736 635 0
735 635 634 0
634 734 735 0
136 36 35 0
135 134 235 0
235 236 135 0
135 236 136 0
135 35 34 0
136 35 135 0
337 236 336 0
337 336 437 0
337 338 237 0
237 236 337 0
437 438 337 0
438 338 337 0
539 538 639 0
639 640 539 0
539 438 538 0
539 439 438 0
33 32 134 0
33 135 34 0
134 135 33 0
133 234 134 0
133 32 31 0
134 32 133 0
137 136 237 0
237 238 137 0
37 36 137 0
137 36 136 0
743 742 843 0
843 844 743 0
944 844 843 0
843 943 944 0
945 844 944 0
845 844 945 0
1448 1549 1449 0
1146 1247 1147 0
1047 1046 1147 0
1147 1046 1146 0
841 741 740 0
841 941 942 0
940 839 939 0
940 939 1040 0
1040 1041 940 0
1041 941 940 0
744 643 743 0
744 644 643 0
744 745 644 0
743 844 744 0
744 844 845 0
845 745 744 0
544 644 645 0
645 545 544 0
543 644 544 0
544 545 444 0
544 443 543 0
444 443 544 0
354 255 254 0
254 353 354 0
254 253 353 0
154 253 254 0
254 155 154 0
254 255 155 0
252 153 152 0
252 253 153 0
152 251 252 0
252 251 351 0
552 452 551 0
552 652 553 0
553 453 552 0
453 452 552 0
552 551 651 0
651 652 552 0
261 262 162 0
162 161 261 0
161 260 261 0
361 262 261 0
261 360 361 0
261 260 360 0
65 165 66 0
169 70 168 0
168 268 169 0
71 70 169 0
170 71 169 0
269 170 169 0
169 268 269 0
574 673 674 0
573 673 574 0
474 573 574 0
473 573 474 0
473 474 374 0
372 472 373 0
374 274 373 0
373 473 374 0
472 473 373 0
471 470 570 0
471 472 372 0
571 670 671 0
570 670 571 0
571 471 570 0
472 471 571 0
370 369 469 0
469 470 370 0
270 170 269 0
270 171 170 0
269 369 270 0
369 370 270 0
273 272 372 0
273 373 274 0
372 373 273 0
1278 1179 1178 0
1277 1377 1278 0
1278 1178 1277 0
1277 1178 1177 0
1277 1177 1276 0
1276 1376 1277 0
1277 1376 1377 0
677 577 676 0
578 577 677 0
874 873 973 0
973 974 874 0
974 875 874 0
874 774 873 0
374 474 375 0
280 182 181 0
181 279 280 0
180 279 181 0
181 82 180 0
280 279 378 0
378 279 377 0
1407 1307 1306 0
1306 1406 1407 0
1609 1508 1608 0
1608 1709 1609 0
1708 1709 1608 0
1204 1103 1203 0
1203 1304 1204 0
1204 1205 1104 0
1104 1103 1204 0
1305 1205 1204 0
1204 1304 1305 0
1002 1001 1102 0
1102 1103 1002 0
1102 1001 1101 0
1203 1103 1102 0
1101 1202 1102 0
1102 1202 1203 0
1201 1202 1101 0
1301 1402 1302 0
1302 1201 1301 0
1202 1201 1302 0
3428 3429 3328 0
3328 3327 3428 0
3428 3529 3429 0
3428 3528 3529 0
3627 3628 3527 0
3628 3528 3527 0
3527 3526 3627 0
3527 3426 3526 0
3827 3828 3727 0
3827 3826 3927 0
3927 3928 3827 0
3928 3828 3827 0
3827 3727 3726 0
3726 3826 3827 0
3526 3525 3626 0
3627 3526 3626 0
3726 3727 3626 0
3626 3727 3627 0
3524 3525 3424 0
3524 3423 3523 0
3424 3423 3524 0
3425 3324 3424 0
3424 3525 3425 0
3425 3525 3526 0
3526 3426 3425 0
3725 3826 3726 0
3228 3128 3127 0
3127 3227 3228 0
3924 3923 4024 0
3924 4024 4025 0
3824 3823 3924 0
3823 3923 3924 0
1529 1428 1528 0
1528 1628 1629 0
1629 1529 1528 0
2327 2328 2227 0
2328 2228 2227 0
2227 2226 2327 0
2126 2226 2227 0
2028 2129 2029 0
2225 2224 2325 0
2325 2326 2225 0
2326 2226 2225 0
722 822 823 0
721 822 722 0
320 319 421 0
421 321 320 0
923 1024 924 0
923 1023 1024 0
922 1023 923 0
924 823 923 0
823 822 923 0
923 822 922 0
920 819 919 0
821 721 720 0
821 822 721 0
821 921 922 0
922 822 821 0
1121 1120 1221 0
1221 1222 1121 0
824 823 924 0
924 925 824 0
1428 1328 1327 0
1327 1328 1227 0
1227 1126 1226 0
1226 1327 1227 0
1326 1327 1226 0
1225 1326 1226 0
1125 1225 1226 0
1226 1126 1125 0
1025 1126 1026 0
1026 925 1025 0
926 925 1026 0
1128 1229 1129 0
1129 1028 1128 0
3229 3128 3228 0
3229 3129 3128 0
3229 3228 3329 0
3230 3129 3229 0
3229 3330 3230 0
3229 3329 3330 0
2738 2737 2838 0
2739 2638 2738 0
2738 2637 2737 0
2738 2638 2637 0
2838 2839 2738 0
2738 2839 2739 0
2436 2335 2435 0
2435 2536 2436 0
2435 2535 2536 0
2434 2535 2435 0
2435 2334 2434 0
2335 2334 2435 0
2534 2535 2434 0
2533 2634 2534 0
2736 2636 2635 0
2636 2535 2635 0
2635 2534 2634 0
2535 2534 2635 0
2739 2839 2840 0
2840 2740 2739 0
2840 2839 2940 0
2841 2740 2840 0
2940 2941 2840 0
2941 2841 2840 0
2640 2740 2741 0
2337 2438 2338 0
2438 2439 2338 0
2639 2638 2739 0
2739 2740 2639 0
2740 2640 2639 0
2340 2240 2239 0
2135 2136 2035 0
2034 2135 2035 0
1934 2034 2035 0
2035 1935 1934 0
2337 2338 2237 0
2237 2338 2238 0
2135 2235 2236 0
2236 2136 2135 0
2236 2235 2336 0
2236 2237 2136 0
2236 2336 2337 0
2337 2237 2236 0
2332 2432 2433 0
2433 2333 2332 0
2433 2432 2533 0
2434 2333 2433 0
2433 2534 2434 0
2533 2534 2433 0
1930 2031 1931 0
1931 1830 1930 0
1831 1830 1931 0
2031 2032 1931 0
2132 2031 2131 0
2232 2132 2131 0
2131 2231 2232 0
2130 2231 2131 0
2030 2031 1930 0
2030 2029 2130 0
2130 2131 2030 0
2030 2131 2031 0
1930 1929 2030 0
2030 1929 2029 0
2033 1933 1932 0
1932 2032 2033 0
1932 1933 1832 0
1932 1931 2032 0
1832 1831 1932 0
1831 1931 1932 0
4938 4837 4937 0
4938 4838 4837 0
4939 4838 4938 0
4708 4607 4707 0
4707 4808 4708 0
4807 4808 4707 0
4707 4706 4807 0
4606 4706 4707 0
4707 4607 4606 0
4495 4395 4494 0
4494 4594 4495 0
4594 4595 4495 0
4595 4496 4495 0
4495 4496 4396 0
4396 4395 4495 0
3100 3099 3199 0
3199 3200 3100 0
3100 3000 3099 0
4118 4017 4117 0
4217 4218 4117 0
4218 4118 4117 0
4117 4116 4217 0
4117 4016 4116 0
4017 4016 4117 0
4615 4514 4614 0
4714 4715 4614 0
4715 4615 4614 0
4614 4613 4714 0
4513 4613 4614 0
4614 4514 4513 0
4515 4415 4414 0
4414 4514 4515 0
4413 4514 4414 0
4414 4313 4413 0
4315 4215 4214 0
4316 4215 4315 0
4315 4416 4316 0
4415 4416 4315 0
4114 4215 4115 0
4115 4014 4114 0
4015 4014 4115 0
4116 4015 4115 0
4216 4116 4115 0
4115 4215 4216 0
4113 4214 4114 0
4012 4112 4113 0
3980 3880 3979 0
3979 4079 3980 0
4079 4080 3980 0
3881 3880 3980 0
3982 3882 3981 0
3981 3882 3881 0
3881 3980 3981 0
3981 3980 4080 0
4081 4080 4180 0
4180 4181 4081 0
4081 3981 4080 0
4081 4181 4082 0
4081 4082 3982 0
3982 3981 4081 0
3779 3879 3780 0
3680 3679 3779 0
3779 3780 3680 0
3679 3778 3779 0
3978 3879 3878 0
3878 3778 3877 0
3878 3779 3778 0
3879 3779 3878 0
3877 3977 3878 0
3878 3977 3978 0
3679 3580 3579 0
3579 3580 3480 0
3579 3678 3679 0
3579 3578 3678 0
3179 3278 3279 0
3279 3379 3280 0
3278 3378 3279 0
3378 3379 3279 0
4177 4178 4078 0
4078 4077 4177 0
3978 4077 4078 0
4078 4178 4079 0
3979 3978 4078 0
4078 4079 3979 0
4178 4277 4278 0
4278 4378 4279 0
4278 4277 4377 0
4377 4378 4278 0
4279 4179 4278 0
4179 4178 4278 0
4380 4379 4479 0
4479 4480 4380 0
3492 3592 3493 0
3493 3393 3492 0
3393 3392 3492 0
3492 3392 3491 0
3491 3591 3492 0
3591 3592 3492 0
1995 1994 2094 0
2094 2095 1995 0
2194 2095 2094 0
2194 2294 2195 0
2195 2095 2194 0
2096 2095 2195 0
1206 1106 1105 0
1105 1205 1206 0
1104 1205 1105 0
801 902 802 0
701 801 802 0
802 803 701 0
703 803 804 0
704 703 804 0
2199 2298 2299 0
2199 2198 2298 0
2200 2100 2199 0
2299 2200 2199 0
1999 1998 2098 0
2496 2495 2595 0
2595 2596 2496 0
2598 2499 2498 0
2498 2597 2598 0
2499 2399 2498 0
2399 2398 2498 0
1297 1298 1198 0
1297 1396 1397 0
1397 1298 1297 0
998 1098 999 0
998 999 899 0
1198 1098 1197 0
1197 1297 1198 0
1494 1593 1594 0
1595 1496 1495 0
1495 1496 1396 0
1594 1595 1495 0
1495 1494 1594 0
1693 1593 1692 0
1692 1792 1693 0
1691 1791 1692 0
1692 1791 1792 0
3595 3694 3695 0
3695 3795 3696 0
3794 3795 3695 0
3695 3694 3794 0
3695 3696 3596 0
3596 3595 3695 0
4092 3993 3992 0
3992 3892 3991 0
3893 3892 3992 0
3992 3993 3893 0
3992 3991 4091 0
4091 4092 3992 0
4388 4289 4288 0
4388 4288 4387 0
4387 4487 4388 0
4487 4488 4388 0
4688 4589 4588 0
4588 4488 4587 0
4588 4589 4489 0
4489 4488 4588 0
4587 4687 4588 0
4687 4688 4588 0
4788 4888 4789 0
4788 4789 4689 0
4689 4688 4788 0
4788 4688 4787 0
4787 4887 4788 0
4887 4888 4788 0
3283 3284 3184 0
3482 3582 3483 0
3382 3481 3482 0
3581 3582 3482 0
3482 3481 3581 0
3280 3181 3180 0
3180 3080 3179 0
3180 3279 3280 0
3179 3279 3180 0
3182 3181 3281 0
3381 3481 3382 0
3281 3380 3381 0
3381 3380 3480 0
3480 3481 3381 0
3484 3384 3483 0
3483 3583 3484 0
3583 3584 3484 0
3484 3584 3485 0
3484 3385 3384 0
3485 3385 3484 0
3586 3585 3685 0
3685 3686 3586 0
3486 3585 3586 0
3786 3785 3885 0
3885 3886 3786 0
3785 3884 3885 0
3386 3286 3385 0
3386 3485 3486 0
3386 3385 3485 0
3486 3387 3386 0
3087 2988 2987 0
3186 3187 3087 0
3287 3187 3286 0
3287 3386 3387 0
3286 3386 3287 0
3188 3187 3287 0
3787 3887 3788 0
3687 3786 3787 0
3786 3886 3787 0
3886 3887 3787 0
3788 3888 3789 0
3691 3791 3692 0
3692 3592 3691 0
3691 3592 3591 0
3587 3686 3687 0
3587 3586 3686 0
3687 3787 3688 0
3688 3787 3788 0
3290 3190 3289 0
3289 3190 3189 0
4283 4383 4284 0
4284 4184 4283 0
4285 4185 4284 0
4185 4184 4284 0
3683 3682 3782 0
3782 3783 3683 0
3583 3682 3683 0
3683 3584 3583 0
4083 3983 4082 0
4083 4182 4183 0
4083 4082 4182 0
4183 4084 4083 0
3884 3983 3984 0
3984 3885 3884 0
3984 4083 4084 0
3983 4083 3984 0
391 489 490 0
390 489 391 0
489 587 588 0
588 490 489 0
581 582 482 0
980 1080 981 0
1077 978 977 0
977 1076 1077 0
976 1076 977 0
978 878 977 0
1193 1093 1192 0
1192 1093 1092 0
1192 1292 1193 0
1192 1291 1292 0
1390 1291 1290 0
1290 1389 1390 0
1489 1490 1390 0
1390 1389 1489 0
893 892 992 0
992 993 893 0
893 993 894 0
792 892 793 0
694 693 793 0
793 693 792 0
892 893 793 0
1294 1194 1293 0
1294 1293 1393 0
1097 1096 1196 0
1196 1197 1097 0
1097 1197 1098 0
1098 998 1097 0
997 1096 1097 0
1097 998 997 0
1196 1096 1195 0
1194 1294 1195 0
1095 1194 1195 0
1195 1096 1095 0
1195 1295 1196 0
1195 1294 1295 0
796 795 895 0
895 795 894 0
997 897 996 0
996 1096 997 0
1095 1096 996 0
898 897 997 0
997 998 898 0
898 998 899 0
899 800 898 0
800 799 898 0
798 897 898 0
898 799 798 0
695 596 694 0
597 596 695 0
694 793 695 0
798 699 797 0
797 897 798 0
599 600 500 0
394 493 395 0
395 296 394 0
199 200 100 0
595 496 594 0
694 596 595 0
595 596 497 0
497 496 595 0
595 693 694 0
594 693 595 0
691 593 592 0
592 493 591 0
494 493 592 0
592 593 494 0
890 790 889 0
888 988 889 0
889 988 989 0
989 890 889 0
888 889 789 0
789 889 790 0
395 494 396 0
396 494 495 0
495 397 396 0
300 200 299 0
299 398 300 0
299 397 398 0
1190 1091 1090 0
990 1089 1090 0
1090 991 990 0
989 1089 990 0
990 991 891 0
990 890 989 0
891 890 990 0
1183 1283 1184 0
1283 1284 1184 0
1184 1084 1183 0
1085 1084 1184 0
1288 1188 1287 0
1287 1387 1288 0
1288 1387 1388 0
1591 1492 1491 0
1491 1590 1591 0
1690 1691 1591 0
1591 1590 1690 0
887 787 886 0
886 986 887 0
987 888 887 0
887 986 987 0
886 787 786 0
786 885 886 0
1183 1084 1083 0
1083 1182 1183 0
1082 1182 1083 0
983 1082 1083 0
1083 984 983 0
1083 1084 984 0
983 984 884 0
984 885 884 0
684 584 683 0
683 584 583 0
583 682 683 0
681 780 781 0
781 682 681 0
780 880 781 0
2083 2084 1984 0
1984 1983 2083 0
2083 2082 2182 0
2083 1983 2082 0
2480 2381 2380 0
2280 2379 2380 0
2380 2281 2280 0
2380 2381 2281 0
2380 2379 2479 0
2479 2480 2380 0
3086 2986 3085 0
3086 3185 3186 0
3085 3185 3086 0
3186 3087 3086 0
2987 2986 3086 0
3086 3087 2987 0
1890 1989 1990 0
2390 2490 2391 0
2391 2291 2390 0
2489 2490 2390 0
2390 2389 2489 0
1488 1588 1489 0
1489 1389 1488 0
1488 1389 1388 0
1488 1388 1487 0
1487 1587 1488 0
1587 1588 1488 0
1890 1790 1889 0
1790 1789 1889 0
1889 1989 1890 0
1889 1789 1888 0
1888 1988 1889 0
1889 1988 1989 0
1886 1986 1887 0
1787 1786 1886 0
1886 1887 1787 0
1886 1786 1885 0
1885 1985 1886 0
1985 1986 1886 0
2584 2484 2583 0
2683 2684 2584 0
2584 2583 2683 0
2584 2684 2585 0
2584 2585 2485 0
2485 2484 2584 0
1979 2079 1980 0
2079 2080 1980 0
1981 1881 1980 0
1980 2080 1981 0
2081 2181 2082 0
2081 2082 1982 0
1982 1981 2081 0
1981 2080 2081 0
2277 2278 2178 0
2278 2179 2178 0
2079 2078 2178 0
2178 2179 2079 0
2990 2891 2890 0
2890 2989 2990 0
2890 2791 2790 0
2890 2891 2791 0
3189 3190 3090 0
3090 3190 3091 0
2991 2990 3090 0
3090 3091 2991 0
2488 2389 2388 0
2388 2288 2387 0
2388 2389 2289 0
2289 2288 2388 0
2388 2387 2487 0
2487 2488 2388 0
2789 2689 2788 0
2788 2888 2789 0
2790 2690 2789 0
2789 2690 2689 0
2109 2110 2009 0
2109 2108 2209 0
2009 2008 2109 0
2109 2008 2108 0
2511 2410 2510 0
2510 2610 2611 0
2611 2511 2510 0
2510 2509 2610 0
2409 2410 2309 0
2408 2509 2409 0
2509 2510 2409 0
2409 2510 2410 0
2409 2308 2408 0
2309 2308 2409 0
2407 2307 2306 0
2408 2307 2407 0
2407 2508 2408 0
2407 2507 2508 0
2505 2605 2606 0
2605 2706 2606 0
2808 2807 2908 0
2809 2708 2808 0
2808 2909 2809 0
2908 2909 2808 0
2707 2708 2607 0
2707 2706 2807 0
2807 2808 2707 0
2707 2808 2708 0
2607 2606 2707 0
2707 2606 2706 0
3142 3243 3143 0
3043 3042 3143 0
3042 3142 3143 0
3143 3144 3043 0
3244 3243 3344 0
3245 3144 3244 0
3144 3143 3244 0
3244 3143 3243 0
3344 3345 3244 0
3244 3345 3245 0
3247 3146 3246 0
3346 3347 3246 0
3246 3347 3247 0
3246 3245 3346 0
3246 3145 3245 0
3246 3146 3145 0
3847 3947 3948 0
3948 3848 3847 0
3948 3947 4048 0
3949 3848 3948 0
4048 4049 3948 0
3948 4049 3949 0
4248 4147 4247 0
4247 4348 4248 0
4347 4348 4247 0
4246 4347 4247 0
3447 3446 3547 0
3446 3546 3547 0
3547 3546 3647 0
3547 3548 3447 0
3647 3648 3547 0
3547 3648 3548 0
3844 3944 3945 0
3945 3944 4045 0
3745 3846 3746 0
3646 3645 3746 0
3746 3645 3745 0
3747 3646 3746 0
3746 3847 3747 0
3746 3846 3847 0
4046 3945 4045 0
4046 4147 4047 0
4447 4548 4448 0
4448 4347 4447 0
4448 4348 4347 0
4449 4348 4448 0
4549 4449 4448 0
4448 4548 4549 0
4345 4346 4245 0
4345 4344 4445 0
4345 4446 4346 0
4345 4445 4446 0
4245 4244 4345 0
4244 4344 4345 0
4342 4443 4343 0
4242 4342 4343 0
4343 4243 4242 0
4343 4344 4243 0
4343 4443 4444 0
4444 4344 4343 0
2310 2410 2411 0
2411 2311 2310 0
2310 2209 2309 0
2309 2410 2310 0
2921 2922 2821 0
2821 2720 2820 0
2820 2921 2821 0
3124 3023 3123 0
3223 3224 3123 0
3123 3224 3124 0
3123 3122 3223 0
3022 3023 2922 0
3022 3021 3122 0
3122 3123 3022 0
3022 3123 3023 0
3022 2922 2921 0
2921 3021 3022 0
3024 2924 2923 0
2923 3023 3024 0
2922 3023 2923 0
1927 1926 2027 0
2027 2028 1927 0
1825 1926 1826 0
1826 1726 1725 0
1725 1825 1826 0
1826 1827 1726 0
1826 1926 1927 0
1927 1827 1826 0
1726 1827 1727 0
1627 1626 1727 0
1727 1626 1726 0
1727 1728 1627 0
2122 2021 2121 0
2221 2222 2121 0
2222 2122 2121 0
2121 2120 2221 0
2121 2020 2120 0
2121 2021 2020 0
1920 2021 1921 0
1821 1820 1921 0
1820 1920 1921 0
1921 1922 1821 0
2022 1922 1921 0
1921 2021 2022 0
2617 2516 2616 0
2616 2717 2617 0
2617 2718 2618 0
2617 2717 2718 0
2415 2416 2315 0
2414 2515 2415 0
2515 2516 2415 0
2516 2416 2415 0
2415 2314 2414 0
2415 2315 2314 0
2419 2319 2318 0
2318 2418 2419 0
3120 3221 3121 0
3120 3220 3221 0
3121 3020 3120 0
3119 3220 3120 0
3019 3119 3120 0
3120 3020 3019 0
4312 4313 4212 0
4211 4312 4212 0
4212 4111 4211 0
4212 4112 4111 0
3211 3110 3210 0
3210 3311 3211 0
3313 3212 3312 0
3412 3413 3312 0
3312 3413 3313 0
3312 3311 3412 0
3312 3211 3311 0
3212 3211 3312 0
2912 2911 3012 0
3012 2911 3011 0
3012 3013 2912 0
3012 3113 3013 0
3305 3205 3204 0
3204 3304 3305 0
3205 3104 3204 0
3203 3304 3204 0
3204 3104 3103 0
3103 3203 3204 0
3605 3606 3505 0
3505 3606 3506 0
3907 4008 3908 0
3908 3807 3907 0
3908 3808 3807 0
3909 3808 3908 0
3908 4009 3909 0
3908 4008 4009 0
4108 4007 4107 0
4108 4008 4007 0
4107 4208 4108 0
4109 4008 4108 0
4108 4209 4109 0
4208 4209 4108 0
1109 1110 1009 0
809 909 910 0
911 810 910 0
910 810 809 0
808 909 809 0
707 807 808 0
809 708 808 0
808 708 707 0
908 807 907 0
908 1009 909 0
908 808 807 0
909 808 908 0
2012 1911 2011 0
2111 2112 2011 0
2011 2112 2012 0
1810 1811 1710 0
1810 1911 1811 0
1810 1709 1809 0
1710 1709 1810 0
1313 1213 1212 0
1212 1312 1313 0
1211 1312 1212 0
1111 1211 1212 0
1030 1029 1130 0
1130 1131 1030 0
1030 1131 1031 0
528 527 628 0
628 527 627 0
627 728 628 0
626 627 526 0
526 627 527 0
222 323 324 0
324 323 424 0
114 12 113 0
318 317 419 0
315 417 316 0
1529 1530 1429 0
1429 1428 1529 0
1329 1328 1429 0
1429 1328 1428 0
1431 1331 1330 0
1331 1230 1330 0
1330 1229 1329 0
1330 1230 1229 0
504 503 605 0
605 606 504 0
606 505 504 0
402 503 504 0
504 403 402 0
504 505 403 0
502 401 501 0
503 401 502 0
501 603 502 0
502 603 604 0
604 503 502 0
1412 1513 1413 0
1313 1312 1413 0
1413 1312 1412 0
1413 1414 1313 0
1413 1514 1414 0
1413 1513 1514 0
1118 1117 1218 0
1218 1117 1217 0
1320 1319 1420 0
1320 1420 1421 0
1421 1321 1320 0
4221 4220 4321 0
4222 4121 4221 0
4121 4120 4221 0
4120 4220 4221 0
4221 4322 4222 0
4321 4322 4221 0
4330 4331 4230 0
4229 4330 4230 0
4230 4130 4129 0
4129 4229 4230 0
4271 4171 4270 0
4270 4370 4271 0
4269 4369 4270 0
4369 4370 4270 0
3670 3671 3571 0
3670 3770 3671 0
3868 3968 3869 0
3968 3969 3869 0
2080 2179 2180 0
2280 2181 2180 0
2180 2279 2280 0
2180 2179 2279 0
2180 2081 2080 0
2181 2081 2180 0
3077 3176 3177 0
3277 3178 3177 0
3177 3276 3277 0
3177 3176 3276 0
3177 3178 3078 0
3078 3077 3177 0
1678 1777 1778 0
1678 1677 1777 0
1578 1677 1678 0
1778 1679 1678 0
1679 1579 1678 0
1579 1578 1678 0
1381 1281 1380 0
1381 1480 1481 0
1381 1380 1480 0
1481 1382 1381 0
1282 1281 1381 0
1381 1382 1282 0
1181 1182 1082 0
1082 1081 1181 0
1281 1182 1181 0
1181 1081 1180 0
1181 1180 1280 0
1280 1281 1181 0
3161 3260 3261 0
2862 2962 2863 0
2863 2763 2862 0
2763 2762 2862 0
2464 2563 2564 0
2564 2664 2565 0
2564 2563 2663 0
2663 2664 2564 0
2564 2465 2464 0
2564 2565 2465 0
3262 3263 3163 0
3163 3263 3164 0
3164 3064 3163 0
3064 3063 3163 0
2963 2962 3062 0
3062 3063 2963 0
3362 3263 3262 0
3362 3363 3263 0
3262 3361 3362 0
3362 3361 3461 0
3460 3361 3360 0
3360 3260 3359 0
3360 3361 3261 0
3261 3260 3360 0
3359 3459 3360 0
3360 3459 3460 0
2658 2659 2559 0
2559 2558 2658 0
2758 2659 2658 0
2658 2558 2657 0
2757 2758 2658 0
2658 2657 2757 0
2770 2771 2671 0
2671 2670 2770 0
2971 2872 2871 0
2871 2771 2870 0
2871 2870 2970 0
2970 2971 2871 0
2973 3072 3073 0
3073 2974 2973 0
2973 2974 2874 0
2475 2476 2376 0
2475 2575 2476 0
1112 1113 1012 0
1111 1212 1112 0
1213 1113 1112 0
1112 1212 1213 0
30 29 131 0
130 29 28 0
28 129 130 0
131 29 130 0
130 231 131 0
129 230 130 0
230 231 130 0
25 127 26 0
128 27 26 0
26 127 128 0
129 27 128 0
128 127 229 0
128 230 129 0
128 229 230 0
23 22 124 0
20 121 122 0
21 123 22 0
20 122 21 0
21 122 123 0
116 14 115 0
15 117 16 0
116 117 15 0
15 14 116 0
2730 2830 2831 0
2831 2731 2730 0
2831 2830 2931 0
2832 2731 2831 0
2931 2932 2831 0
2831 2932 2832 0
3332 3333 3232 0
3231 3332 3232 0
3232 3131 3231 0
3232 3132 3131 0
1547 1446 1546 0
1546 1545 1646 0
1546 1446 1445 0
1445 1545 1546 0
1646 1747 1647 0
1647 1546 1646 0
1547 1546 1647 0
1647 1648 1547 0
1647 1747 1748 0
1748 1648 1647 0
1848 1747 1847 0
1847 1948 1848 0
1947 1948 1847 0
2343 2342 2443 0
2343 2344 2243 0
2243 2242 2343 0
2242 2342 2343 0
2343 2444 2344 0
2443 2444 2343 0
2441 2442 2341 0
2442 2342 2341 0
2341 2340 2441 0
2240 2340 2341 0
2042 1941 2041 0
2041 2142 2042 0
2041 1941 1940 0
1451 1551 1452 0
1452 1352 1451 0
1451 1352 1351 0
949 848 948 0
949 849 848 0
948 1049 949 0
950 849 949 0
949 1050 950 0
1049 1050 949 0
947 847 846 0
846 847 746 0
846 745 845 0
746 745 846 0
1150 1050 1049 0
1741 1842 1742 0
1741 1841 1842 0
1740 1841 1741 0
1741 1640 1740 0
1840 1841 1740 0
1840 1839 1940 0
1940 1941 1840 0
1941 1841 1840 0
2038 1937 2037 0
2038 1938 1937 0
1846 1845 1946 0
1946 1947 1846 0
1947 1847 1846 0
1746 1747 1646 0
1746 1847 1747 0
1746 1846 1847 0
1645 1544 1644 0
1645 1545 1544 0
1646 1545 1645 0
1645 1746 1646 0
2445 2546 2446 0
2446 2346 2345 0
2345 2445 2446 0
2446 2447 2346 0
2446 2546 2547 0
2547 2447 2446 0
1639 1640 1539 0
1740 1640 1639 0
1639 1538 1638 0
1539 1538 1639 0
1636 1535 1635 0
1736 1636 1635 0
1635 1735 1736 0
1635 1634 1735 0
1534 1634 1635 0
1635 1535 1534 0
1432 1532 1533 0
1432 1331 1431 0
1431 1532 1432 0
3249 3350 3250 0
3149 3249 3250 0
3250 3150 3149 0
2147 2046 2146 0
2145 2246 2146 0
2045 2145 2146 0
2146 2046 2045 0
2247 2246 2347 0
2248 2147 2247 0
2147 2146 2247 0
2247 2146 2246 0
2247 2348 2248 0
2247 2347 2348 0
2448 2447 2548 0
2448 2449 2348 0
2348 2347 2448 0
2347 2447 2448 0
2548 2549 2448 0
2549 2449 2448 0
1456 1555 1556 0
1357 1356 1456 0
1558 1458 1557 0
1556 1656 1557 0
955 954 1054 0
1054 954 1053 0
1153 1154 1054 0
1054 1053 1153 0
854 853 953 0
953 954 854 0
1053 954 953 0
953 853 952 0
952 1052 953 0
1052 1053 953 0
1554 1454 1553 0
1553 1653 1554 0
1653 1654 1554 0
1554 1654 1555 0
1754 1755 1655 0
1655 1654 1754 0
1753 1853 1754 0
1754 1654 1753 0
1649 1750 1650 0
1650 1549 1649 0
1650 1550 1549 0
4360 4459 4460 0
4360 4359 4459 0
4360 4361 4261 0
4460 4361 4360 0
3958 3957 4057 0
4057 4058 3958 0
3858 3957 3958 0
3958 4058 3959 0
3959 3859 3958 0
3958 3859 3858 0
3860 3761 3760 0
3760 3660 3759 0
3761 3661 3760 0
3760 3661 3660 0
3760 3859 3860 0
3759 3859 3760 0
3559 3659 3560 0
3659 3660 3560 0
3560 3460 3559 0
3461 3460 3560 0
1370 1270 1369 0
1369 1469 1370 0
1370 1371 1271 0
1271 1270 1370 0
1368 1268 1367 0
1367 1467 1368 0
1368 1467 1468 0
1368 1468 1369 0
1369 1269 1368 0
1269 1268 1368 0
869 868 968 0
968 969 869 0
869 969 870 0
769 868 869 0
869 770 769 0
869 870 770 0
1064 1065 965 0
1164 1065 1064 0
1063 1163 1064 0
1163 1164 1064 0
864 963 964 0
964 1064 965 0
964 963 1063 0
1063 1064 964 0
965 966 866 0
866 966 867 0
866 767 766 0
867 767 866 0
667 767 668 0
667 567 666 0
667 666 766 0
766 767 667 0
1364 1265 1264 0
1264 1164 1263 0
1264 1363 1364 0
1263 1363 1264 0
1165 1065 1164 0
1164 1264 1165 0
1165 1264 1265 0
1165 1265 1166 0
1165 1166 1066 0
1066 1065 1165 0
760 759 859 0
1060 961 960 0
1059 1060 960 0
1256 1156 1255 0
1156 1155 1255 0
1255 1355 1256 0
1255 1155 1254 0
1255 1354 1355 0
1255 1254 1354 0
956 955 1055 0
955 1054 1055 0
1154 1155 1055 0
1055 1054 1154 0
2272 2372 2273 0
2273 2173 2272 0
2274 2174 2273 0
2273 2174 2173 0
1770 1670 1769 0
1770 1769 1869 0
1869 1870 1770 0
1770 1870 1771 0
1771 1671 1770 0
1671 1670 1770 0
1759 1859 1760 0
1759 1660 1659 0
1759 1760 1660 0
1858 1859 1759 0
1756 1856 1757 0
1757 1856 1857 0
1858 1957 1958 0
1958 2058 1959 0
1958 1957 2057 0
2057 2058 1958 0
1959 1859 1958 0
1958 1859 1858 0
1955 2054 2055 0
2055 2155 2056 0
2055 2054 2154 0
2154 2155 2055 0
2055 1956 1955 0
2056 1956 2055 0
1861 1960 1961 0
1961 2061 1962 0
1961 1862 1861 0
1961 1962 1862 0
2060 1961 1960 0
2061 1961 2060 0
2060 2059 2159 0
2060 1960 2059 0
564 664 565 0
565 664 665 0
1157 1257 1158 0
1157 1057 1156 0
1157 1156 1256 0
1256 1257 1157 0
1156 1057 1056 0
956 1055 1056 0
1056 957 956 0
1056 1057 957 0
1056 1155 1156 0
1056 1055 1155 0
455 454 554 0
554 555 455 0
554 454 553 0
654 555 554 0
553 653 554 0
653 654 554 0
656 556 655 0
556 555 655 0
655 555 654 0
655 755 656 0
655 654 754 0
754 755 655 0
40 141 41 0
244 245 144 0
244 144 143 0
143 243 244 0
244 243 344 0
244 344 345 0
345 245 244 0
433 432 533 0
433 534 434 0
533 534 433 0
434 333 433 0
331 231 230 0
431 432 331 0
631 632 531 0
531 530 631 0
631 530 630 0
631 630 731 0
731 732 631 0
631 732 632 0
329 328 429 0
429 430 329 0
228 328 329 0
329 229 228 0
733 732 833 0
733 834 734 0
833 834 733 0
734 633 733 0
733 633 632 0
632 732 733 0
831 730 830 0
731 730 831 0
933 932 1033 0
933 1033 1034 0
1034 934 933 0
933 934 833 0
326 327 226 0
540 539 640 0
641 541 540 0
540 640 641 0
541 440 540 0
440 439 540 0
439 539 540 0
132 133 31 0
31 30 132 0
132 30 131 0
132 131 232 0
138 238 239 0
138 137 238 0
37 137 138 0
1045 944 1044 0
1045 945 944 0
1044 1145 1045 0
1046 945 1045 0
1145 1146 1045 0
1146 1046 1045 0
1449 1349 1348 0
1348 1448 1449 0
1549 1448 1548 0
1649 1549 1548 0
1548 1648 1649 0
1547 1648 1548 0
1048 1049 948 0
1048 947 1047 0
948 947 1048 0
742 741 842 0
741 841 842 0
842 843 742 0
842 841 942 0
942 943 842 0
943 843 842 0
941 841 840 0
840 940 941 0
839 940 840 0
840 841 740 0
740 739 840 0
739 839 840 0
353 253 352 0
253 252 352 0
352 252 351 0
352 452 353 0
250 150 149 0
451 352 351 0
452 352 451 0
551 452 451 0
446 547 447 0
447 448 347 0
447 346 446 0
447 347 346 0
547 648 548 0
548 447 547 0
448 447 548 0
548 648 649 0
166 167 68 0
166 66 165 0
166 165 265 0
265 266 166 0
266 167 166 0
377 376 476 0
572 473 472 0
472 571 572 0
573 473 572 0
672 573 572 0
671 672 572 0
572 571 671 0
372 272 371 0
371 370 470 0
371 471 372 0
470 471 371 0
172 171 271 0
171 270 271 0
271 270 370 0
271 371 272 0
370 371 271 0
73 172 74 0
275 176 274 0
275 274 374 0
374 375 275 0
275 375 276 0
175 77 76 0
176 77 175 0
274 176 175 0
175 273 274 0
79 178 80 0
177 178 79 0
276 178 177 0
177 275 276 0
176 275 177 0
1 102 103 0
102 205 103 0
206 205 307 0
206 103 205 0
204 205 102 0
203 305 204 0
204 101 203 0
204 102 101 0
678 579 578 0
578 677 678 0
679 579 678 0
678 677 777 0
779 680 679 0
780 680 779 0
879 880 780 0
780 779 879 0
879 779 878 0
879 878 978 0
976 977 877 0
877 977 878 0
776 677 676 0
777 677 776 0
975 875 974 0
1075 976 975 0
975 1074 1075 0
975 974 1074 0
278 279 180 0
377 279 278 0
278 376 377 0
82 181 83 0
83 182 84 0
83 181 182 0
280 378 379 0
379 281 280 0
379 380 281 0
479 380 379 0
1408 1308 1307 0
1307 1407 1408 0
1408 1407 1508 0
1409 1308 1408 0
1408 1509 1409 0
1408 1508 1509 0
1507 1406 1506 0
1507 1407 1406 0
1508 1407 1507 0
1507 1608 1508 0
1202 1302 1303 0
1303 1304 1203 0
1203 1202 1303 0
3528 3428 3427 0
3427 3527 3528 0
3427 3428 3327 0
3426 3527 3427 0
3427 3327 3326 0
3326 3426 3427 0
3325 3224 3324 0
3324 3425 3325 0
3325 3426 3326 0
3325 3425 3426 0
3926 3826 3825 0
3826 3725 3825 0
3825 3724 3824 0
3825 3725 3724 0
3525 3524 3625 0
3625 3626 3525 0
3726 3626 3625 0
3625 3725 3726 0
3027 3028 2927 0
2927 2926 3027 0
3027 3128 3028 0
3027 3127 3128 0
3227 3127 3126 0
3025 3125 3126 0
2129 2028 2128 0
2229 2129 2128 0
2128 2228 2229 0
2028 2027 2128 0
2029 1929 1928 0
1928 2028 2029 0
1928 1827 1927 0
1927 2028 1928 0
2224 2225 2124 0
2123 2224 2124 0
2124 2023 2123 0
2024 2023 2124 0
519 520 419 0
519 619 620 0
620 520 519 0
621 520 620 0
620 721 621 0
721 722 621 0
522 421 521 0
520 621 521 0
321 421 422 0
322 321 422 0
522 523 422 0
422 421 522 0
820 920 921 0
921 821 820 0
819 920 820 0
820 719 819 0
720 719 820 0
820 821 720 0
921 920 1021 0
723 722 823 0
823 824 723 0
826 926 927 0
927 827 826 0
628 728 729 0
728 829 729 0
830 730 729 0
729 829 830 0
1427 1326 1426 0
1427 1327 1326 0
1427 1528 1428 0
1428 1327 1427 0
927 926 1027 0
926 1026 1027 0
1027 1028 927 0
1027 1128 1028 0
1227 1328 1228 0
1229 1128 1228 0
1329 1229 1228 0
1228 1328 1329 0
2735 2836 2736 0
2736 2635 2735 0
2735 2634 2734 0
2735 2635 2634 0
2641 2640 2741 0
2641 2642 2541 0
2741 2742 2641 0
2641 2742 2642 0
2239 2238 2339 0
2238 2338 2339 0
2339 2338 2439 0
2339 2340 2239 0
2539 2639 2640 0
2539 2439 2438 0
2440 2339 2439 0
2340 2339 2440 0
2440 2541 2441 0
2441 2340 2440 0
1936 1935 2036 0
1935 2035 2036 0
2036 2035 2136 0
2037 1936 2036 0
2136 2237 2137 0
2037 2036 2137 0
2137 2036 2136 0
2137 2237 2238 0
4314 4315 4214 0
4313 4414 4314 0
4314 4414 4415 0
4415 4315 4314 0
4013 4014 3913 0
4012 4113 4013 0
4114 4014 4013 0
4013 4113 4114 0
3913 3912 4013 0
4013 3912 4012 0
3479 3579 3480 0
3480 3380 3479 0
3479 3380 3379 0
3479 3379 3478 0
3478 3578 3479 0
3578 3579 3479 0
4279 4379 4280 0
4379 4380 4280 0
4280 4180 4279 0
4280 4181 4180 0
4381 4480 4481 0
4381 4380 4480 0
4481 4382 4381 0
4382 4282 4381 0
1994 1993 2093 0
2093 2094 1994 0
1993 2092 2093 0
2295 2195 2294 0
2394 2395 2295 0
2295 2294 2394 0
904 804 803 0
704 804 805 0
806 705 805 0
805 705 704 0
805 906 806 0
1999 2098 2099 0
2099 2199 2100 0
2198 2199 2099 0
2099 2098 2198 0
2099 2100 2000 0
2099 2000 1999 0
1998 1997 2097 0
2097 2098 1998 0
2097 1997 2096 0
2298 2198 2297 0
2497 2596 2597 0
2497 2496 2596 0
2597 2498 2497 0
2497 2498 2398 0
1196 1295 1296 0
1296 1197 1196 0
1297 1197 1296 0
1396 1297 1296 0
1593 1494 1493 0
1393 1492 1493 0
2192 2092 2191 0
2192 2291 2292 0
2191 2291 2192 0
2192 2093 2092 0
1992 1993 1893 0
1992 2092 1993 0
4289 4388 4389 0
4389 4489 4390 0
4389 4488 4489 0
4389 4388 4488 0
4390 4290 4389 0
4389 4290 4289 0
3483 3384 3383 0
3383 3283 3382 0
3384 3284 3383 0
3284 3283 3383 0
3383 3482 3483 0
3382 3482 3383 0
2980 3080 2981 0
2782 2682 2781 0
2683 2682 2782 0
2782 2783 2683 0
2883 2982 2983 0
2983 3083 2984 0
2984 2884 2983 0
2884 2883 2983 0
3181 3182 3082 0
3082 3182 3083 0
3083 2983 3082 0
3082 2983 2982 0
3083 3182 3183 0
3183 3283 3184 0
3183 3084 3083 0
3184 3084 3183 0
3382 3283 3282 0
3282 3182 3281 0
3283 3183 3282 0
3282 3183 3182 0
3281 3381 3282 0
3282 3381 3382 0
3986 3886 3985 0
3886 3885 3985 0
3985 4085 3986 0
3885 3984 3985 0
3985 4084 4085 0
3985 3984 4084 0
2988 3087 3088 0
3088 2989 2988 0
3088 3187 3188 0
3088 3087 3187 0
3591 3590 3690 0
3690 3691 3591 0
4089 3990 3989 0
3989 3990 3890 0
3989 4088 4089 0
3989 3988 4088 0
3487 3587 3488 0
3487 3388 3387 0
3488 3388 3487 0
3487 3387 3486 0
3486 3586 3487 0
3586 3587 3487 0
3188 3287 3288 0
3388 3289 3288 0
3288 3287 3387 0
3387 3388 3288 0
3288 3189 3188 0
3288 3289 3189 0
3390 3291 3290 0
3390 3391 3291 0
3389 3388 3488 0
3389 3289 3388 0
3290 3289 3389 0
3389 3390 3290 0
4383 4483 4384 0
4384 4284 4383 0
4385 4285 4384 0
4285 4284 4384 0
3584 3683 3684 0
3684 3784 3685 0
3684 3783 3784 0
3684 3683 3783 0
3685 3585 3684 0
3585 3584 3684 0
486 584 585 0
585 487 486 0
586 487 585 0
585 584 684 0
488 586 587 0
488 487 586 0
488 587 489 0
389 487 488 0
489 390 488 0
488 390 389 0
490 588 589 0
589 588 688 0
295 394 296 0
192 94 191 0
389 390 291 0
84 182 183 0
183 182 281 0
580 581 481 0
581 482 481 0
1079 1178 1179 0
1079 1179 1080 0
1080 980 1079 0
1391 1490 1491 0
1391 1390 1490 0
1291 1390 1391 0
1491 1392 1391 0
1391 1392 1292 0
1292 1291 1391 0
1295 1294 1394 0
1394 1294 1393 0
1393 1493 1394 0
1394 1493 1494 0
894 993 994 0
994 895 894 0
994 993 1093 0
994 1093 1094 0
794 695 793 0
794 793 893 0
894 795 794 0
794 893 894 0
597 695 696 0
795 697 696 0
696 794 795 0
695 794 696 0
897 797 896 0
896 996 897 0
796 895 896 0
896 797 796 0
598 599 500 0
598 500 499 0
499 597 598 0
697 599 598 0
597 696 598 0
598 696 697 0
698 699 600 0
600 599 698 0
698 599 697 0
698 797 699 0
698 697 796 0
796 797 698 0
493 394 492 0
591 493 492 0
492 590 591 0
198 199 100 0
296 199 198 0
198 295 296 0
690 790 691 0
690 789 790 0
690 592 591 0
691 592 690 0
200 199 297 0
395 396 297 0
297 296 395 0
297 199 296 0
298 299 200 0
200 297 298 0
298 297 396 0
298 396 397 0
397 299 298 0
1089 1188 1189 0
1090 1089 1189 0
1189 1190 1090 0
1188 1288 1189 0
1290 1291 1191 0
1191 1190 1290 0
1291 1192 1191 0
1191 1192 1092 0
1092 1091 1191 0
1091 1190 1191 0
1085 1184 1185 0
1186 1086 1185 0
1185 1086 1085 0
1185 1184 1284 0
1492 1591 1592 0
1592 1692 1593 0
1691 1692 1592 0
1592 1591 1691 0
1593 1493 1592 0
1592 1493 1492 0
587 586 686 0
885 786 785 0
785 884 885 0
785 784 884 0
786 686 785 0
881 781 880 0
981 882 881 0
881 980 981 0
880 980 881 0
2283 2184 2183 0
2183 2083 2182 0
2184 2084 2183 0
2084 2083 2183 0
2183 2282 2283 0
2182 2282 2183 0
2189 2190 2090 0
2290 2390 2291 0
2191 2190 2290 0
2290 2291 2191 0
2290 2190 2289 0
2289 2389 2290 0
2389 2390 2290 0
1880 1980 1881 0
1880 1781 1780 0
1880 1881 1781 0
1780 1879 1880 0
1880 1879 1979 0
1979 1980 1880 0
2277 2178 2177 0
2077 2176 2177 0
2177 2078 2077 0
2177 2178 2078 0
2176 2276 2177 0
2177 2276 2277 0
3189 3090 3089 0
2989 3088 3089 0
2990 2989 3089 0
3089 3090 2990 0
3188 3189 3089 0
3089 3088 3188 0
2989 2890 2889 0
2889 2789 2888 0
2889 2890 2790 0
2790 2789 2889 0
2988 2989 2889 0
2889 2888 2988 0
2406 2407 2306 0
2507 2407 2406 0
2406 2305 2405 0
2306 2305 2406 0
2607 2507 2506 0
2506 2606 2607 0
2507 2406 2506 0
2505 2606 2506 0
2405 2505 2506 0
2506 2406 2405 0
3845 3846 3745 0
3844 3945 3845 0
3845 3744 3844 0
3845 3745 3744 0
4146 4145 4246 0
4147 4046 4146 0
4045 4145 4146 0
4146 4046 4045 0
4246 4247 4146 0
4146 4247 4147 0
3945 4046 3946 0
3846 3845 3946 0
3946 3845 3945 0
3947 3846 3946 0
4047 3947 3946 0
3946 4046 4047 0
2209 2310 2210 0
2210 2109 2209 0
2110 2109 2210 0
2211 2110 2210 0
2210 2311 2211 0
2210 2310 2311 0
2721 2722 2621 0
2720 2821 2721 0
2621 2620 2721 0
2721 2620 2720 0
2822 2821 2922 0
2922 2923 2822 0
2722 2721 2822 0
2822 2721 2821 0
2823 2924 2824 0
2823 2923 2924 0
2722 2822 2823 0
2823 2822 2923 0
2026 2027 1926 0
2025 2126 2026 0
2026 1925 2025 0
2026 1926 1925 0
2126 2227 2127 0
2127 2026 2126 0
2027 2026 2127 0
2127 2128 2027 0
2127 2227 2228 0
2228 2128 2127 0
2516 2617 2517 0
2417 2416 2517 0
2517 2416 2516 0
2517 2518 2417 0
2618 2518 2517 0
2517 2617 2618 0
2219 2118 2218 0
2218 2319 2219 0
2218 2318 2319 0
2218 2118 2117 0
2417 2418 2317 0
2418 2318 2317 0
2317 2316 2417 0
2317 2216 2316 0
4213 4113 4112 0
4112 4212 4213 0
4213 4212 4313 0
4214 4113 4213 0
4213 4314 4214 0
4313 4314 4213 0
3111 3211 3212 0
3110 3211 3111 0
3111 3010 3110 0
3111 3011 3010 0
3305 3304 3405 0
3405 3406 3305 0
3506 3406 3405 0
3405 3505 3506 0
3504 3604 3605 0
3605 3505 3504 0
3504 3403 3503 0
3503 3604 3504 0
1010 1110 1111 0
1010 1009 1110 0
909 1009 1010 0
1010 910 909 0
1008 907 1007 0
1109 1009 1008 0
1008 908 907 0
1009 908 1008 0
1007 1108 1008 0
1008 1108 1109 0
2010 2110 2111 0
2111 2011 2010 0
2010 1909 2009 0
2009 2110 2010 0
930 1030 1031 0
830 829 930 0
629 528 628 0
628 729 629 0
629 630 529 0
529 528 629 0
730 630 629 0
629 729 730 0
427 327 326 0
527 528 427 0
727 627 626 0
728 627 727 0
425 324 424 0
11 113 12 0
10 113 11 0
114 113 215 0
215 316 317 0
315 213 314 0
313 415 314 0
319 218 217 0
217 318 319 0
217 218 116 0
116 115 217 0
313 211 312 0
416 417 315 0
315 314 416 0
416 314 415 0
615 716 616 0
1430 1429 1530 0
1431 1330 1430 0
1329 1429 1430 0
1430 1330 1329 0
1430 1531 1431 0
1430 1530 1531 0
1219 1119 1118 0
1118 1218 1219 0
1219 1218 1319 0
1319 1320 1219 0
1319 1218 1318 0
1418 1419 1318 0
1419 1319 1318 0
1318 1317 1418 0
1217 1317 1318 0
1318 1218 1217 0
4231 4131 4130 0
4130 4230 4231 0
4231 4230 4331 0
4232 4131 4231 0
4332 4232 4231 0
4231 4331 4332 0
3470 3569 3570 0
3570 3670 3571 0
3570 3569 3669 0
3669 3670 3570 0
3570 3471 3470 0
3571 3471 3570 0
3769 3768 3868 0
3868 3869 3769 0
3669 3768 3769 0
3769 3869 3770 0
3769 3670 3669 0
3770 3670 3769 0
3971 3972 3872 0
4071 3972 3971 0
3771 3770 3870 0
3770 3869 3870 0
3870 3869 3969 0
3969 3970 3870 0
4170 4171 4071 0
4170 4270 4171 0
4170 4169 4269 0
4269 4270 4170 0
4069 3970 3969 0
4069 3969 4068 0
4068 4168 4069 0
4069 4168 4169 0
3260 3161 3160 0
3060 3159 3160 0
3160 3159 3259 0
3259 3260 3160 0
3060 3160 3061 0
3061 3160 3161 0
3061 3062 2962 0
3161 3062 3061 0
3162 3163 3063 0
3063 3062 3162 0
3262 3163 3162 0
3162 3062 3161 0
3162 3261 3262 0
3162 3161 3261 0
3463 3363 3462 0
3363 3362 3462 0
3562 3463 3462 0
3462 3362 3461 0
2570 2670 2571 0
2670 2671 2571 0
2471 2570 2571 0
2571 2472 2471 0
2672 2671 2771 0
3072 2973 2972 0
2972 2872 2971 0
2972 3071 3072 0
2971 3071 2972 0
2575 2475 2574 0
2375 2475 2376 0
2376 2276 2375 0
2276 2275 2375 0
2375 2275 2374 0
126 25 24 0
127 25 126 0
228 127 126 0
223 121 222 0
223 122 121 0
222 324 223 0
13 115 14 0
13 12 114 0
114 115 13 0
3233 3232 3333 0
3233 3234 3133 0
3133 3132 3233 0
3132 3232 3233 0
3334 3234 3233 0
3233 3333 3334 0
2242 2142 2141 0
2142 2041 2141 0
845 945 946 0
946 846 845 0
946 945 1046 0
947 846 946 0
1047 947 946 0
946 1046 1047 0
1349 1350 1249 0
1742 1642 1641 0
1641 1741 1742 0
1641 1642 1541 0
1640 1741 1641 0
1641 1541 1540 0
1540 1640 1641 0
2239 2240 2139 0
2240 2140 2139 0
1845 1846 1745 0
1846 1746 1745 0
1746 1645 1745 0
1744 1845 1745 0
1644 1744 1745 0
1745 1645 1644 0
1738 1839 1739 0
1638 1738 1739 0
1739 1639 1638 0
1740 1639 1739 0
1739 1840 1740 0
1839 1840 1739 0
1332 1333 1232 0
1331 1432 1332 0
1232 1231 1332 0
1231 1331 1332 0
1433 1432 1533 0
1434 1333 1433 0
1333 1332 1433 0
1433 1332 1432 0
1433 1534 1434 0
1433 1533 1534 0
1555 1456 1455 0
1355 1454 1455 0
1455 1356 1355 0
1455 1456 1356 0
1454 1554 1455 0
1455 1554 1555 0
1457 1456 1556 0
1556 1557 1457 0
1357 1456 1457 0
1457 1557 1458 0
1358 1357 1457 0
1457 1458 1358 0
1657 1658 1558 0
1558 1557 1657 0
1657 1757 1658 0
1657 1557 1656 0
1657 1656 1756 0
1756 1757 1657 0
1854 1855 1755 0
1755 1754 1854 0
1954 1855 1854 0
1854 1754 1853 0
1953 1954 1854 0
1854 1853 1953 0
4260 4360 4261 0
4261 4161 4260 0
4161 4160 4260 0
4260 4160 4259 0
4259 4359 4260 0
4359 4360 4260 0
3660 3661 3561 0
3561 3560 3660 0
3461 3560 3561 0
3561 3661 3562 0
3562 3462 3561 0
3561 3462 3461 0
1470 1370 1469 0
1569 1570 1470 0
1470 1469 1569 0
1470 1570 1471 0
1471 1371 1470 0
1371 1370 1470 0
668 569 568 0
568 667 668 0
567 667 568 0
568 569 469 0
368 367 467 0
367 466 467 0
766 765 865 0
865 866 766 0
765 864 865 0
965 866 865 0
864 964 865 0
865 964 965 0
660 560 659 0
659 759 660 0
759 760 660 0
660 561 560 0
962 963 863 0
1259 1359 1260 0
1260 1359 1360 0
959 859 958 0
959 1059 960 0
1158 1059 1058 0
958 1057 1058 0
1058 959 958 0
1059 959 1058 0
1058 1157 1158 0
1057 1157 1058 0
1159 1059 1158 0
1159 1258 1259 0
1158 1258 1159 0
1060 1059 1159 0
2374 2274 2373 0
2274 2273 2373 0
2373 2372 2472 0
2373 2273 2372 0
1858 1759 1758 0
1658 1757 1758 0
1659 1658 1758 0
1758 1759 1659 0
1857 1858 1758 0
1758 1757 1857 0
2260 2161 2160 0
2160 2060 2159 0
2161 2061 2160 0
2061 2060 2160 0
2160 2259 2260 0
2159 2259 2160 0
465 565 466 0
465 365 464 0
465 464 564 0
564 565 465 0
366 365 465 0
465 466 366 0
666 567 566 0
665 666 566 0
566 565 665 0
466 565 566 0
566 467 466 0
567 467 566 0
231 331 332 0
332 333 232 0
232 231 332 0
332 433 333 0
432 433 332 0
332 331 432 0
229 329 330 0
230 229 330 0
330 331 230 0
431 331 330 0
330 430 431 0
330 329 430 0
832 732 731 0
731 831 832 0
833 732 832 0
832 831 932 0
832 933 833 0
932 933 832 0
233 132 232 0
334 234 233 0
234 133 233 0
133 132 233 0
232 333 233 0
333 334 233 0
240 241 140 0
241 141 140 0
140 40 39 0
141 40 140 0
37 138 38 0
1347 1348 1247 0
1347 1246 1346 0
1347 1247 1246 0
1448 1348 1347 0
348 349 248 0
248 247 348 0
348 247 347 0
347 448 348 0
348 448 449 0
449 349 348 0
350 250 249 0
249 349 350 0
248 349 249 0
249 250 149 0
249 148 248 0
149 148 249 0
449 550 450 0
450 349 449 0
350 349 450 0
449 448 549 0
448 548 549 0
549 550 449 0
549 548 649 0
650 550 549 0
649 650 549 0
67 166 68 0
66 166 67 0
576 476 575 0
575 574 674 0
674 675 575 0
575 675 576 0
477 378 377 0
377 476 477 0
576 577 477 0
477 476 576 0
474 574 475 0
475 476 376 0
574 575 475 0
475 575 476 0
475 375 474 0
475 376 375 0
75 74 173 0
173 74 172 0
172 271 173 0
173 271 272 0
78 77 176 0
78 177 79 0
176 177 78 0
76 75 174 0
174 175 76 0
75 173 174 0
273 175 174 0
272 273 174 0
174 173 272 0
180 82 81 0
207 208 106 0
510 612 511 0
311 209 310 0
310 209 208 0
311 310 412 0
412 310 411 0
308 206 307 0
207 206 308 0
307 205 306 0
205 204 306 0
306 204 305 0
408 307 306 0
305 407 306 0
306 407 408 0
878 779 778 0
777 877 778 0
778 877 878 0
778 779 679 0
679 678 778 0
778 678 777 0
775 776 676 0
676 675 775 0
775 675 774 0
875 776 775 0
774 874 775 0
775 874 875 0
876 776 875 0
976 877 876 0
876 877 777 0
777 776 876 0
876 975 976 0
875 975 876 0
277 178 276 0
376 278 277 0
276 375 277 0
375 376 277 0
1607 1506 1606 0
1607 1507 1506 0
1606 1707 1607 0
1608 1507 1607 0
1707 1708 1607 0
1708 1608 1607 0
1304 1303 1404 0
1405 1304 1404 0
1404 1504 1505 0
1505 1405 1404 0
3225 3325 3326 0
3224 3325 3225 0
3124 3224 3225 0
3225 3125 3124 0
3926 3825 3925 0
4025 4026 3925 0
4026 3926 3925 0
3925 3924 4025 0
3824 3924 3925 0
3925 3825 3824 0
3624 3625 3524 0
3624 3623 3724 0
3724 3725 3624 0
3725 3625 3624 0
3523 3623 3624 0
3624 3524 3523 0
3127 3027 3026 0
3026 3126 3127 0
3026 3027 2926 0
3025 3126 3026 0
2925 3025 3026 0
3026 2926 2925 0
1827 1928 1828 0
1728 1727 1828 0
1828 1727 1827 0
1829 1728 1828 0
1828 1929 1829 0
1828 1928 1929 0
2025 2024 2125 0
2024 2124 2125 0
2125 2124 2225 0
2125 2126 2025 0
2125 2226 2126 0
2125 2225 2226 0
418 519 419 0
419 317 418 0
317 316 418 0
418 316 417 0
619 519 518 0
518 418 417 0
519 418 518 0
424 524 525 0
525 425 424 0
526 425 525 0
626 526 525 0
522 521 622 0
622 521 621 0
622 621 722 0
722 723 622 0
419 520 420 0
520 521 420 0
420 521 421 0
420 421 319 0
420 318 419 0
319 318 420 0
322 422 423 0
423 323 322 0
424 323 423 0
423 524 424 0
523 524 423 0
423 422 523 0
1120 1121 1020 0
1121 1021 1020 0
1020 1019 1120 0
1020 1021 920 0
919 1019 1020 0
1020 920 919 0
1022 1023 922 0
922 921 1022 0
921 1021 1022 0
623 622 723 0
623 523 522 0
522 622 623 0
828 827 928 0
828 829 728 0
828 727 827 0
728 727 828 0
1527 1526 1627 0
1528 1427 1527 0
1527 1426 1526 0
1527 1427 1426 0
1627 1628 1527 0
1628 1528 1527 0
1127 1026 1126 0
1127 1027 1026 0
1127 1126 1227 0
1128 1027 1127 0
1227 1228 1127 0
1127 1228 1128 0
2836 2735 2835 0
2835 2935 2936 0
2936 2836 2835 0
2835 2834 2935 0
2734 2834 2835 0
2835 2735 2734 0
2638 2639 2538 0
2639 2539 2538 0
2538 2539 2438 0
2537 2638 2538 0
2538 2437 2537 0
2438 2437 2538 0
2541 2440 2540 0
2540 2641 2541 0
2640 2641 2540 0
2540 2539 2640 0
2439 2539 2540 0
2540 2440 2439 0
2138 2137 2238 0
2138 2139 2038 0
2138 2038 2037 0
2037 2137 2138 0
2138 2238 2239 0
2239 2139 2138 0
4281 4280 4380 0
4380 4381 4281 0
4181 4280 4281 0
4281 4381 4282 0
4281 4282 4182 0
4182 4181 4281 0
2194 2094 2193 0
2094 2093 2193 0
2193 2293 2194 0
2093 2192 2193 0
2193 2292 2293 0
2193 2192 2292 0
1004 1003 1104 0
1104 1105 1004 0
1006 906 905 0
804 904 905 0
906 805 905 0
905 805 804 0
2397 2398 2298 0
2298 2297 2397 0
2397 2497 2398 0
2496 2497 2397 0
2197 2297 2198 0
2198 2098 2197 0
2098 2097 2197 0
2395 2495 2396 0
2495 2496 2396 0
2496 2397 2396 0
2396 2397 2297 0
1892 1992 1893 0
1893 1793 1892 0
1793 1792 1892 0
2191 2092 2091 0
2092 1992 2091 0
2091 2190 2191 0
2091 2090 2190 0
2881 2880 2980 0
2980 2981 2881 0
2781 2880 2881 0
2881 2782 2781 0
2982 2981 3081 0
3081 3082 2982 0
3181 3082 3081 0
3081 2981 3080 0
3080 3180 3081 0
3081 3180 3181 0
3890 3791 3790 0
3790 3690 3789 0
3791 3691 3790 0
3691 3690 3790 0
3889 3989 3890 0
3890 3790 3889 0
3889 3790 3789 0
3889 3789 3888 0
3889 3888 3988 0
3988 3989 3889 0
4484 4384 4483 0
4484 4583 4584 0
4484 4483 4583 0
4584 4485 4484 0
4484 4485 4385 0
4385 4384 4484 0
292 390 391 0
391 293 292 0
292 291 390 0
294 195 293 0
95 94 192 0
92 189 190 0
190 189 288 0
93 191 94 0
92 190 93 0
93 190 191 0
288 387 289 0
289 190 288 0
191 190 289 0
282 183 281 0
184 183 282 0
282 283 184 0
281 380 282 0
84 183 85 0
85 183 184 0
184 86 85 0
186 88 87 0
479 579 480 0
480 380 479 0
480 579 580 0
580 481 480 0
382 480 481 0
386 387 288 0
483 582 583 0
483 482 582 0
979 1079 980 0
979 879 978 0
979 980 880 0
880 879 979 0
1078 978 1077 0
1178 1079 1078 0
1078 979 978 0
1079 979 1078 0
1077 1177 1078 0
1177 1178 1078 0
1494 1495 1395 0
1395 1394 1494 0
1395 1495 1396 0
1295 1394 1395 0
1396 1296 1395 0
1395 1296 1295 0
996 896 995 0
995 994 1094 0
895 994 995 0
995 896 895 0
1094 1095 995 0
1095 996 995 0
590 492 491 0
491 589 590 0
490 589 491 0
591 590 689 0
689 690 591 0
689 589 688 0
590 589 689 0
789 690 689 0
1290 1190 1289 0
1190 1189 1289 0
1289 1389 1290 0
1289 1189 1288 0
1388 1389 1289 0
1289 1288 1388 0
1285 1286 1186 0
1186 1185 1285 0
1285 1385 1286 0
1285 1185 1284 0
1384 1385 1285 0
1285 1284 1384 0
687 588 587 0
587 686 687 0
688 588 687 0
687 686 786 0
687 787 688 0
687 786 787 0
685 686 586 0
685 585 684 0
586 585 685 0
684 784 685 0
685 785 686 0
784 785 685 0
783 784 684 0
684 683 783 0
884 784 883 0
882 982 883 0
883 783 882 0
784 783 883 0
883 982 983 0
983 884 883 0
2089 1990 1989 0
2089 2090 1990 0
2189 2090 2089 0
2089 1989 2088 0
2089 2188 2189 0
2088 2188 2089 0
2824 2724 2723 0
2723 2823 2824 0
2723 2724 2623 0
2722 2823 2723 0
2723 2623 2622 0
2622 2722 2723 0
2318 2218 2217 0
2217 2317 2318 0
2217 2218 2117 0
2216 2317 2217 0
2117 2116 2217 0
2217 2116 2216 0
3112 3111 3212 0
3113 3012 3112 0
3112 3012 3011 0
3011 3111 3112 0
3213 3113 3112 0
3112 3212 3213 0
3505 3405 3404 0
3404 3504 3505 0
3404 3405 3304 0
3403 3504 3404 0
3404 3303 3403 0
3404 3304 3303 0
910 1010 1011 0
1011 1012 911 0
911 910 1011 0
1011 1112 1012 0
1111 1112 1011 0
1011 1010 1111 0
1909 2010 1910 0
1809 1909 1910 0
1910 1810 1809 0
1911 1810 1910 0
1910 2011 1911 0
1910 2010 2011 0
931 831 830 0
830 930 931 0
932 831 931 0
931 930 1031 0
1031 1032 931 0
1032 932 931 0
1029 1030 929 0
1030 930 929 0
928 1029 929 0
929 930 829 0
929 828 928 0
829 828 929 0
327 427 428 0
429 328 428 0
328 327 428 0
529 429 428 0
428 528 529 0
428 427 528 0
726 826 827 0
827 727 726 0
726 725 826 0
726 727 626 0
324 425 325 0
325 223 324 0
214 215 113 0
214 213 315 0
315 316 214 0
316 215 214 0
8 111 9 0
110 111 8 0
8 7 110 0
114 215 216 0
216 115 114 0
216 217 115 0
216 215 317 0
317 318 216 0
318 217 216 0
414 415 313 0
313 312 414 0
817 716 816 0
817 918 818 0
917 918 817 0
817 816 917 0
816 716 715 0
715 714 815 0
815 816 715 0
715 716 615 0
818 819 718 0
819 719 718 0
1120 1119 1220 0
1119 1219 1220 0
1220 1219 1320 0
1221 1120 1220 0
1220 1321 1221 0
1220 1320 1321 0
3771 3870 3871 0
3871 3971 3872 0
3970 3971 3871 0
3871 3870 3970 0
3872 3772 3871 0
3871 3772 3771 0
4070 4170 4071 0
4071 3971 4070 0
4070 3971 3970 0
3970 4069 4070 0
4169 4170 4070 0
4070 4069 4169 0
2962 2862 2961 0
2961 3061 2962 0
2961 2960 3060 0
3060 3061 2961 0
2572 2672 2573 0
2472 2571 2572 0
2572 2571 2671 0
2671 2672 2572 0
2573 2574 2474 0
2474 2574 2475 0
2474 2375 2374 0
2475 2375 2474 0
2873 2773 2872 0
2872 2972 2873 0
2873 2972 2973 0
2873 2973 2874 0
2872 2773 2772 0
2772 2672 2771 0
2771 2871 2772 0
2772 2871 2872 0
2573 2672 2673 0
2673 2574 2573 0
2672 2772 2673 0
2673 2772 2773 0
2774 2873 2874 0
2773 2873 2774 0
2874 2775 2774 0
2774 2775 2675 0
24 23 125 0
125 126 24 0
125 23 124 0
124 226 125 0
228 126 227 0
227 328 228 0
227 125 226 0
126 125 227 0
227 327 328 0
227 226 327 0
123 122 224 0
122 223 224 0
223 325 224 0
224 325 326 0
2241 2140 2240 0
2241 2141 2140 0
2240 2341 2241 0
2242 2141 2241 0
2241 2342 2242 0
2241 2341 2342 0
1250 1249 1350 0
1149 1150 1049 0
1049 1048 1149 0
1149 1250 1150 0
1249 1250 1149 0
1247 1348 1248 0
1248 1147 1247 0
1248 1348 1349 0
1349 1249 1248 0
2040 2041 1940 0
2140 2141 2040 0
2040 2141 2041 0
1938 2038 2039 0
2038 2139 2039 0
2039 2139 2140 0
2140 2040 2039 0
469 369 468 0
468 568 469 0
468 369 368 0
368 467 468 0
567 568 468 0
468 467 567 0
561 660 661 0
662 562 661 0
661 562 561 0
661 761 662 0
661 660 760 0
760 761 661 0
860 761 760 0
860 760 859 0
859 959 860 0
860 959 960 0
862 962 863 0
862 863 763 0
961 962 862 0
1063 963 1062 0
963 962 1062 0
1259 1260 1160 0
1160 1159 1259 0
1060 1159 1160 0
39 38 139 0
139 140 39 0
139 38 138 0
240 140 139 0
139 239 240 0
139 138 239 0
1346 1446 1447 0
1447 1347 1346 0
1447 1446 1547 0
1448 1347 1447 0
1547 1548 1447 0
1447 1548 1448 0
479 379 478 0
478 477 577 0
478 379 378 0
378 477 478 0
478 578 479 0
478 577 578 0
180 81 179 0
179 278 180 0
179 81 80 0
179 80 178 0
178 277 179 0
179 277 278 0
3 106 4 0
107 108 5 0
209 108 107 0
5 4 107 0
107 4 106 0
208 209 107 0
107 106 208 0
512 511 612 0
410 512 411 0
511 512 410 0
207 308 309 0
309 208 207 0
309 310 208 0
308 410 309 0
411 310 309 0
309 410 411 0
104 2 1 0
1 103 104 0
103 206 104 0
104 206 207 0
3 2 105 0
207 106 105 0
105 106 3 0
105 104 207 0
2 104 105 0
1403 1503 1504 0
1504 1404 1403 0
1403 1404 1303 0
1402 1503 1403 0
1403 1302 1402 0
1403 1303 1302 0
3226 3126 3125 0
3125 3225 3226 0
3226 3225 3326 0
3227 3126 3226 0
3326 3327 3226 0
3327 3227 3226 0
415 414 516 0
1023 1022 1123 0
1124 1023 1123 0
1123 1223 1224 0
1224 1124 1123 0
902 1003 903 0
1003 1004 903 0
903 1004 904 0
903 802 902 0
803 802 903 0
903 904 803 0
1005 1105 1106 0
1005 1004 1105 0
1005 1106 1006 0
904 1004 1005 0
1006 905 1005 0
1005 905 904 0
2296 2295 2395 0
2395 2396 2296 0
2297 2197 2296 0
2296 2396 2297 0
1792 1791 1891 0
1891 1892 1792 0
1891 1791 1890 0
1890 1990 1891 0
2882 2981 2982 0
2882 2881 2981 0
2782 2881 2882 0
2882 2982 2883 0
2883 2783 2882 0
2783 2782 2882 0
3688 3589 3588 0
3488 3587 3588 0
3588 3587 3687 0
3687 3688 3588 0
3489 3389 3488 0
3488 3588 3489 0
3489 3588 3589 0
3390 3389 3489 0
3689 3589 3688 0
3788 3789 3689 0
3689 3688 3788 0
3789 3690 3689 0
3689 3690 3590 0
3590 3589 3689 0
91 189 92 0
187 88 186 0
97 195 98 0
293 195 194 0
194 292 293 0
194 97 96 0
195 97 194 0
100 99 197 0
197 198 100 0
295 198 197 0
197 294 295 0
196 99 98 0
98 195 196 0
195 294 196 0
196 197 99 0
294 197 196 0
392 293 391 0
392 294 293 0
391 490 392 0
490 491 392 0
388 289 387 0
388 487 389 0
486 487 388 0
388 387 486 0
186 87 185 0
184 283 185 0
185 87 86 0
185 86 184 0
383 481 482 0
383 382 481 0
380 480 381 0
480 382 381 0
381 282 380 0
283 282 381 0
381 382 283 0
288 189 287 0
287 386 288 0
287 286 385 0
385 386 287 0
486 387 485 0
387 386 485 0
485 584 486 0
688 787 788 0
788 689 688 0
789 689 788 0
787 887 788 0
888 789 788 0
788 887 888 0
781 881 782 0
782 783 683 0
782 881 882 0
882 783 782 0
782 683 682 0
682 781 782 0
624 524 523 0
523 623 624 0
826 725 825 0
825 824 925 0
825 925 926 0
926 826 825 0
724 723 824 0
824 825 724 0
724 825 725 0
724 623 723 0
724 624 623 0
725 624 724 0
426 325 425 0
527 427 426 0
426 427 326 0
326 325 426 0
426 526 527 0
426 425 526 0
10 9 112 0
112 9 111 0
112 113 10 0
112 214 113 0
112 111 213 0
213 214 112 0
211 110 109 0
109 110 7 0
212 110 211 0
212 314 213 0
213 111 212 0
111 110 212 0
212 211 313 0
313 314 212 0
5 108 6 0
6 109 7 0
108 109 6 0
210 108 209 0
210 312 211 0
211 109 210 0
210 109 108 0
311 312 210 0
210 209 311 0
413 414 312 0
413 312 311 0
311 412 413 0
714 715 614 0
614 715 615 0
818 718 717 0
717 817 818 0
716 817 717 0
717 616 716 0
2861 2961 2862 0
2861 2762 2761 0
2861 2862 2762 0
2861 2761 2860 0
2860 2960 2861 0
2960 2961 2861 0
2573 2474 2473 0
2473 2373 2472 0
2374 2373 2473 0
2473 2474 2374 0
2472 2572 2473 0
2473 2572 2573 0
2674 2673 2773 0
2773 2774 2674 0
2574 2673 2674 0
2674 2774 2675 0
2675 2575 2674 0
2575 2574 2674 0
124 123 225 0
123 224 225 0
225 226 124 0
326 226 225 0
225 224 326 0
1249 1149 1148 0
1148 1248 1249 0
1148 1149 1048 0
1147 1248 1148 0
1047 1147 1148 0
1148 1048 1047 0
1938 2039 1939 0
1838 1938 1939 0
1939 1839 1838 0
1940 1839 1939 0
1939 2040 1940 0
1939 2039 2040 0
762 862 763 0
662 761 762 0
762 663 662 0
763 663 762 0
761 860 861 0
861 762 761 0
862 762 861 0
961 862 861 0
960 961 861 0
861 860 960 0
1162 1163 1063 0
1063 1062 1162 0
1162 1262 1163 0
513 412 411 0
411 512 513 0
510 511 409 0
511 410 409 0
409 408 510 0
409 410 308 0
409 307 408 0
409 308 307 0
517 416 415 0
415 516 517 0
417 416 517 0
517 518 417 0
617 516 616 0
616 717 617 0
617 717 718 0
617 517 516 0
1122 1222 1223 0
1223 1123 1122 0
1122 1123 1022 0
1122 1121 1222 0
1122 1021 1121 0
1122 1022 1021 0
2196 2296 2197 0
2196 2097 2096 0
2196 2197 2097 0
2096 2195 2196 0
2195 2295 2196 0
2295 2296 2196 0
1991 1891 1990 0
1990 2090 1991 0
2090 2091 1991 0
1991 2091 1992 0
1992 1892 1991 0
1892 1891 1991 0
3390 3489 3490 0
3490 3590 3491 0
3490 3589 3590 0
3490 3489 3589 0
3491 3391 3490 0
3391 3390 3490 0
88 187 89 0
188 91 90 0
189 91 188 0
188 187 286 0
90 89 188 0
188 89 187 0
188 287 189 0
286 287 188 0
96 95 193 0
193 194 96 0
192 291 193 0
193 95 192 0
291 292 193 0
292 194 193 0
295 294 393 0
294 392 393 0
394 295 393 0
393 492 394 0
393 491 492 0
393 392 491 0
389 291 290 0
290 388 389 0
289 388 290 0
290 291 192 0
192 191 290 0
191 289 290 0
482 483 384 0
384 383 482 0
384 483 385 0
385 286 384 0
283 382 284 0
382 383 284 0
186 185 284 0
284 185 283 0
484 483 583 0
583 584 484 0
584 485 484 0
385 483 484 0
484 386 385 0
484 485 386 0
725 726 625 0
625 624 725 0
625 726 626 0
524 624 625 0
626 525 625 0
625 525 524 0
414 413 515 0
615 616 515 0
616 516 515 0
515 516 414 0
613 512 612 0
714 614 613 0
613 513 512 0
614 513 613 0
612 713 613 0
713 714 613 0
1161 1162 1062 0
1161 1160 1260 0
517 617 618 0
619 518 618 0
518 517 618 0
618 719 619 0
618 718 719 0
618 617 718 0
383 384 285 0
285 284 383 0
285 384 286 0
286 187 285 0
285 187 186 0
186 284 285 0
615 515 514 0
514 614 615 0
514 513 614 0
514 515 413 0
514 413 412 0
412 513 514 0
1060 1160 1061 0
1160 1161 1061 0
961 1060 1061 0
1061 1161 1062 0
1061 962 961 0
1061 1062 962 0
1262 1162 1261 0
1162 1161 1261 0
1361 1262 1261 0
1261 1161 1260 0
1360 1361 1261 0
1261 1260 1360 0
4600 4700 4601 0
4601 4501 4600 0
4601 4700 4800 0
4800 4701 4601 0
3701 3601 3700 0
3700 3800 3701 0
4850 4951 4851 0
4950 4951 4850 0
950 951 851 0
950 851 850 0
850 851 750 0
750 851 751 0
4500 4301 4400 0
4401 4301 4500 0
4500 4600 4501 0
4500 4501 4401 0
4400 4301 4300 0
4300 4301 4201 0
4300 4201 4101 0
4101 4200 4300 0
2700 2800 2701 0
2701 2601 2700 0
2700 2601 2501 0
2501 2600 2700 0
3201 3300 3400 0
3400 3301 3201 0
3401 3301 3400 0
3400 3500 3401 0
3600 3700 3601 0
3600 3601 3501 0
3401 3500 3600 0
3600 3501 3401 0
2401 2301 2500 0
2500 2301 2400 0
2500 2600 2501 0
2501 2401 2500 0
1901 1801 1900 0
1900 2000 1901 0
1900 1801 1701 0
1701 1800 1900 0
1501 1401 1600 0
1600 1401 1500 0
4751 4850 4851 0
4750 4850 4751 0
4650 4750 4751 0
4751 4651 4650 0
4351 4350 4450 0
4450 4451 4351 0
4551 4451 4450 0
4450 4550 4551 0
4650 4651 4551 0
4551 4550 4650 0
150 51 50 0
151 51 150 0
1000 1100 1001 0
901 1000 1001 0
4900 5000 4901 0
4901 4801 4900 0
4701 4800 4900 0
4801 4701 4900 0
2201 2200 2300 0
2101 2200 2201 0
2400 2301 2201 0
2201 2300 2400 0
1901 2000 2100 0
2100 2001 1901 0
2100 2200 2101 0
2101 2001 2100 0
800 701 601 0
800 601 700 0
1700 1800 1701 0
1701 1601 1700 0
1501 1600 1700 0
1700 1601 1501 0
1500 1401 1400 0
1400 1401 1301 0
700 601 600 0
600 601 501 0
1 100 200 0
200 101 1 0
201 101 200 0
200 300 201 0
4350 4351 4250 0
4351 4251 4250 0
4151 4150 4250 0
4250 4251 4151 0
4001 4200 4101 0
4100 4200 4001 0
4001 4000 4100 0
4001 3901 4000 0
3701 3800 3801 0
3800 3900 3801 0
4000 3901 3801 0
3900 4000 3801 0
2850 2851 2751 0
2850 2751 2750 0
2851 2850 2951 0
2951 2850 2950 0
2750 2751 2651 0
2651 2650 2750 0
2651 2551 2550 0
2550 2650 2651 0
2251 2151 2150 0
2150 2250 2251 0
2051 2050 2150 0
2150 2151 2051 0
2550 2551 2451 0
2451 2450 2550 0
1951 2050 2051 0
1950 2050 1951 0
1951 1850 1950 0
1851 1850 1951 0
650 750 751 0
751 651 650 0
3200 3300 3201 0
3200 3201 3101 0
2701 2800 2900 0
2801 2701 2900 0
2900 2901 2801 0
2900 3000 2901 0
900 1000 901 0
901 801 900 0
701 800 900 0
900 801 701 0
1200 1001 1100 0
1101 1001 1200 0
3750 3851 3751 0
3850 3851 3750 0
3751 3651 3750 0
3750 3651 3650 0
3650 3651 3550 0
3550 3651 3551 0
3551 3451 3550 0
3451 3450 3550 0
3350 3450 3451 0
3350 3451 3351 0
3950 3851 3850 0
3951 3851 3950 0
4051 4150 4151 0
4051 4050 4150 0
3951 3950 4051 0
4051 3950 4050 0
201 300 301 0
300 400 301 0
401 600 501 0
500 600 401 0
401 301 400 0
401 400 500 0
951 950 1050 0
1051 951 1050 0
3050 3150 3051 0
3051 3150 3151 0
3051 2951 2950 0
2950 3050 3051 0
2251 2250 2351 0
2351 2250 2350 0
2450 2451 2351 0
2350 2450 2351 0
1750 1850 1851 0
1851 1751 1750 0
550 650 651 0
651 551 550 0
1201 1400 1301 0
1300 1400 1201 0
1101 1200 1201 0
1201 1200 1300 0
2901 3000 3100 0
3001 2901 3100 0
3100 3200 3101 0
3101 3001 3100 0
1451 1450 1550 0
1451 1550 1551 0
1451 1351 1350 0
1350 1450 1451 0
1051 1050 1150 0
1150 1151 1051 0
3250 3350 3351 0
3351 3251 3250 0
3151 3150 3250 0
3250 3251 3151 0
1551 1550 1650 0
1651 1551 1650 0
1650 1750 1751 0
1650 1751 1651 0
250 350 351 0
351 251 250 0
151 150 250 0
250 251 151 0
450 550 551 0
551 451 450 0
351 350 450 0
450 451 351 0
1350 1351 1250 0
1250 1351 1251 0
1151 1150 1250 0
1251 1151 1250 0
89 87 88 0
89 45 46 0
89 55 56 0
56 57 89 0
89 60 61 0
46 47 89 0
79 80 89 0
65 66 89 0
89 52 53 0
89 57 58 0
61 62 89 0
50 51 89 0
89 64 65 0
89 100 1 0
89 33 34 0
89 19 20 0
89 4 5 0
20 21 89 0
53 54 89 0
58 59 89 0
34 35 89 0
89 23 24 0
43 44 89 0
16 17 89 0
89 15 16 0
54 55 89 0
41 42 89 0
59 60 89 0
89 49 50 0
89 68 69 0
89 27 28 0
28 29 89 0
89 47 48 0
44 45 89 0
89 42 43 0
51 52 89 0
48 49 89 0
63 64 89 0
89 72 73 0
69 70 89 0
89 81 82 0
89 40 41 0
89 11 12 0
89 30 31 0
18 19 89 0
89 17 18 0
89 36 37 0
31 32 89 0
89 62 63 0
71 72 89 0
89 70 71 0
73 74 89 0
89 83 84 0
92 93 89 0
89 95 96 0
26 27 89 0
24 25 89 0
89 7 8 0
12 13 89 0
89 35 36 0
32 33 89 0
37 38 89 0
89 67 68 0
89 75 76 0
89 91 92 0
1 2 89 0
29 30 89 0
89 25 26 0
22 23 89 0
89 21 22 0
14 15 89 0
39 40 89 0
89 74 75 0
76 77 89 0
89 78 79 0
8 9 89 0
82 83 89 0
89 99 100 0
84 85 89 0
10 11 89 0
96 97 89 0
89 13 14 0
89 38 39 0
66 67 89 0
77 78 89 0
80 81 89 0
89 2 3 0
5 6 89 0
98 99 89 0
94 95 89 0
89 93 94 0
89 85 86 0
86 87 89 0
89 9 10 0
3 4 89 0
90 91 89 0
89 97 98 0
89 6 7 0
